SnapshotUTC,Season,Week,LeagueID,LeagueName,RosterID,Starters,Players
20261006T1701Z,2026,5,1331775206619885568,NCAA BIG EAST & CO.,1,1166|7611|8138|5947|4983|10232|8172|8112|8144|12185|CLE,7922|12515|12738|13324|12185|11435|9492|8172|13305|8144|12471|3202|11562|8161|7611|12483|11624|8112|CAR|4983|6219|13286|CLE|12496|11596|13311|9511|4988|5947|12509|11261|1339|1166|10232|12491|1373|12529|13421|11647|8138
20261006T1701Z,2026,5,1331775206619885568,NCAA BIG EAST & CO.,2,9228|12527|11584|12499|6271|13301|12517|11576|4035|3451|DEN,13333|8210|12510|6149|9502|DEN|4035|3451|2020|12412|13402|4144|11729|3161|8123|MIA|13726|13010|13281|13413|2306|12499|5848|8917|5133|12527|6271|3321|8225|11576|9228|4892|NYJ|1737|11237|8205|7066|13079|13270|12517|13301|11584
20261006T1701Z,2026,5,1331775206619885568,NCAA BIG EAST & CO.,3,11566|7594|8132|6786|8167|9756|5022|5012|5001|10955|HOU,KC|11575|9756|12658|5001|11566|13491|9505|13317|5086|12670|12711|3200|7594|13274|11625|TEN|12713|5012|12498|12469|9508|10223|9481|12634|12541|12531|12511|12530|5022|9479|8132|11597|8167|4881|8259|10955|13400|829|8134|11636|HOU|11579|9504|5038|6786
20261006T1701Z,2026,5,1331775206619885568,NCAA BIG EAST & CO.,4,3163|4866|5892|9488|10229|5872|5844|6790|12533|2747|SEA,11564|6806|11640|13289|2747|11783|11569|7528|13345|6039|11377|12547|11603|10218|5892|11631|13533|7543|7567|3678|13405|3163|12457|JAX|10229|13285|12533|4866|12540|12523|7596|5872|11618|6797|SEA|3634|6790|5844|9488|13282|11557|7828|8698
20261006T1701Z,2026,5,1331775206619885568,NCAA BIG EAST & CO.,5,6804|9224|12490|11620|11610|9487|11604|9493|12534|11539|NO,7002|13298|13602|11604|13306|11539|5970|650|13288|9224|11626|8121|DET|9225|12497|12534|12526|12536|11653|NO|12490|LAR|12641|4981|9493|12543|13296|13272|9506|9486|5906|8147|6804|11620|8154|12961|5870|11610|12542|13302|9487
20261006T1701Z,2026,5,1331775206619885568,NCAA BIG EAST & CO.,6,6770|6813|12512|7564|8146|8137|7600|11834|7569|11533|MIN,MIN|6813|13338|11256|4017|2307|10871|11834|11199|7600|4018|11623|11583|12512|7090|10214|6770|4177|9494|10225|11565|5967|5119|TB|10226|4040|4233|8146|7694|8137|7569|11651|13349|7564|4082|4666|13380|8111|10222|19|11533
20261006T1701Z,2026,5,1331775206619885568,NCAA BIG EAST & CO.,7,3294|9509|9221|7547|2133|6801|9484|11632|4199|7042|NYG,6865|6828|6819|5095|7042|8127|9497|NYG|6794|13477|4950|4199|11058|7547|2078|9221|12715|11632|9509|9226|12473|13392|12508|10213|8160|11586|WAS|9484|3271|2133|6801|8125|8110|13833|IND|13347|6904|7049|3294|5854|7553|11439|13600
20261006T1701Z,2026,5,1331775206619885568,NCAA BIG EAST & CO.,8,7523|4034|4147|11635|8148|12501|12518|1466|13294|6650|BUF,12501|13294|1466|4972|8122|6803|12467|12503|6011|BUF|13348|4454|11570|4147|8129|7891|12539|13545|1479|8148|7610|4039|11994|7523|7591|4034|13417|13423|12504|11630|12518|6650|96|11608|7496|PIT|11635|8136|NE
20261006T1701Z,2026,5,1331775206619885568,NCAA BIG EAST & CO.,9,12545|8151|12481|9997|5927|13279|8130|10859|9754|6528|BAL,4033|9482|8168|6528|6853|8126|9997|9754|11600|12521|7670|9757|12481|5927|7571|12502|13337|12492|8151|13420|9229|4993|13279|5917|8142|8130|13401|11638|12385|4137|12545|10859|8117|7587|11592|6768|13268|BAL|8119|5995|421
20261006T1701Z,2026,5,1331775206619885568,NCAA BIG EAST & CO.,10,11560|3198|7588|7525|4037|12484|12506|7021|12493|11792|CHI,7588|12485|7527|9758|11560|13278|CHI|13293|12506|12544|9230|12484|12520|5857|11646|7757|11563|11581|11786|1945|7525|11627|12495|11792|13353|11577|12522|3198|13424|12482|8208|7021|13330|12455|8180|ARI|4037|9998|11571|12493|11616
20261006T1701Z,2026,5,1331775206619885568,NCAA BIG EAST & CO.,11,4046|12507|13287|12519|7526|2216|9480|5846|11628|4227|LV,5846|12015|9753|11034|2505|10235|CIN|4098|5008|12500|11637|SF|PHI|5189|2449|6826|13269|13275|11628|4217|GB|13287|11559|11655|13414|8254|2216|13603|12487|9480|4219|12519|11633|7839|LV|3286|4046|10867|6130|7526|4227|4943|12507|6783
20261006T1701Z,2026,5,1331775206619885568,NCAA BIG EAST & CO.,12,4984|8228|8150|9500|12514|13346|10236|12489|8131|4195|LAC,12505|8188|8155|5849|11643|5850|3257|13319|8800|5045|13346|9500|4984|8228|8150|13411|12472|13425|13276|10236|13320|8183|10219|ATL|8676|4066|3214|12048|5859|13968|12489|LAC|12474|4195|8408|DAL|12514|9501|12524|8131|11589|6083|12535|11370
20261006T1701Z,2026,5,1331775170712444928,NCAA SEC,1,6904|4866|12472|11646|9487|5846|9480|5947|8134|3451|BUF,5846|5849|13435|11256|5095|10871|3451|5045|13293|13345|TEN|5857|3161|PHI|BUF|11646|12472|4950|12497|13150|6826|9481|12531|11994|5848|11627|9494|8917|13414|4866|12496|7562|8208|5947|9480|12455|11608|6904|6130|8134|HOU|11157|8698|7553|9487
20261006T1701Z,2026,5,1331775170712444928,NCAA SEC,2,4984|4034|7567|5872|8146|7526|12517|2133|12495|3678|TB,9502|4972|9482|3200|4098|13346|650|4984|6794|5089|9225|4995|MIA|8159|7567|3678|12536|4147|13275|7090|10444|4177|12495|13300|4066|3214|4034|TB|12523|8146|13292|4988|4137|4892|5872|2133|8117|LV|3286|8110|7561|7526|12517|7593
20261006T1701Z,2026,5,1331775170712444928,NCAA SEC,3,4881|12534|11576|8112|12499|9997|12518|12506|8154|4227|SEA,11599|9758|11569|4035|12506|8172|9997|5010|13288|13404|11626|7670|4454|5189|12534|8129|12499|8112|12511|4993|13353|2309|5859|CLE|4981|11576|12518|4219|4881|6797|SEA|8154|4227
20261006T1701Z,2026,5,1331775170712444928,NCAA SEC,4,4046|3198|12527|6786|5927|4983|4217|8150|7611|11533|PIT,KC|13298|13289|5086|12670|13319|7042|12711|8200|9492|6039|SF|11199|8123|8150|7611|5927|13337|8183|11628|4217|12483|JAX|4983|12527|6920|8676|12641|3198|7535|13401|4040|12474|WAS|7021|8180|9501|7839|4046|11592|PIT|7601|5844|7608|4943|5995|3294|6786|11533
20261006T1701Z,2026,5,1331775170712444928,NCAA SEC,5,11563|8138|9224|2216|8126|8188|5012|12512|4199|2747|ARI,8188|6828|6427|4029|5001|1426|2505|6149|2747|6528|8126|12713|5012|9224|13348|12498|4199|12469|11563|12512|13320|12539|GB|4039|6869|7591|6847|2216|6185|3321|8206|4663|3271|11651|13330|8145|12545|10937|ARI|1166|13380|8138
20261006T1701Z,2026,5,1331775170712444928,NCAA SEC,6,3163|6813|5892|7564|7547|10229|1466|8144|10232|11539|BAL,6813|8210|1466|11539|CIN|7594|7602|8144|12467|9754|12547|11623|7571|8219|5892|11058|7547|7610|3163|7525|11559|9226|10229|11792|13285|13356|8132|4195|12514|11618|13349|7564|10232|13347|BAL|8111|829
20261006T1701Z,2026,5,1331775170712444928,NCAA SEC,7,6770|13287|6790|13317|11625|13264|10859|8155|8131|1945|ATL,8155|6960|13338|13317|12510|8139|8162|7528|8127|13274|11625|11600|6011|11729|8161|13533|1479|11624|6770|7039|12457|1945|13946|13287|ATL|13307|LAC|12504|13272|13264|827|10859|8125|8131|8259|7066|8147|12491|6790|12535|7585|11616
20261006T1701Z,2026,5,1331775170712444928,NCAA SEC,8,11564|9221|12490|9500|9493|2449|11604|11610|3634|11786|MIN,MIN|11564|4033|12185|11604|8168|6803|9500|4018|10218|12502|7543|2449|12526|13413|13420|13545|13394|11786|NO|9221|12490|10219|11565|13286|13417|9493|13424|8135|13296|9506|11237|8205|3634|6804|6768|13268|11647|11610|8136|13301|5854|11629|9504|6783
20261006T1701Z,2026,5,1331775170712444928,NCAA SEC,9,13425|12481|11575|11635|13411|10213|9484|12493|6865|12961|DEN,6865|11575|13324|13322|13770|2307|DEN|13434|11560|11834|12544|13477|12520|13411|12481|13425|11583|13303|13281|12541|2306|12530|11655|7523|10213|9479|10226|13968|13335|13423|13299|9484|12487|11261|5906|13833|11635|12961|13421|11571|NE|7828|12493|13302
20261006T1701Z,2026,5,1331775170712444928,NCAA SEC,10,12508|9509|8151|11620|8167|11631|8130|7588|12529|12015|NYJ,7588|12485|9756|11643|12015|7527|3257|11783|13278|8800|12503|NYG|12484|12521|8121|11603|11631|11581|12718|10236|8151|13269|11653|9229|13355|9509|13403|LAR|12508|8130|12048|5967|12543|9228|11638|8167|6650|NYJ|4037|11620|12529|13079|11370|11557|11579
20261006T1701Z,2026,5,1331775170712444928,NCAA SEC,11,12522|11586|11584|8137|11632|9486|11597|12533|8228|2020|DET,12501|12505|7922|6819|5850|1433|4017|11435|2020|13402|9497|4144|12471|11637|8228|DET|13276|12492|13405|1264|11632|13279|6271|12533|8142|12540|8143|12522|12482|12489|8225|11586|9511|11597|7694|8137|12509|9486|IND|1373|5870|11584
20261006T1701Z,2026,5,1331775170712444928,NCAA SEC,12,11566|12507|6806|9488|7569|6801|5022|12519|8148|5272|DAL,13294|6806|7716|7002|11566|9753|CHI|13305|6136|11562|7600|9757|13357|9508|5272|2078|8148|12476|5133|CAR|5022|17|6945|11577|6694|11596|13311|11630|8408|DAL|7569|7607|96|12519|6801|7587|12524|11589|9998|9488|10222|7049|8119|421|12507
20261006T1701Z,2026,5,1331775106527006720,NCAA PAC 12,1,11559|12481|13287|11637|12536|9486|12517|12506|7600|2747|CHI,13541|11575|11643|2747|11560|2020|13402|CHI|13345|12506|TEN|11600|11377|13477|13408|11637|7600|12547|12481|13533|12536|13419|10444|13429|13287|4993|11559|11655|12495|13392|11617|13264|11618|9486|LV|13079|12517
20261006T1701Z,2026,5,1331775106527006720,NCAA PAC 12,2,6904|8151|12507|9488|8112|12519|8110|3214|12529|4195|NO,6806|6149|13293|12471|6794|12500|11626|7670|11623|7543|11058|8151|2306|NO|3163|8112|12457|8676|3214|13353|8258|CLE|12540|8160|4981|11597|4195|12509|9506|12519|8110|8205|6904|12529|9488|11145|12507
20261006T1701Z,2026,5,1331775106527006720,NCAA PAC 12,3,3294|7594|11586|9487|12501|7569|10236|5872|11635|12711|PIT,12501|13317|12670|DEN|4972|9758|13319|12711|7594|11625|12521|12472|12469|13276|13281|8129|10236|13269|12483|12499|7039|12511|9494|11577|11596|13424|11586|11630|7021|7569|5872|8125|3286|ARI|11589|6804|PIT|13347|11635|10955|12961|13421|3294|12493|9487
20261006T1701Z,2026,5,1331775106527006720,NCAA PAC 12,4,12545|9509|12527|7525|11620|11631|11604|8130|8138|11792|NE,6828|11604|13289|13306|4464|4144|13288|13404|11562|3161|PHI|11603|11631|9508|7567|12526|12492|13405|13275|11786|9229|7525|9509|10229|ATL|12470|12527|11792|7523|8130|13968|13311|4137|12545|1166|13833|11592|11620|13282|8138|NE|19
20261006T1701Z,2026,5,1331775106527006720,NCAA PAC 12,5,96|8150|7588|9493|5927|4983|4217|3634|13298|11539|LAR,7588|13298|13324|5086|11539|3451|7559|6853|6039|9754|10212|8150|6931|5927|7571|11583|13337|2078|12541|4217|4039|12476|6869|3868|13403|LAR|4983|13285|11565|12048|TB|9493|8132|7562|12504|8225|13272|4892|96|3634|13270|10222|7828
20261006T1701Z,2026,5,1331775106527006720,NCAA PAC 12,6,4881|4866|3198|5045|9756|8137|10859|2505|4199|1945|BUF,9756|13338|7527|9753|2505|5970|3257|10235|1379|5045|6803|650|12503|NYG|3202|6011|8161|BUF|13348|13411|12498|4199|12718|11624|1945|5022|5967|4866|12522|3198|8137|11650|11261|13349|4881|10859|9998|8147|7538|6768|13268|13302
20261006T1701Z,2026,5,1331775106527006720,NCAA PAC 12,7,4046|6813|4034|6786|5846|7564|12518|8148|7526|4227|KC,13412|12505|7922|13294|6813|13333|KC|8155|5846|1466|8126|11646|13297|12497|11581|13413|8183|12531|8148|12530|8142|4034|10226|13423|12474|WAS|9511|9228|11651|12518|10937|12455|8117|7564|4046|8131|13342|12535|7526|4227|8119|HOU|7553|6783|6786
20261006T1701Z,2026,5,1331775106527006720,NCAA PAC 12,8,11564|9221|12490|8144|12514|8167|9484|11576|10232|6650|BAL,11564|5849|5001|9482|12544|8144|11199|9757|10218|13726|13303|13320|7090|7610|9221|12490|13279|JAX|8917|13414|CAR|10219|13286|10213|5119|8208|4663|11576|9484|12514|11638|3271|8167|6650|8180|10232|8154|BAL|11647|8134|11629|9504
20261006T1701Z,2026,5,1331775106527006720,NCAA PAC 12,9,11563|11584|12534|13296|13394|13274|7002|13330|5857|7042|CIN,13437|12485|7002|4314|13435|13329|2307|9502|13434|13278|7042|CIN|12467|13274|12484|5857|12486|12534|11563|4147|9481|13545|13394|GB|11627|12901|12849|6271|12641|13417|12482|12489|13296|12487|13330|4443|6797|8259|5906|6130|8136|7049|11584
20261006T1701Z,2026,5,1331775106527006720,NCAA PAC 12,10,421|11571|7611|13420|8121|2133|13299|1479|4454|6083|DAL,8188|MIN|13314|9499|8210|12510|4035|6528|8172|4984|13066|8121|7611|4454|2449|3678|6826|13420|6843|1479|5848|8171|12533|9479|13335|4351|13299|8135|DAL|5947|2133|1737|1339|6083|11571|11610|12542|13418|11636|421
20261006T1701Z,2026,5,1331775106527006720,NCAA PAC 12,11,13425|12512|13305|2216|13301|9501|5012|6819|9480|12185|MIA,6865|6819|4033|12185|5095|4017|11435|8127|9997|13305|5012|SF|8228|11729|4018|9225|4950|MIA|13425|5189|12512|11632|4066|12508|7591|5859|13307|2216|3321|8408|9480|4219|NYJ|9501|11237|6801|SEA|12524|1373|13380|11370|4943|13301|5854|8698
20261006T1701Z,2026,5,1331775106527006720,NCAA PAC 12,12,6770|9224|6790|7547|8146|9500|5844|11834|5892|11533|DET,12015|13322|11566|5850|11256|11783|8162|8800|7528|11834|8122|8168|13346|9500|12713|9224|DET|12502|13150|5892|7547|11628|6770|4177|9226|13277|LAC|12543|8146|7694|827|7839|13557|4037|IND|6790|5844|5870|13400|8111|5995|7585|11533
20261006T1701Z,2026,5,1331774915392577536,NCAA ACC,1,6770|4034|3198|9488|11635|5947|5012|7571|8134|4227|BAL,1426|9227|6012|4435|6853|11621|13305|12467|5012|12520|5857|SF|12486|12547|7571|12502|11563|13276|10223|1264|11628|6770|JAX|4602|5967|4034|3198|3321|9511|4663|5947|1339|5185|11635|6130|12961|BAL|9488|4227|8134|421
20261006T1701Z,2026,5,1331774915392577536,NCAA ACC,2,6797|8150|5892|7526|5846|12501|3271|8121|4199|13545|LAR,12501|5846|13306|13434|7594|8168|650|11625|6011|7600|8121|8150|11603|4018|10218|4199|11306|13150|5892|6826|4147|13269|13545|5848|LAR|11565|12508|10213|9479|4981|TB|12474|11597|3271|4892|10937|6797|7587|8125|7526|11647|7553
20261006T1701Z,2026,5,1331774915392577536,NCAA ACC,3,8183|12527|6790|9500|9486|8112|12518|11586|11604|8259|MIN,13294|MIN|13324|4033|13602|11604|13329|3257|3155|8172|9500|13477|13425|12497|13413|12541|8183|8112|1945|12511|8917|12527|13285|12641|13353|13968|13423|11586|13272|12509|13264|12518|9486|LV|SEA|8205|8259|6790|12535|13268|13282|13270|8136|12542
20261006T1701Z,2026,5,1331774915392577536,NCAA ACC,4,6804|13287|12529|6786|11632|12514|12517|12489|11624|11533|KC,KC|12485|7002|11575|12015|4017|6803|NYG|12713|12484|8161|11631|9508|12492|13303|11581|12718|13405|13420|13394|GB|12483|11624|9229|11632|13287|11559|12495|13414|13277|12496|12489|11630|12514|11638|9480|11237|11592|6804|12529|13380|10222|12517|6786|11533
20261006T1701Z,2026,5,1331774915392577536,NCAA ACC,5,4984|8138|12507|4983|13298|8146|10236|7569|8144|12185|CHI,7922|7716|12889|13298|12185|5970|9758|11783|7042|13402|CHI|4984|8144|TEN|8204|11573|11637|12472|11615|10236|7610|12499|4177|11655|4983|6920|6271|CLE|10226|11596|8208|8146|7569|11618|12524|11608|11806|8119|8138|11636|HOU|8698|12507
20261006T1701Z,2026,5,1331774915392577536,NCAA ACC,6,9228|8151|12534|6801|12519|5872|8130|8110|8676|5095|BUF,12505|6865|5849|5095|11560|10235|4098|12506|11626|BUF|13411|9225|4454|12534|7567|8151|4179|4993|9226|12473|8676|13286|8130|7591|11577|13417|2410|9228|5872|12519|6801|8110|13833|8147|6083|829|11629|6783
20261006T1701Z,2026,5,1331774915392577536,NCAA ACC,7,1166|9224|8228|9756|8180|9493|3214|12493|10859|7839|PIT,8188|6960|9756|13338|11566|7528|11748|3200|8122|13345|9230|6794|9224|12494|8228|13348|5927|11058|11653|11371|7039|CAR|3214|12540|9493|12522|8225|7694|8408|9506|6650|8180|11633|10859|7839|ARI|1166|PIT|6904|13418|5995|11557|12493
20261006T1701Z,2026,5,1331774915392577536,NCAA ACC,8,11564|7588|7611|9997|10232|2216|9484|13346|9487|4195|DAL,7588|11564|6806|2505|12510|2747|11569|13278|9482|13346|9997|12544|13288|9754|7611|9757|DET|13275|12530|7525|12482|2216|11576|9484|8135|13296|4195|DAL|11651|96|9501|11589|10232|1373|5844|13421|5870|NE|9487
20261006T1701Z,2026,5,1331774915392577536,NCAA ACC,9,4881|12533|12512|13279|8126|4039|5001|11610|2449|11786|NO,5001|5850|13317|11256|2307|9502|12711|8126|12503|11600|6136|11562|3161|12498|11646|11583|2449|12512|13320|1479|11786|NO|4039|12476|11627|13279|6268|2374|10219|12533|4351|4040|5973|4881|NYJ|8117|3286|5906|3634|10955|13400|11610|19
20261006T1701Z,2026,5,1331774915392577536,NCAA ACC,10,12545|9509|11584|8137|8148|8167|8131|11571|7049|3678|LAC,8155|12658|9753|13319|13404|4950|12469|13337|13533|7543|3678|12536|13281|9481|12531|8148|9509|9494|5022|7523|8142|12048|8143|13401|8132|LAC|WAS|13311|8137|8167|7607|12545|8131|11571|11370|7049|9504|11616|11584
20261006T1701Z,2026,5,1331774915392577536,NCAA ACC,11,3163|6813|12481|12526|11620|5045|4217|6819|13330|3451|PHI,6828|6813|6819|11643|13289|7527|10871|3451|2020|CIN|5045|13293|4144|11729|PHI|12481|11570|6943|12526|4217|7090|10444|3163|5133|ATL|10225|4066|13424|11650|12487|9999|13330|4137|7496|11620|8154|6768|6820|8111|4943|13301|7585
20261006T1701Z,2026,5,1331774915392577536,NCAA ACC,12,4046|9221|4866|7564|7547|10229|1466|2133|12490|11792|DEN,10216|8210|11588|1466|11539|DEN|11435|4035|8800|11834|6039|11821|13274|12521|11199|MIA|5189|7547|12462|2306|9221|12490|10229|11792|5119|4866|5859|12504|12543|7021|8932|2133|13349|12455|7564|4046|4037|4574|IND|13347|7828|3294|11579|5854|13302
20261006T1701Z,2026,5,1331774880181399552,NCAA BIG 12,1,4984|9224|8150|5859|13279|4037|5012|7611|7021|5230|NE,12738|7002|9753|5230|11783|8122|9492|8168|6803|4984|NYG|5012|9224|8150|7611|11623|MIA|13337|11210|12536|13303|11595|11786|11299|12457|13279|8917|CAR|5937|5859|11617|13401|12474|11586|11630|7021|12487|11633|4037|2197|11571|8111|10228|12542|NE|421|3294
20261006T1701Z,2026,5,1331774880181399552,NCAA BIG 12,2,12522|12481|8154|10229|6801|2133|10236|13294|4137|6650|LAC,13294|6865|13289|5880|1426|2307|12471|11600|12521|11562|8123|BUF|12481|12497|6290|2449|10223|10236|4217|NO|13403|11627|10229|8676|8160|12522|LAC|7694|4195|11650|13272|12509|4137|6650|2133|6801|1166|8154|7561|6130|7585|11629|11616
20261006T1701Z,2026,5,1331774880181399552,NCAA BIG 12,3,6770|8138|11584|12526|11632|11834|7553|12533|2505|8259|CLE,KC|11575|4033|12185|13338|11566|13306|2505|12711|11834|12713|11377|3202|11626|8161|4454|7567|13276|12526|12492|12541|2306|6770|4177|11632|JAX|12533|12508|13353|12048|CLE|13968|13424|3321|9506|7587|11589|8259|5906|7496|5870|8138|13301|7553|11584
20261006T1701Z,2026,5,1331774880181399552,NCAA BIG 12,4,4881|12489|12534|8112|9756|13298|8130|9221|12507|2020|DAL,11599|6806|13333|13298|9756|12510|13329|2020|5045|13345|8172|13477|13348|4950|13533|12534|11581|13405|11653|12483|9221|8112|7525|11559|9494|8130|TB|12489|12543|13311|9511|DAL|4881|12455|LV|6804|13347|10222|13418|12517|12507
20261006T1701Z,2026,5,1331774880181399552,NCAA BIG 12,5,7523|6813|4034|7564|6786|9500|1466|9509|8146|12961|SF,6828|6813|6819|8210|1466|9758|3257|8800|7042|CIN|6528|8126|12544|6039|9500|11625|SF|7600|6826|2078|13545|7610|9509|9226|4983|10219|7523|13416|4034|13417|8146|13349|NYJ|10859|LV|8125|7564|6083|12961|13421|7526|6786
20261006T1701Z,2026,5,1331774880181399552,NCAA BIG 12,6,4046|12495|4199|12514|11610|7571|9484|5967|5001|12015|ARI,12505|5001|12015|7527|5850|4972|13319|13288|11637|6136|6011|11729|12547|DET|4199|7571|3678|13281|8151|7090|12511|12495|5967|5119|11577|8132|9484|12514|5947|7607|9501|ARI|4046|13833|6768|13268|13282|11610|7828
20261006T1701Z,2026,5,1331774880181399552,NCAA BIG 12,7,6904|12490|11576|7569|8167|9488|12518|8121|9997|11792|PIT,8188|12485|13402|9997|12467|11199|8121|13411|9225|11646|5189|7543|13420|13320|12531|12499|11624|1945|12490|LAR|5022|12473|11792|13285|11565|11596|11576|11597|7569|11638|8167|12518|11618|9486|1737|12524|13557|PIT|6904|9488|13270|8136|11557|5854|6783
20261006T1701Z,2026,5,1331774880181399552,NCAA BIG 12,8,3163|3198|6790|5872|7547|10232|13330|12512|11435|10955|SEA,5849|13602|4017|11433|DEN|11435|7528|1379|9754|12484|12520|11603|11583|11058|12718|7547|12634|12512|13275|3163|10214|7039|13414|12470|8142|12641|12540|3198|12482|2216|13296|3271|13330|12545|9480|5872|96|SEA|10232|6790|12535|10955|BAL|4227|13302
20261006T1701Z,2026,5,1331774880181399552,NCAA BIG 12,9,11564|12527|13287|12501|8148|11631|11604|8228|4035|3451|GB,12501|11564|11604|4035|3451|10235|10863|13293|8249|12506|650|8204|5857|8228|6931|12472|11631|4147|9481|11628|8148|GB|12530|13287|ATL|12527|6271|3976|13286|9479|10226|8143|12523|8135|11651|4892|8117|3286|8147|12529|13400
20261006T1701Z,2026,5,1331774880181399552,NCAA BIG 12,10,8183|7594|5248|9493|11620|7049|12493|12469|12502|2747|HOU,MIN|2325|9505|9502|2747|10871|13278|7559|3200|8127|7594|9497|13346|7602|13404|12500|11573|9489|5089|9757|2319|10218|12502|12469|5127|8183|4055|5248|4993|8221|8164|7729|4981|9493|7535|9228|167|6849|1049|7533|3634|11592|3225|11620|4943|7049|5995|5052|HOU|12493|9504
20261006T1701Z,2026,5,1331774880181399552,NCAA BIG 12,11,1373|5892|13305|8137|12519|10213|8110|8131|8144|11539|CHI,8155|13541|11643|11256|5095|11539|11560|9482|CHI|4144|13305|8144|13274|TEN|9230|6794|12498|5927|13425|5892|9508|13269|10444|9229|13277|3214|10213|13307|13423|12504|5938|WAS|8137|13264|4219|12519|8180|11237|8131|10867|8110|8205|1373|11647
20261006T1701Z,2026,5,1331774880181399552,NCAA BIG 12,12,6797|4866|7588|11635|5846|9487|5844|8134|4066|11533|PHI,7922|7588|5846|13324|13317|6149|10231|13434|12516|12503|3161|PHI|7670|4018|11563|13413|13394|1479|4039|11655|4066|4866|7591|12496|8157|4040|4663|8408|9999|11261|6797|7839|IND|11635|7538|5844|13380|11370|8119|8134|9487|11533
20261006T1701Z,2026,5,1331774846710849536,NCAA SUN BELT,1,2306|9509|7588|9754|8146|11610|5012|9493|12519|650|PIT,7588|5846|6151|4035|8162|9482|4098|12506|650|9754|5012|12486|9757|13348|9225|13269|13275|2306|4039|9229|5848|9509|9226|6271|9493|13423|7562|4040|9511|8146|9999|9506|12519|LV|1166|PIT|13400|4227|13270|11610|11616
20261006T1701Z,2026,5,1331774846710849536,NCAA SUN BELT,2,4881|5850|6790|6786|7547|4983|4217|5045|0|11533|BUF,8188|5374|5850|13306|4149|8214|5970|7042|CHI|5045|8235|13346|7050|5010|13305|5857|BUF|12498|8129|7547|4217|10234|12499|10214|4177|8917|4983|4066|8254|8197|7083|10221|4892|12545|4881|8177|2711|5137|4037|6083|6790|2197|13282|7049|9231|5038|6786|11533
20261006T1701Z,2026,5,1331774846710849536,NCAA SUN BELT,3,11564|8151|12529|8112|8148|11628|12518|11581|7002|3451|NYJ,13294|11564|7002|13338|11566|13329|2307|9502|3451|8800|11625|11729|11199|7600|12469|12497|11583|12492|11581|13413|8151|12541|13545|11628|7090|8148|NO|8112|13414|12508|7591|TB|11596|12489|11650|12509|12518|11618|NYJ|8131|13347|6130|12535|12529|13301
20261006T1701Z,2026,5,1331774846710849536,NCAA SUN BELT,4,3163|11584|12533|12514|2216|13279|9484|13337|5844|6528|WAS,5000|11619|13278|4435|4718|4089|9497|6528|TEN|13404|11637|4018|13337|2152|10223|4147|12531|4622|3163|1992|13279|12533|3976|7946|12522|2216|3321|5110|WAS|4663|9484|12514|6857|5773|3634|3225|5844|5870|5122|11584
20261006T1701Z,2026,5,1331774846710849536,NCAA SUN BELT,5,5849|12527|7611|8137|6801|11635|12517|11620|8167|5189|ATL,KC|6960|5849|12185|13289|8210|12510|3257|7528|8126|7602|9500|13288|7611|4454|11631|5189|13281|12483|7610|12511|ATL|12527|11565|10213|9479|10226|12496|4351|13401|11586|11576|7694|8137|11630|8408|11638|8167|8180|6801|7587|8125|11589|8147|11620|11635|12517|421
20261006T1701Z,2026,5,1331774846710849536,NCAA SUN BELT,6,6804|6813|8150|12501|10229|7569|10236|7594|12495|12961|BAL,12501|6813|8139|7594|13345|4144|6803|12516|12467|12471|12713|8121|8150|12547|10236|12457|10229|11655|12495|13285|12540|LAC|12504|12543|12487|7569|13272|11261|9501|6797|8110|8205|6804|12961|13380|BAL|4943|8136|7828|8134|HOU
20261006T1701Z,2026,5,1331774846710849536,NCAA SUN BELT,7,6770|4034|4866|7564|5947|2449|5001|12512|5872|5095|NYG,7922|6806|4033|5001|7527|13317|1426|5095|8122|6853|12503|NYG|4950|7567|2449|3678|11058|12536|12512|13420|6770|6869|5955|JAX|5917|4866|4034|4981|7596|5947|5872|7564|1339|4082|5906|IND|1373|10955|13421|11370|3294|5854
20261006T1701Z,2026,5,1331774846710849536,NCAA SUN BELT,8,8183|9224|5892|9504|3155|8168|8130|12490|12534|2747|SF,2747|3155|8168|11600|6794|9224|6136|SF|6011|8161|13411|5927|MIA|5892|12534|7543|13405|8183|4381|4179|12490|12530|7525|CAR|11792|7523|8130|5967|5859|13417|11617|8132|9480|13349|8117|12524|ARI|6904|11647|7553|9504|6783
20261006T1701Z,2026,5,1331774846710849536,NCAA SUN BELT,9,9758|9221|12507|9488|11632|9997|11604|13286|10232|5119|PHI,4234|10216|11604|5086|DEN|9227|10231|9758|503|13319|2020|5096|11834|1379|9997|13274|6938|12484|11562|8123|PHI|11306|9508|13276|13303|2078|5985|9221|11632|11559|8676|11605|3214|13286|5119|5938|11597|9228|10232|6111|9488|8119|12493|11629|11439|12507
20261006T1701Z,2026,5,1331774846710849536,NCAA SUN BELT,10,96|12048|12481|7526|11623|13311|8172|10218|7571|1945|CIN,6819|13324|13602|11643|12015|2505|1466|11539|11783|10235|CIN|13293|8172|13477|12500|11623|6931|10218|12481|7571|13425|13533|GB|1945|13287|13277|12641|12048|13424|13311|DAL|13330|4137|96|2133|4046|8259|13833|13268|7526|8111|10222|11557|19
20261006T1701Z,2026,5,1331774846710849536,NCAA SUN BELT,11,4984|3198|8155|8144|12526|8142|11603|9487|4199|6650|NE,12505|8155|12485|9756|13350|12670|4017|6149|11569|12711|3200|6039|4984|8144|12521|7670|11603|DET|4199|12502|12526|6826|9481|11786|11624|12476|LAR|4993|9494|8142|13353|4171|3198|4195|11651|6650|827|4219|9486|7496|829|12542|5995|NE|13302|9487
20261006T1701Z,2026,5,1331774846710849536,NCAA SUN BELT,12,11563|8138|8228|11608|11157|13298|10859|12474|11435|7839|MIN,6865|MIN|11575|13298|9753|11435|10871|11560|13402|12544|11377|3202|11626|8228|3161|11646|12472|11563|13320|1479|7568|11627|5022|10219|13307|CLE|8160|13968|12482|12474|7021|13296|11237|10859|7839|SEA|11608|3286|8154|6768|11571|13273|8138|11157|8698
20261006T1701Z,2026,5,1331774804222545920,NCAA PIONEER,1,1373|12534|13286|7564|6794|5872|10236|12501|7526|2020|DET,12501|6828|5849|5850|2505|4035|2020|13402|4098|CHI|NYG|6794|12500|5857|DET|4950|11583|12534|11570|6826|10236|13320|13394|7090|13286|12048|11577|5872|7564|12524|11608|3286|9483|6768|1373|13400|7526|7608|8111|11610
20261006T1701Z,2026,5,1331774804222545920,NCAA PIONEER,2,12545|11576|5892|8137|12519|13346|8130|11604|9484|11533|KC,8188|KC|8155|13324|9756|11604|4314|13317|13329|11539|DEN|9758|12711|13346|12494|12469|12497|5892|9508|13303|12541|13545|8676|11565|4066|8130|13353|11576|9484|8137|DAL|5947|4892|6650|12545|12519|9501|13557|13833|3634|6083|BAL|5995|11533
20261006T1701Z,2026,5,1331774804222545920,NCAA PIONEER,3,4046|8138|12507|9488|11624|12718|4217|4866|12533|5189|MIN,MIN|13602|13338|8210|12510|11056|7042|7600|12547|11603|11646|12502|MIA|5189|13726|12718|13420|4217|11624|6770|5848|11627|12533|12641|4866|13307|13968|11596|12482|9228|12455|4046|8205|13347|13268|9488|11647|12542|8138|7828|13301|8698|12493|12507
20261006T1701Z,2026,5,1331774804222545920,NCAA PIONEER,4,6797|8228|12512|11632|9997|4983|10859|10232|13298|4227|PIT,7002|13298|5001|12185|9753|4017|11783|11569|8126|8172|9997|650|SF|8228|11631|13337|11581|12512|12483|9229|11632|13414|4983|11792|12508|12489|4040|12474|11586|8135|13296|10937|10859|6797|7839|11589|11592|PIT|10232|4227|10222|12517|8134
20261006T1701Z,2026,5,1331774804222545920,NCAA PIONEER,5,4984|8154|4199|2216|9500|7571|5906|11834|10219|12015|TB,5374|12015|13435|11256|5970|10235|13278|11834|9497|8249|9500|4984|12471|5008|12521|4199|7571|11563|8129|13275|10866|4177|11655|8917|10219|10225|4981|TB|8143|12522|2216|11597|11630|13272|9999|11261|8117|5906|8147|8154|7538|11439
20261006T1701Z,2026,5,1331774804222545920,NCAA PIONEER,6,4943|3198|11584|9487|11635|12514|4993|2449|8150|2747|LV,2747|1379|12467|5980|11600|11626|8150|10218|12498|6845|7567|2449|4080|13281|9481|1479|7568|4039|12476|LAR|4993|9226|5917|3198|8132|WAS|13311|12514|9506|8145|LV|1166|11635|4666|13282|4943|2359|13302|9504|11584|9487
20261006T1701Z,2026,5,1331774804222545920,NCAA PIONEER,7,11564|12527|12529|6801|7525|11620|12506|8121|11628|8259|CLE,6865|11564|12485|6819|7527|5095|11435|8800|8168|13293|12506|6039|13288|12713|12484|11562|11199|8121|9757|12472|13425|11628|11786|7525|13279|11559|12473|12527|7591|CLE|11651|12509|11618|1737|11237|6801|ARI|7842|8259|11620|12475|12529|5844|5854|19
20261006T1701Z,2026,5,1331774804222545920,NCAA PIONEER,8,11566|12490|9224|8148|7547|13264|8131|9493|2133|4195|NYJ,12505|13333|11575|11643|13322|11566|1466|2307|13319|7594|6803|13477|9224|7670|BUF|13348|4454|7547|8148|NO|12490|13354|13277|12540|8160|13417|9493|13424|4663|7021|4195|11638|13330|13264|4137|2133|4881|NYJ|8125|8131|12961|2197|13079|11571|13270
20261006T1701Z,2026,5,1331774804222545920,NCAA PIONEER,9,3294|12481|6790|12526|8146|5846|12518|7611|9486|1945|NE,5846|11619|13306|9502|9492|12544|11625|9754|7611|9225|12481|13276|12526|12536|13405|12457|1945|9494|JAX|12495|5022|6945|8142|5119|10226|13423|7562|12543|8146|8408|12518|9480|9486|7587|8110|7496|6790|11574|13418|NE|3294|7553
20261006T1701Z,2026,5,1331774804222545920,NCAA PIONEER,10,3257|9221|6813|7049|8144|12535|3214|6806|6783|7922|HOU,7922|6813|6806|3257|503|13434|11560|9482|13305|8144|6136|6011|8161|PHI|8219|8183|10444|9221|12499|8207|12530|2374|3214|11617|8225|7569|3271|7607|13349|SEA|9998|12535|5870|13380|7049|HOU|11579|6783
20261006T1701Z,2026,5,1331774804222545920,NCAA PIONEER,11,3163|9509|4034|8112|12492|10229|5012|8136|7588|3451|GB,7588|13289|3451|CIN|6528|6853|13274|TEN|3202|5012|13411|5927|7543|12492|4147|13269|GB|3163|8112|9509|6869|10229|ATL|10213|4034|5859|9479|7535|8254|13074|12504|11895|12487|8136|8119|421|11616
20261006T1701Z,2026,5,1331774804222545920,NCAA PIONEER,12,6904|13287|5967|6786|8167|13294|1339|4037|11637|10955|IND,13294|4033|6149|3155|7528|8127|5045|13345|4144|11637|11729|4018|13150|13533|3678|13413|8151|12531|2306|7039|13287|CAR|12470|13392|6271|13285|7523|5967|13401|LAC|3321|9511|8167|96|8180|1339|4037|IND|6804|6904|10955|13421|11370|11629|6786
20261006T1701Z,2026,5,1331774741488369664,NCAA IVY,1,11564|9221|12527|9997|9487|12519|8131|13287|12490|11533|NO,11564|DEN|11569|9482|9997|650|13274|11625|8121|11646|7571|13337|12526|12536|8183|NO|9221|12490|12530|13287|12495|10219|12527|12543|7694|11630|12509|4892|96|12519|8131|6130|6768|13268|12961|13400|8698|9487|11533
20261006T1701Z,2026,5,1331774741488369664,NCAA IVY,2,11566|11435|11581|8137|4037|9756|11604|9486|5927|4195|DET,6828|9756|12185|13338|11566|11604|13306|2505|11435|CIN|SF|11729|13411|DET|12472|5927|13150|13533|11581|13413|13420|13394|12457|8207|8142|13286|12048|9479|13424|3321|4663|8137|4195|8408|9228|6650|13349|9486|4037|13270|11370|NE|421|11157|11616
20261006T1701Z,2026,5,1331774741488369664,NCAA IVY,3,7523|8150|12507|5947|6801|13294|12517|11620|12481|6083|TB,13294|6819|9505|5230|4098|9492|8123|8150|12481|MIA|11583|13275|11627|2374|4602|10225|12508|7523|11577|TB|13968|12482|13401|11597|5947|8145|4137|1737|6801|3286|10867|1166|6083|11620|7601|2197|829|8119|12517|HOU|5854|13302|12507
20261006T1701Z,2026,5,1331774741488369664,NCAA IVY,4,11559|9509|12529|7526|8167|13346|8130|10236|8126|12713|NYG,7922|8188|8155|6528|8126|13346|8172|6039|12467|NYG|12713|12484|11058|13303|9481|10236|7565|12531|11628|9229|9509|11559|8130|10213|10226|12522|8135|8167|7607|9501|8117|12524|11589|8110|11592|IND|7538|12529|5870|7526|13282|5995|13301
20261006T1701Z,2026,5,1331774741488369664,NCAA IVY,5,3294|7588|12512|9493|6786|11632|10859|8144|8148|5189|SEA,7588|6806|12485|1433|12510|5095|10231|7042|5045|8168|8144|13288|13477|13408|PHI|12547|11631|5189|12634|12512|8148|GB|12483|11632|7525|9493|13423|13299|11576|9506|10859|LV|7587|SEA|ARI|4943|11636|3294|11579|12493|6783|6786
20261006T1701Z,2026,5,1331774741488369664,NCAA IVY,6,4046|9224|3198|12514|2449|4454|9484|7002|4217|4227|KC,11563|11618|11637|12469|12502|12511|12514|13330|13353|13380|1479|2449|3198|3678|4033|4046|4217|4227|4454|7002|7562|9224|9226|9484|9494|ATL|CAR|KC
20261006T1701Z,2026,5,1331774741488369664,NCAA IVY,7,8161|4147|11586|9488|12501|11610|5001|11783|4177|11261|BUF,12501|13333|5001|13322|13289|11783|13434|CHI|13293|4144|12544|13315|12520|12500|8161|11199|BUF|4018|6826|13726|4147|13281|12718|10444|11786|4177|8917|13277|5859|13307|4981|12496|11586|11650|DAL|11261|12455|8125|8259|13557|6904|12535|9488|10222|11610
20261006T1701Z,2026,5,1331774741488369664,NCAA IVY,8,4881|8138|5967|8112|2216|5872|12518|11834|5844|12711|LAR,12505|11575|12015|9502|9758|13319|11560|12711|11834|7594|13345|12503|9754|11600|9757|9225|12498|13545|8112|12476|LAR|4993|13285|8676|5967|8143|2216|WAS|12518|9480|5872|4881|11237|5906|6804|8154|5844|8111|8136|7049|8138|11439
20261006T1701Z,2026,5,1331774741488369664,NCAA IVY,9,5849|8151|12533|7547|11635|9500|3214|4866|4035|7839|PIT,5849|13324|9753|3257|4035|9500|12471|12497|7543|12492|7547|8151|13405|13269|12541|4039|5022|11565|12533|3214|4866|CLE|12540|12504|13311|9511|12487|11638|7839|PIT|11635|13421|11571|12542|7553
20261006T1701Z,2026,5,1331774741488369664,NCAA IVY,10,6797|5892|7611|2133|13298|11608|1466|6790|12489|2747|LAC,13298|13602|11256|12670|13329|4017|1466|2747|10235|8800|11421|13404|6136|3161|7611|6931|13425|5892|2078|13320|2306|7039|13414|12470|6271|4066|7591|12489|LAC|7083|13272|13264|2133|NYJ|8180|6797|11608|13347|6790|13079|11557|7828|7585
20261006T1701Z,2026,5,1331774741488369664,NCAA IVY,11,4984|4034|8228|10232|8146|7569|5012|4199|6794|3451|BAL,6865|11599|11643|13317|8210|6149|6012|3155|3451|13278|2020|7528|4984|TEN|6794|5012|12521|8228|7670|13348|11603|11623|4950|4199|12534|3163|12499|1945|13279|11655|4983|11792|4034|13417|12474|8146|7021|7569|11651|8205|10232|1373|BAL|11647|8134
20261006T1701Z,2026,5,1331774741488369664,NCAA IVY,12,6770|6813|11584|7564|10229|5846|12506|3634|7600|11539|MIN,MIN|6813|5846|13541|7527|5850|11539|2307|11433|8127|13402|12506|6803|13305|5857|11626|12860|7600|10218|9508|7567|13276|7891|7090|11624|6770|5848|JAX|10229|11596|8132|13296|3271|12545|7564|1339|13833|3634|7496|13342|8147|10955|19|9504|11584
20261006T1701Z,2026,5,1331774695346823168,NCAA USA,1,6904|6813|5967|8112|9997|11632|12517|9480|6806|11533|PHI,6813|6806|12485|13289|2020|CIN|8122|4144|9997|7602|11600|11626|PHI|9225|13337|9508|13276|8129|7090|6770|11632|8112|12457|8917|6955|8220|5967|13401|7596|7569|8211|9480|12524|6904|12517|9504|11533
20261006T1701Z,2026,5,1331774695346823168,NCAA USA,2,4892|4866|9224|8146|2133|5846|5012|6819|7611|7839|BAL,5846|6819|5086|6149|2747|13402|13293|6039|13274|3202|5012|9224|8161|12860|7600|7611|13411|DET|12536|13394|12483|1945|12490|4866|CLE|WAS|13299|8146|9228|13272|4892|2133|7839|1166|4037|13342|6804|BAL|11571|4943|8136
20261006T1701Z,2026,5,1331774695346823168,NCAA USA,3,11564|4034|5892|9488|2449|10232|1466|5001|4177|3451|CAR,12505|7922|6865|8188|11564|5001|13338|13435|1466|13434|3451|7042|8127|13305|TEN|5892|2449|13545|5848|4177|7039|9226|CAR|5022|11565|4034|5859|13417|11617|13968|13424|12489|8180|4574|10232|8154|12535|9488|13270|11610|8119|3294
20261006T1701Z,2026,5,1331774695346823168,NCAA USA,4,8183|9221|13287|11635|8167|9756|11604|4199|12481|4227|PIT,9756|11604|3199|8140|9497|8168|6528|5857|10218|12481|4199|MIA|7543|4080|8183|13275|10210|9221|12530|13287|11559|12508|3214|11577|12523|8225|13311|8167|96|NYJ|4082|8110|8205|PIT|11635|7538|13400|4227|8111|421
20261006T1701Z,2026,5,1331774695346823168,NCAA USA,5,7523|9509|8138|12526|9500|9487|10236|10213|8148|12711|SEA,13333|13329|9502|11560|9482|12711|13345|9500|11729|7670|11646|12472|12502|12497|12526|10236|13420|12541|8148|12499|9509|11627|11655|4066|7523|13286|10213|12641|12048|5119|12540|4981|10226|8132|11576|11651|13264|11261|12519|8117|SEA|8131|8138|9487
20261006T1701Z,2026,5,1331774695346823168,NCAA USA,6,4984|11581|12512|9493|4983|12514|7553|8144|13346|650|MIN,MIN|8155|5849|13602|11435|13319|10235|13346|650|4984|8144|13288|13477|12494|3161|8121|9757|13425|13150|13533|4147|11581|13413|13405|12512|13320|11628|4983|9493|12514|11638|5947|9506|12455|1737|11237|7587|3634|11592|IND|7608|7553
20261006T1701Z,2026,5,1331774695346823168,NCAA USA,7,12545|12507|8150|7547|6786|12501|10859|6790|2505|12185|CHI,12501|12185|2505|4017|10871|CHI|11625|13433|12503|9754|12486|11199|8150|12534|7567|9481|12718|7547|13269|1479|GB|3163|ATL|6271|13285|13416|13307|12496|12482|12487|12545|13349|10859|ARI|5906|13833|6790|12961|5844|11370|13301|11579|11629|12507|6786
20261006T1701Z,2026,5,1331774695346823168,NCAA USA,8,7083|10219|12527|6801|2216|11630|7002|13330|12518|11539|HOU,KC|7002|5095|11539|10231|3155|8800|7594|12471|NYG|12484|8230|4454|12469|11583|3678|13281|8151|11653|10214|9229|LAR|10219|12527|8676|11596|13423|2216|8135|7083|11630|7021|8408|13330|12518|6650|6801|6797|8147|13347|5870|11647|11557|HOU|12493
20261006T1701Z,2026,5,1331774695346823168,NCAA USA,9,3257|7588|11584|8134|9486|13279|11603|12506|12495|8259|NE,7588|6828|13324|13322|11566|5850|2307|11433|3257|11783|12506|12467|12713|13404|12521|13348|11603|4950|6826|12492|13830|13279|10229|12495|12473|8142|TB|8143|13296|11650|9486|9501|LV|11608|1339|8259|13268|13079|7049|12542|NE|8134|8698|11584
20261006T1701Z,2026,5,1331774695346823168,NCAA USA,10,4881|11586|5995|7564|6794|8137|8130|7526|11624|4666|BUF,13298|12510|4089|6803|11621|6794|12520|6011|BUF|11563|12531|4039|11624|5248|9494|8130|13353|7591|9479|4171|12504|11586|4663|5987|8137|3271|4137|10937|4881|7564|3286|7601|4666|7526|13282|7606|5995|5854|8116|13302
20261006T1701Z,2026,5,1331774695346823168,NCAA USA,11,4046|12529|12533|7525|11834|11620|9484|5045|8126|5189|NO,13294|6427|11575|4033|11643|12015|13317|8210|13278|11834|5045|8126|12544|11637|12498|11631|5189|2306|10444|NO|7525|4993|JAX|13277|12533|LAC|12474|9511|9484|DAL|12509|8125|4046|11589|11620|6768|1373|12529|10955|13421|10222|7828|6783
20261006T1701Z,2026,5,1331774695346823168,NCAA USA,12,9758|3198|8228|5927|5872|7571|4217|13414|4035|11786|SF,11599|7527|9753|DEN|9758|4035|7528|8172|SF|11562|8228|12547|5927|7571|11570|2078|4217|11786|5133|13414|10225|11792|12522|3198|3321|11597|4195|5872|11618|7496|6083|6130|13380|19
20261006T1701Z,2026,5,1331774630620332032,NCAA HISTORICALLY BLACK,1,4984|9509|8228|8137|11632|12514|3214|12490|10232|13545|PHI,8188|KC|4033|8800|CIN|4984|13274|11626|8228|PHI|9757|DET|11646|12472|13533|7567|11581|9481|12718|13545|11624|11632|12490|9509|11559|8676|3214|10213|13353|5967|13311|8137|7021|12514|11638|12509|NYJ|13833|10232|6904|12535|11370|3294|12493
20261006T1701Z,2026,5,1331774630620332032,NCAA HISTORICALLY BLACK,2,3163|4866|13287|4983|13417|11618|5001|4199|11583|6083|LAR,13324|13602|5001|12185|13317|13306|13329|6149|9758|8172|12467|12471|12503|NYG|8161|11199|12547|4199|11583|13413|12541|7090|3163|13287|11627|LAR|8917|4983|12470|12048|4866|13417|13423|12482|12504|12543|13296|13264|96|11618|10220|6083|13421
20261006T1701Z,2026,5,1331774630620332032,NCAA HISTORICALLY BLACK,3,421|8151|12534|7547|7569|12526|12517|5045|10236|11539|BAL,11619|1433|1466|11539|6012|10863|5045|6528|7537|7595|11637|9225|12469|12534|9508|12526|4147|13303|7547|10236|8151|5848|2028|13403|4993|CAR|6271|11617|8135|7569|7607|13330|10862|4137|5872|4082|8147|PIT|6130|13268|BAL|12517|421|8116|11629
20261006T1701Z,2026,5,1331774630620332032,NCAA HISTORICALLY BLACK,4,4881|4034|7594|6786|8167|8126|9484|4217|11604|12713|BUF,12505|11604|5970|11435|11783|13319|7528|7594|9492|8126|13315|11625|13288|9754|12713|13477|BUF|11603|4995|6154|12497|4217|10214|12457|9494|13286|4034|CLE|11577|12489|11576|9484|7694|11895|8408|8167|4219|4881|5870|13380|4943|11579|11157|11439|6786
20261006T1701Z,2026,5,1331774630620332032,NCAA HISTORICALLY BLACK,5,7523|12527|8155|8144|9997|11620|8130|7543|7553|1945|LV,6828|8155|11575|6819|13338|4319|7527|9502|DEN|8140|7042|4089|8168|13293|9997|650|8144|12484|8123|5189|7543|6826|4080|1234|4381|1945|5248|13414|12527|11565|7523|8130|4171|12474|WAS|4663|13349|10859|6849|LV|3225|11620|5284|7561|6768|7601|8119|7553
20261006T1701Z,2026,5,1331774630620332032,NCAA HISTORICALLY BLACK,6,12545|3198|13305|6801|9487|8148|7002|13294|11834|6650|GB,13294|6865|7002|11566|2505|13434|8127|13402|11834|1379|6039|13305|10218|4950|MIA|12536|13726|13320|12531|11628|8148|GB|4039|11371|4177|12530|6869|10219|12540|12522|3198|9228|3271|6650|12545|8180|6801|3286|8259|11592|12491|3269|5995|9487
20261006T1701Z,2026,5,1331774630620332032,NCAA HISTORICALLY BLACK,7,11560|9221|12529|9493|8146|2216|8131|5892|13281|12711|NO,13289|5095|4017|11560|2020|12711|8745|6803|TEN|11600|12521|5857|7600|4018|4454|7571|5892|13337|6001|10223|13281|NO|9221|10225|8142|5119|4981|9493|13401|2216|5110|8225|8146|11630|11651|7599|8145|8131|12529|7585
20261006T1701Z,2026,5,1331774630620332032,NCAA HISTORICALLY BLACK,8,6804|8138|9226|7564|8112|7525|12518|7526|11635|3451|SEA,5849|9495|13322|5850|12510|10871|3451|CHI|4144|SF|11562|8121|11615|8129|13269|12483|7610|8112|12476|7525|9226|ATL|13285|9479|7596|12518|9501|8117|7839|7564|SEA|8110|8205|5906|6804|11635|7526|11647|10222|8138|7828
20261006T1701Z,2026,5,1331774630620332032,NCAA HISTORICALLY BLACK,9,6797|12507|8154|9488|6794|12519|8210|13279|4037|11786|ARI,MIN|8210|11569|13278|13345|9500|6794|13404|7670|12502|3678|12492|2306|11786|9229|13279|5133|7591|8143|11596|9511|11597|11650|DAL|9506|9486|12519|6797|ARI|11589|4037|6111|8154|10955|6820|9488|8111|8136|8134|12507|11616
20261006T1701Z,2026,5,1331774630620332032,NCAA HISTORICALLY BLACK,10,4046|9224|12481|5846|5947|2449|5012|6790|11586|11792|NE,7922|5846|11643|9753|5086|8139|4464|4035|3200|5012|9224|12481|5046|2449|6943|13276|13405|1479|5536|11792|12508|12523|11586|6988|12487|13272|5947|5347|9480|8125|4046|1166|IND|6790|5844|13282|1034|11610|NE|9504|6918
20261006T1701Z,2026,5,1331774630620332032,NCAA HISTORICALLY BLACK,11,6770|7588|7611|12501|11631|13298|12506|12495|12533|11533|HOU,12501|7588|11564|6806|13298|12015|11256|3257|2747|12506|7611|13411|12498|13425|11631|13420|8183|13275|6770|7039|10229|12495|12533|4066|5859|TB|13968|8132|11261|12455|1737|11608|13347|1373|12961|11571|4227|13270|7049|HOU|5854|8698|13302|11533
20261006T1701Z,2026,5,1331774630620332032,NCAA HISTORICALLY BLACK,12,4892|6813|8150|5927|2133|9756|5022|11584|12512|4195|LAC,6813|9756|6151|9482|13346|8150|13348|5927|13150|11563|11058|2078|12512|11595|13394|5985|7568|12499|JAX|11655|5022|5917|10226|13424|LAC|3321|4195|9999|4892|2133|12524|10867|1339|3634|7496|7538|13400|7608|13301|6783|11584
20261006T1701Z,2026,5,1331774599196585984,NCAA MOUNTAIN WEST,1,4984|6813|8138|6786|7569|2133|4217|11584|3634|11792|BUF,6813|KC|4033|12185|5850|1426|2307|7042|12711|7528|13402|6803|4984|TEN|11600|6794|12521|5857|BUF|6931|MIA|12469|12718|13545|4217|3163|5848|11792|13285|5859|11596|7021|7569|9506|2133|13349|3286|4037|3634|6130|13400|7049|8138|11584|6786
20261006T1701Z,2026,5,1331774599196585984,NCAA MOUNTAIN WEST,2,6804|12490|4866|8112|11783|10218|9484|8172|7002|5189|SEA,7002|11575|11435|11783|11569|2020|8168|8172|11573|DET|10218|4950|5189|12462|13420|13269|2306|12499|10866|8112|12490|12530|2374|11565|4066|4866|9484|DAL|4988|12455|8180|SEA|11589|8259|6804|13421|4227|3294|13600
20261006T1701Z,2026,5,1331774599196585984,NCAA MOUNTAIN WEST,3,6904|4034|4199|8137|5045|5846|11604|9487|9500|1945|JAX,12505|5846|11604|13317|8210|9482|5045|13293|9500|11637|SF|12486|12498|4199|13276|13275|12531|10444|1945|6869|JAX|8676|4034|12522|4663|8137|11630|4195|8408|6797|8177|8205|6904|8119|9487
20261006T1701Z,2026,5,1331774599196585984,NCAA MOUNTAIN WEST,4,1373|5892|4035|0|8126|2449|3214|13346|0|3678|IND,12500|13346|1373|1379|2216|2449|2747|3199|3214|3321|3678|4035|4080|5854|5892|5906|5987|6853|6989|7922|8126|8129|8162|CHI|IND
20261006T1701Z,2026,5,1331774599196585984,NCAA MOUNTAIN WEST,5,4881|13287|3198|4983|11632|8134|10236|11576|12506|13833|NO,6828|12485|12015|13306|13434|12506|12713|12484|11626|11199|11646|12502|13425|13533|9508|13281|13413|10236|13320|NO|11632|13287|11559|4983|10219|3198|7562|LAC|7596|11576|13296|9228|11618|4881|9501|13833|12961|11647|8134|9504
20261006T1701Z,2026,5,1331774599196585984,NCAA MOUNTAIN WEST,6,421|9221|12527|9488|12519|11624|5001|12529|8228|6650|MIN,6865|8188|MIN|5001|13338|13329|9758|11625|5012|13477|12520|8228|9481|12541|12539|11628|9221|11624|13414|5022|13277|12527|12641|12048|11617|13968|13423|12482|12543|13264|11261|4892|6650|12519|11237|8147|12535|12529|BAL|9488|13418|12517|421|13301|12493
20261006T1701Z,2026,5,1331774599196585984,NCAA MOUNTAIN WEST,7,4046|8151|12495|8144|10232|13279|11603|12501|9757|11786|PIT,12501|8155|5849|12670|9502|13345|8144|12471|7600|9757|11603|13337|6826|13303|8151|11786|12483|4177|12511|13279|11655|12495|13286|13353|13417|13424|12489|11597|12509|7607|LV|ARI|4046|PIT|10232|13380|11370|8698
20261006T1701Z,2026,5,1331774599196585984,NCAA MOUNTAIN WEST,8,6770|7611|7588|9997|10213|13294|8111|12481|6790|7839|CIN,13294|7588|11640|13289|7527|11588|4017|1466|11539|CIN|7594|9997|12544|13305|13274|12503|NYG|3202|3161|7611|7670|12481|5927|11583|12526|12492|12512|6770|10213|4981|12474|11638|3271|7839|8154|6790|8111|11574|10222|829|4943
20261006T1701Z,2026,5,1331774599196585984,NCAA MOUNTAIN WEST,9,7523|11581|7567|7564|8146|7526|7553|12514|9756|5095|GB,9756|5095|6149|11433|4144|8161|12547|9225|11631|7543|7567|11563|4147|11581|13405|7090|GB|7610|4993|9494|12508|7523|12496|4233|8146|12514|5947|13330|4137|8117|7587|8125|7564|12524|6083|13347|6768|5844|7526|11610|8136|NE|7553|11629
20261006T1701Z,2026,5,1331774599196585984,NCAA MOUNTAIN WEST,10,8183|9224|8132|7547|6801|11834|12518|12533|8110|10955|HOU,11564|6427|6819|11643|1433|11034|10871|10235|11834|6528|13288|8204|9224|8121|7547|8183|4039|12457|CAR|10225|17|12533|8142|CLE|12540|8143|8132|7694|11650|11651|12518|9480|11633|6801|8110|13268|10955|11571|7608|HOU|11579
20261006T1701Z,2026,5,1331774599196585984,NCAA MOUNTAIN WEST,11,3257|8150|6806|8167|13311|9493|10859|9486|11620|11533|WAS,6806|13602|11566|9753|11256|12510|DEN|3257|13319|8150|4018|12472|7571|12497|13150|12534|8148|9229|LAR|ATL|5967|5119|7591|9493|12504|11586|WAS|13311|9511|12487|13272|8167|5872|96|9486|10859|8131|11620|11635|5995|13302|6783|11533
20261006T1701Z,2026,5,1331774599196585984,NCAA MOUNTAIN WEST,12,12545|9509|9226|10229|7525|9754|8130|12507|13298|3451|PHI,13298|13324|13435|2505|5970|11560|3451|8800|6039|650|9754|PHI|13348|13411|4454|11570|11058|12536|13394|4381|1479|7525|9509|9226|10229|8917|6920|6271|8130|11577|9479|8160|TB|8135|12545|NYJ|1339|1166|5870|7828|12507
20261006T1701Z,2026,5,1331774544905510912,NCAA OHIO VALLEY,1,3294|8150|4199|8112|8126|7526|8130|12507|11604|5119|BAL,12505|11575|13298|5001|11604|4972|10231|8126|4144|11625|7595|11645|8150|4454|4199|9508|10223|1352|8112|1945|9494|2374|8130|13353|5119|7591|5859|9479|12522|9486|8117|ARI|8147|12535|6820|BAL|7526|13270|3294|13302|12507
20261006T1701Z,2026,5,1331774544905510912,NCAA OHIO VALLEY,2,4046|4866|5967|9493|6786|6801|1466|2449|9487|2747|PIT,13289|1466|DEN|2747|2020|7528|5045|8670|8172|NYG|7670|11570|2449|12492|13303|13405|4039|10866|CAR|10219|ATL|5967|4866|13968|9493|8143|12523|DAL|10937|6801|4046|13833|PIT|8111|11370|4943|421|13301|19|6786|9487
20261006T1701Z,2026,5,1331774544905510912,NCAA OHIO VALLEY,3,5849|3198|12489|11635|13274|5872|9484|7600|5844|6528|MIN,6865|MIN|5849|9753|6151|9502|9758|4035|6528|13305|13274|12484|12521|11729|7600|13281|5272|12541|11653|7568|10214|5133|11565|CLE|12540|12496|3198|12489|7562|3321|7596|9484|12385|5872|3286|1339|1166|7066|4574|7496|IND|11635|5844|13380|11629
20261006T1701Z,2026,5,1331774544905510912,NCAA OHIO VALLEY,4,11564|6813|12512|7564|9488|9500|11596|6790|4037|11261|LV,11564|6813|11640|503|11569|8800|9492|13346|9222|5010|9500|6794|8228|10218|MIA|11631|12512|13275|10444|2028|11655|5022|12508|8258|11596|9220|13401|11261|6797|LV|7564|4037|6790|4666|9488|11574|2359
20261006T1701Z,2026,5,1331774544905510912,NCAA OHIO VALLEY,5,3163|11643|12529|11632|11157|8146|10859|8148|10232|12185|NO,6806|11643|12185|12670|11539|2307|3257|13293|9754|11637|8230|DET|11646|11583|4381|2306|8148|NO|3163|6770|9229|11632|7525|LAR|9226|13414|13286|10213|12474|8146|827|4219|8180|10859|8110|10232|12529|10955|13421|4227|5854|11157|8698
20261006T1701Z,2026,5,1331774544905510912,NCAA OHIO VALLEY,6,6904|8151|5892|7571|5846|11834|4217|6819|13317|5189|LAC,5846|12738|13541|6819|13324|13317|2505|3451|10235|11834|6803|12467|13477|11562|3161|6931|5927|7571|12502|5892|5189|13533|8151|13545|1479|4217|11786|5848|13277|11792|12641|LAC|7021|11650|8408|13264|9480|13349|NYJ|8205|13347|6904|13418|7828|12493
20261006T1701Z,2026,5,1331774544905510912,NCAA OHIO VALLEY,7,7523|9221|8138|2133|4983|13279|5012|9224|3214|4195|CIN,11619|9482|CIN|13402|4098|CHI|12471|5012|9224|SF|6011|13348|7567|11058|2078|13269|9221|12499|12530|13279|4983|3164|7523|3214|11577|4981|8206|8208|4233|8135|4195|7605|12509|6650|96|2133|8125|12524|6804|7538|2197|11008|8138
20261006T1701Z,2026,5,1331774544905510912,NCAA OHIO VALLEY,8,6768|12527|13287|8167|9756|11624|12506|12534|11586|6083|GB,12501|9756|13329|11435|12506|12503|12500|12486|PHI|BUF|12534|12536|13413|13420|GB|11624|13287|4993|12473|12527|12533|4066|13417|12504|11586|13311|11597|13296|11651|9999|8167|4892|7839|11592|6083|8154|6768|13400|11571|12542|8119|11557|6783
20261006T1701Z,2026,5,1331774544905510912,NCAA OHIO VALLEY,9,8183|12481|11576|12526|8134|4177|12517|7049|12495|11533|WAS,13294|13333|8155|13338|11566|7527|5095|13434|6853|11600|11626|8161|12481|13297|13337|12526|8183|11628|4177|11627|12495|8676|8142|10226|13423|12482|5938|8225|WAS|13299|11576|7694|11618|11589|7049|12517|5995|8134|7553|9504|11533
20261006T1701Z,2026,5,1331774544905510912,NCAA OHIO VALLEY,10,9228|11581|12490|7569|11620|5947|8131|7588|9511|12015|KC,8188|7588|KC|4033|12015|5850|4017|11560|3155|13278|13345|650|TEN|13288|12547|9225|12498|12469|12497|3678|13276|11581|13394|5985|12490|12511|11559|JAX|6271|9511|12487|9228|7569|11638|13272|5947|12455|8131|11620|6111|6130|13268|5870|10222|8136
20261006T1701Z,2026,5,1331774544905510912,NCAA OHIO VALLEY,11,4984|4034|11584|7547|8137|8121|12518|7002|7611|12711|NE,7002|12510|11783|13319|7042|12711|7594|1379|6039|12516|4984|12713|5857|11199|8121|7611|11603|12472|4950|13425|13150|6826|7547|13320|7090|12483|12457|8917|13285|4034|TB|12543|8137|12518|12545|8259|5906|3634|1373|11647|11610|NE|11584
20261006T1701Z,2026,5,1331774544905510912,NCAA OHIO VALLEY,12,4881|9509|9757|8144|12519|12514|10236|10229|9997|7922|SEA,7922|12485|8210|6149|8127|9997|12544|8144|9757|13411|7543|11563|4147|12718|10236|12531|11595|9509|10229|13309|12048|13307|13424|8254|8132|2216|11630|12514|3271|9506|13330|4137|4881|12519|9501|SEA|11608|12961|7608|HOU|11579|11439
20261006T1701Z,2026,5,1331774454493122560,NCAA WILD,1,3257|9221|4034|7547|8146|2133|4217|2449|6790|12711|TEN,12505|11575|5849|12015|8210|12510|3257|9482|12711|TEN|BUF|11603|12498|12472|13425|11631|2449|12492|7547|2078|13405|12541|13275|4217|7090|9221|10229|13414|13285|4866|4034|5859|TB|12489|8146|4137|2133|7839|ARI|4046|8259|6790|13380|7553
20261006T1701Z,2026,5,1331774454493122560,NCAA WILD,2,6804|9224|5892|9488|11632|8137|3214|8134|12512|12185|BAL,7922|11564|12185|8162|13402|8126|13346|6039|5010|NYG|9754|7595|9224|11637|5892|6943|12512|2306|12483|4177|11632|3214|11577|13417|11617|13424|12482|8132|8137|13296|13349|6804|11510|13421|2197|BAL|9488|4943|8134|8116|11439
20261006T1701Z,2026,5,1331774454493122560,NCAA WILD,3,6904|11584|11435|11610|8121|9997|10859|6819|10213|11792|GB,13294|6828|6819|4033|10231|11435|13278|9997|13305|8123|8121|8129|9481|12718|8183|GB|4039|10214|6770|8207|12476|12530|13403|11792|10213|CLE|7562|4663|7021|11651|12509|7607|4892|4219|12455|8180|10859|8205|5906|6904|12961|11610|7049|13302|11584
20261006T1701Z,2026,5,1331774454493122560,NCAA WILD,4,12522|3198|11576|8167|5045|9504|11604|10219|12499|11539|DAL,MIN|11604|1426|1466|11539|6805|5045|12503|11626|11562|4018|6290|13337|13276|6826|12462|13240|12499|12457|2374|10219|3164|3976|13353|7591|4981|12522|3198|11576|5987|DAL|8167|1339|1373|13282|3269|829|9504
20261006T1701Z,2026,5,1331774454493122560,NCAA WILD,5,5870|7588|5967|7526|2216|12514|8131|8110|7594|13545|SEA,8188|7588|11619|7527|2307|DEN|3200|7594|13293|12506|12484|12521|6931|6824|13281|7891|13545|1479|7525|5695|12470|5967|2309|6847|4351|2216|5938|11650|12514|SEA|3286|8131|8110|6768|10955|5870|13400|7526|NE|5854|7585
20261006T1701Z,2026,5,1331774454493122560,NCAA WILD,6,12545|9509|4147|8144|9500|4454|8130|12518|9484|11533|NO,4234|7002|13317|13306|4017|6149|13319|11560|7528|6853|8172|12516|9500|8144|6136|4454|3678|4147|5985|NO|7610|4179|9509|LAR|12508|8130|9479|8208|9484|11630|11638|13330|12518|12545|8117|7587|11592|6083|5121|PIT|8119|11533
20261006T1701Z,2026,5,1331774454493122560,NCAA WILD,7,421|12527|13287|12519|13274|9501|5001|7567|12502|3451|CAR,12515|6865|12738|12485|5001|9758|3451|CHI|12467|13274|3202|7670|12502|12469|7567|10223|4080|13420|12511|13287|4993|9494|8917|CAR|12527|6945|12540|12496|8135|9228|6650|12519|9501|11589|13268|421|11629
20261006T1701Z,2026,5,1331774454493122560,NCAA WILD,8,4881|8150|8151|11620|13298|9486|5012|8148|12048|7042|ATL,11599|13298|12670|7042|2020|8168|6803|13288|11600|6794|5012|5857|11729|8161|8150|MIA|13533|8151|11628|10444|8148|ATL|12641|12048|8143|11596|13423|12543|7596|8408|4881|9486|10867|1166|IND|11620|11571|11370|5995|13301|HOU|19|11616
20261006T1701Z,2026,5,1331774454493122560,NCAA WILD,9,11566|12529|8154|8112|7569|13279|5022|10232|4199|0|LAC,11643|11566|9753|10235|CIN|13345|7537|12500|7600|3161|DET|4950|4199|7571|6001|7597|12536|7565|8153|8112|1945|13279|5022|6271|5119|8170|13401|LAC|3321|4040|11597|12487|7569|13272|8211|8125|4037|9998|3634|10232|8154|7561|12529|6820|7608|11647|3294
20261006T1701Z,2026,5,1331774454493122560,NCAA WILD,10,4984|6813|4035|7564|9493|6786|12517|5872|11834|5189|JAX,6813|6806|8155|5846|13324|13338|4035|13434|11834|12544|4984|12713|12547|9757|11623|11646|5927|12497|5189|12534|7543|3163|JAX|12533|4066|9493|12504|9511|9506|5872|NYJ|6797|LV|7564|13347|5844|8136|12517|7828|12493|6786
20261006T1701Z,2026,5,1331774454493122560,NCAA WILD,11,11559|8138|12507|11627|9487|9756|10236|13264|8228|11786|SF,9756|5850|9502|11783|8127|12471|11625|SF|8228|PHI|9225|10218|11583|9508|11563|11581|13413|10236|13269|13320|12531|11786|11624|11627|11559|11655|4983|8142|10226|12523|12474|11586|4195|13264|11635|12535|10222|8138|11579|12507|9487
20261006T1701Z,2026,5,1331774454493122560,NCAA WILD,12,7523|12490|12481|6801|12526|12501|2505|12495|5947|4227|KC,12501|KC|2505|2747|8800|9497|4144|7611|12481|8219|11058|12526|11595|5848|12490|9226|12495|8676|7523|13286|8225|WAS|13311|7694|3271|5947|12897|9480|96|11618|11237|6801|12524|7496|8147|1348|6130|4227|8111|8698|6783
20261006T1701Z,2026,5,1316899936696016896,NCAA BIG 10,1,1166|7611|4035|6786|11157|8144|10859|11603|7002|5095|PHI,7002|5095|11539|4972|4035|8144|11377|6794|11573|PHI|7611|11603|10218|12472|13337|3678|13276|13405|2306|NO|6869|5022|10219|7591|4137|NYJ|10859|7587|1166|4574|8147|6130|6768|11557|11157|6786
20261006T1701Z,2026,5,1316899936696016896,NCAA BIG 10,2,12545|9221|4199|9493|12501|11632|10236|10232|9754|7042|DET,12501|5849|9502|11569|7042|8172|9754|11600|12547|9757|BUF|DET|4199|7571|13413|10236|9221|11632|7525|9494|9226|11655|12508|12540|13417|10226|13968|9493|13296|6650|12545|9501|8110|11592|10232|6904|12535|13421|8111|12493|13302
20261006T1701Z,2026,5,1316899936696016896,NCAA BIG 10,3,12522|13287|12534|8112|11628|4039|12517|13330|12530|4195|WAS,12670|8210|2505|CIN|8168|13346|7602|7537|11626|12486|12497|13533|12534|12462|4381|11628|4039|12499|9229|8112|12511|12530|13287|4993|CAR|12470|11565|12641|12522|WAS|12543|8135|4195|11638|13272|9999|13330|11261|96|4219|11589|11370|12517
20261006T1701Z,2026,5,1316899936696016896,NCAA BIG 10,4,4881|12481|11586|9997|2216|12484|12502|7567|13286|4227|PIT,7527|9753|6149|10871|8162|CHI|9497|6528|9997|13288|12484|8204|11637|8123|12481|12502|7567|11559|13286|7562|2216|12474|11586|4881|SEA|1339|8205|PIT|4227|13282|13270|8119|9504
20261006T1701Z,2026,5,1316899936696016896,NCAA BIG 10,5,9228|12490|9224|11635|5872|11646|5844|11576|9500|1945|ATL,11564|12510|5970|7528|8127|13402|13345|9500|9224|13348|11646|MIA|13281|12531|7610|10857|5848|1945|12490|11627|13279|13414|ATL|11792|11617|8132|4040|9511|11576|11597|9228|9480|5872|11633|6797|11635|5844|8136|12507|6783
20261006T1701Z,2026,5,1316899936696016896,NCAA BIG 10,6,3294|6790|5967|13298|8167|9756|3214|11435|5947|7839|HOU,KC|8155|13298|4033|9756|11643|13317|11435|11560|13278|12544|SF|8161|12498|13425|13150|9508|6826|4147|13275|13545|GB|12483|11624|8207|10229|13277|3214|5967|11630|5947|8167|9506|7839|8259|3634|6790|12529|BAL|11571|10222|5995|3294|HOU|8698
20261006T1701Z,2026,5,1316899936696016896,NCAA BIG 10,7,4984|6813|4034|7564|7547|2133|1466|4866|9487|12711|LAR,6828|6813|4017|1466|3257|12711|4144|6039|4984|5012|12500|7600|13411|9225|8129|12718|7547|12541|13394|7090|10444|3163|LAR|5119|4866|4034|5859|CLE|11577|12496|13311|4663|8408|DAL|3271|11651|2133|11618|7564|7496|6083|13400|5854|11439|9487
20261006T1701Z,2026,5,1316899936696016896,NCAA BIG 10,8,7523|7543|5892|7526|12514|4983|12521|8154|6819|11786|ARI,11786|12514|12521|12524|13269|13285|13289|13333|1373|1433|2078|2197|2410|2460|2749|3164|3321|4892|4983|5038|5892|6819|7523|7526|7543|7559|7583|8154|8800|ARI|LAC|MIN
20261006T1701Z,2026,5,1316899936696016896,NCAA BIG 10,9,8183|8150|3198|2449|4177|4454|8130|4037|8121|11533|TB,12485|13602|12658|5001|12015|13338|5850|13329|6803|TEN|5857|12494|8121|8150|11623|4454|2449|9481|13420|8183|11595|4177|8917|8130|13353|12048|9479|TB|3198|13424|12482|13401|8225|7021|13264|8180|11237|3286|4046|4037|10955|5870|13380|11579|11533
20261006T1701Z,2026,5,1316899936696016896,NCAA BIG 10,10,11566|7588|12512|9488|12519|11620|11604|12518|8126|13833|NYG,7922|13294|7588|6806|11575|11566|11604|13319|10235|9482|9492|8126|NYG|12520|8230|3161|11583|5189|12492|11581|12512|6271|13307|4981|8143|11596|13423|12509|12518|12519|1737|8117|LV|5906|13833|6804|11620|9488|7049|7828|13301
20261006T1701Z,2026,5,1316899936696016896,NCAA BIG 10,11,6770|9509|12527|5846|6801|5045|9484|11584|12506|12185|DEN,12505|8188|5846|12738|12185|DEN|9758|3451|7594|5045|12506|650|13305|12503|12713|7670|5927|12469|11631|12526|13320|1479|6770|12457|9509|12495|12527|12504|9484|13349|9486|6801|8131|IND|13347|13268|11610|421|7553|11584
20261006T1701Z,2026,5,1316899936696016896,NCAA BIG 10,12,11563|8138|8228|7569|8137|8146|4217|12489|11834|2747|JAX,6865|13324|13491|2307|2747|11783|2020|11834|13293|12467|13274|11625|13404|8228|4950|13297|11563|12536|13303|8151|4217|8148|JAX|8676|12533|4066|8142|10213|12489|12523|8146|8137|12487|7569|10937|12455|8125|12961|11647|4943|8138|NE|8134|7585
20261006T1701Z,2026,5,1316899756005412864,NCAA BIG SKY,1,9228|12507|12529|7547|7526|12526|10236|9500|12518|12713|MIN,MIN|11643|9753|4017|11435|11783|11569|10235|6528|9500|9754|12713|12484|12547|BUF|12526|7547|10236|12483|11624|11632|9494|13414|10219|12508|10213|11596|13424|9511|13296|9228|12518|1737|11589|13347|12535|12529|7526|8111|11610|NE|7828|13301|8698|12507
20261006T1701Z,2026,5,1316899756005412864,NCAA BIG SKY,2,5849|6790|8228|8126|4037|9756|5844|9997|1479|12015|PIT,11566|11583|11618|12015|12457|12509|13269|13286|13293|13417|1426|1479|2307|4037|4137|5189|5844|5848|5849|6790|7527|7528|7607|8126|8205|8228|829|9756|9997|CHI|PIT
20261006T1701Z,2026,5,1316899756005412864,NCAA BIG SKY,3,6770|9221|12534|9488|7525|7569|10859|12481|4199|11539|BAL,13333|13306|6149|11539|7594|5045|12506|12467|5857|13411|12481|4199|11631|12534|6826|13726|12718|12512|3163|9221|6770|7525|4993|12533|13307|12540|4981|10226|4195|7569|5947|9506|10859|1339|IND|6130|5870|BAL|9488|4227|12542
20261006T1701Z,2026,5,1316899756005412864,NCAA BIG SKY,4,11563|8150|8132|8148|13346|13285|8130|11647|11603|2747|NO,11599|12485|5095|13329|5970|2747|3155|13346|6803|11762|9230|SF|6011|12486|8150|11603|10218|12472|12497|13150|11563|13303|8151|12541|8148|NO|4177|7039|11627|8917|CAR|13285|8130|9479|13968|12482|8132|8135|13272|96|9501|8117|10867|11647|5854
20261006T1701Z,2026,5,1316899756005412864,NCAA BIG SKY,5,8183|12527|12490|9487|10232|11834|11604|13287|12489|13833|WAS,13324|13322|11604|11256|8800|9482|8127|11834|8172|12544|12471|11625|13408|7571|12492|12536|9481|13405|8183|12490|12530|13287|11655|12527|8142|5119|TB|12489|12474|12504|11586|WAS|12487|12514|11638|11651|11261|6797|ARI|13833|10232|11620|11635|12493|9487
20261006T1701Z,2026,5,1316899756005412864,NCAA BIG SKY,6,4881|9509|8138|8112|10229|5846|12517|5892|9224|11786|PHI,7922|7588|5846|11575|13289|DEN|9758|10871|13319|13345|13305|13274|5012|9224|11199|PHI|12498|4454|5892|13545|11786|8112|9509|9226|10229|ATL|7523|3321|3271|10937|4881|LV|7496|6804|13268|12961|8138|12517|11579|13302|11584
20261006T1701Z,2026,5,1316899756005412864,NCAA BIG SKY,7,6904|4866|4035|9493|8121|2216|8110|12501|5872|6650|CLE,12501|KC|13298|8210|12510|9502|3257|4035|13278|4144|TEN|13288|12500|11637|11562|11729|8121|5927|9508|7567|11581|5133|4866|CLE|9493|13423|12523|2216|11597|11650|8408|13264|6650|827|5872|9486|8110|8154|6904|10955|5995
20261006T1701Z,2026,5,1316899756005412864,NCAA BIG SKY,8,4984|6813|4034|8137|8144|8167|9484|8146|2133|11533|GB,6865|8188|6813|6806|8155|1466|CIN|13402|13315|4984|8144|8161|9757|13425|13337|7543|2449|GB|7610|12499|JAX|4983|11792|13392|4034|5859|8146|9484|8137|8167|2133|12455|11237|4046|8131|13400|7049|11557|11157|7553|9504|6783|11533
20261006T1701Z,2026,5,1316899756005412864,NCAA BIG SKY,9,4943|11576|4147|13279|11628|13311|3214|13317|12469|650|LAR,12505|4033|5850|13317|6798|9490|2671|4098|2331|650|2431|NYG|8202|3202|4950|MIA|6845|12469|4147|2078|11628|4039|9229|1945|5248|LAR|13279|13300|11565|3214|8258|4171|8143|2410|13311|11576|4988|4892|11633|12524|2315|1166|7608|10222|4943
20261006T1701Z,2026,5,1316899756005412864,NCAA BIG SKY,10,11559|11510|12495|13294|6819|7090|13421|7600|12502|12711|NYJ,11510|11559|11600|11626|11646|12495|12502|12539|12545|12711|13294|13330|13338|13348|13349|13353|13380|13412|13413|13421|13957|167|6819|7042|7090|7585|7600|7602|8147|LAC|NYJ
20261006T1701Z,2026,5,1316899756005412864,NCAA BIG SKY,11,11564|5967|6828|8134|8180|8676|9480|12519|5001|12185|DET,6828|11564|5001|12185|1433|2505|11560|3451|12521|DET|13281|1352|13320|13275|12531|2306|11299|8207|5022|6920|6271|8676|5967|11577|12522|7535|4040|5938|8208|4663|DAL|9999|9480|12519|8180|3286|2197|11571|8119|8134|3294
20261006T1701Z,2026,5,1316899756005412864,NCAA BIG SKY,12,421|3198|7611|7564|6786|6794|4217|6801|7002|7839|HOU,7002|5086|2020|6039|12503|6794|7611|4018|9225|3678|13276|13420|4217|4066|12048|7591|8160|3198|13401|7562|11630|7021|12761|6801|7839|7587|7564|SEA|11608|8259|5906|3634|6083|7538|6768|1373|13270|11370|8136|421|HOU|6786
