LeagueID,LeagueName,DraftID,Round,Pick_No,OverallPick,Picked_By,RosterID,PlayerID,FirstName,LastName,Team,Position,Status,YearsExp
1331774915392577536,NCAA ACC,1331774915409358848,1,1,1,455836851501002752,4,13287,Jeremiyah,Love,ARI,RB,Active,0
1331774915392577536,NCAA ACC,1331774915409358848,1,2,2,1357479935924510720,10,13281,Jordyn,Tyson,NO,WR,Active,0
1331774915392577536,NCAA ACC,1331774915409358848,1,3,3,668318967567323136,9,13279,Carnell,Tate,TEN,WR,Active,0
1331774915392577536,NCAA ACC,1331774915409358848,1,4,4,463453800313647104,6,13286,Jadarian,Price,SEA,RB,Active,0
1331774915392577536,NCAA ACC,1331774915409358848,1,5,5,870105403659309056,3,13294,Makai,Lemon,PHI,WR,Active,0
1331774915392577536,NCAA ACC,1331774915409358848,1,6,6,468618720470626304,5,13298,KC,Concepcion,CLE,WR,Active,0
1331774915392577536,NCAA ACC,1331774915409358848,1,7,7,568115266901286912,2,13269,Fernando,Mendoza,LV,QB,Active,0
1331774915392577536,NCAA ACC,1331774915409358848,1,8,8,458070829909929984,11,13330,Kenyon,Sadiq,NYJ,TE,Active,0
1331774915392577536,NCAA ACC,1331774915409358848,1,9,9,571754879825395712,1,13276,Omar,Cooper,NYJ,WR,Active,0
1331774915392577536,NCAA ACC,1331774915409358848,1,10,10,456168604006608896,8,13346,Denzel,Boston,CLE,WR,Active,0
1331774915392577536,NCAA ACC,1331774915409358848,1,11,11,453658285061435392,7,13345,Jonah,Coleman,DEN,RB,Active,0
1331774915392577536,NCAA ACC,1331774915409358848,1,12,12,302575527556825088,12,13349,Eli,Stowers,PHI,TE,Active,0
1331774915392577536,NCAA ACC,1331774915409358848,2,13,25,1357479935924510720,10,13311,Chris,Bell,MIA,WR,Active,0
1331774915392577536,NCAA ACC,1331774915409358848,2,14,26,456168604006608896,8,13275,Ty,Simpson,LAR,QB,Active,0
1331774915392577536,NCAA ACC,1331774915409358848,2,15,27,668318967567323136,9,13320,Zachariah,Branch,ATL,WR,Active,0
1331774915392577536,NCAA ACC,1331774915409358848,2,16,28,870105403659309056,3,13353,Chris,Brazzell,CAR,WR,Active,0
1331774915392577536,NCAA ACC,1331774915409358848,2,17,29,870105403659309056,3,13268,Elijah,Sarratt,BAL,WR,Active,0
1331774915392577536,NCAA ACC,1331774915409358848,2,18,30,456168604006608896,8,13288,Nicholas,Singleton,TEN,RB,Active,0
1331774915392577536,NCAA ACC,1331774915409358848,2,19,31,463453800313647104,6,13417,De'Zhaun,Stribling,SF,WR,Active,0
1331774915392577536,NCAA ACC,1331774915409358848,2,20,32,458070829909929984,11,13301,Antonio,Williams,WAS,WR,Active,0
1331774915392577536,NCAA ACC,1331774915409358848,2,21,33,455836851501002752,4,13405,Kaytron,Allen,WAS,RB,Active,0
1331774915392577536,NCAA ACC,1331774915409358848,2,22,34,1357479935924510720,10,13337,Emmett,Johnson,KC,RB,Active,0
1331774915392577536,NCAA ACC,1331774915409358848,2,23,35,453658285061435392,7,13348,J'Mari,Taylor,JAX,RB,Active,0
1331774915392577536,NCAA ACC,1331774915409358848,2,24,36,302575527556825088,12,13274,Germie,Bernard,PIT,WR,Active,0
1331774915392577536,NCAA ACC,1331774915409358848,3,25,49,468618720470626304,5,13402,Skyler,Bell,BUF,WR,Active,0
1331774915392577536,NCAA ACC,1331774915409358848,3,26,50,456168604006608896,8,13278,Max,Klare,LAR,TE,Active,0
1331774915392577536,NCAA ACC,1331774915409358848,3,27,51,668318967567323136,9,13317,Ted,Hurst,TB,WR,Active,0
1331774915392577536,NCAA ACC,1331774915409358848,3,28,52,568115266901286912,2,13434,Will,Kacmarek,MIA,TE,Active,0
1331774915392577536,NCAA ACC,1331774915409358848,3,29,53,455836851501002752,4,13414,Kaelon,Black,SF,RB,Active,0
1331774915392577536,NCAA ACC,1331774915409358848,3,30,54,870105403659309056,3,13285,Malachi,Fields,NYG,WR,Active,0
1331774915392577536,NCAA ACC,1331774915409358848,3,31,55,463453800313647104,6,13411,Zavion,Thomas,CHI,WR,Active,0
1331774915392577536,NCAA ACC,1331774915409358848,3,32,56,458070829909929984,11,13293,Ja'Kobi,Lane,BAL,WR,Active,0
1331774915392577536,NCAA ACC,1331774915409358848,3,33,57,571754879825395712,1,13305,Mike,Washington,LV,RB,Active,0
1331774915392577536,NCAA ACC,1331774915409358848,3,34,58,1357479935924510720,10,13319,Oscar,Delp,NO,TE,Active,0
1331774915392577536,NCAA ACC,1331774915409358848,3,35,59,1357479935924510720,10,13404,Garrett,Nussmeier,KC,QB,Active,0
1331774915392577536,NCAA ACC,1331774915409358848,3,36,60,302575527556825088,12,13302,Adam,Randall,BAL,RB,Active,0
1331774915392577536,NCAA ACC,1331774915409358848,4,37,73,870105403659309056,3,13272,Carson,Beck,ARI,QB,Active,0
1331774915392577536,NCAA ACC,1331774915409358848,4,38,74,456168604006608896,8,13421,Eli,Raridon,NE,TE,Active,0
1331774915392577536,NCAA ACC,1331774915409358848,4,39,75,668318967567323136,9,13400,Justin,Joly,DEN,TE,Active,0
1331774915392577536,NCAA ACC,1331774915409358848,4,40,76,568115266901286912,2,13306,Taylen,Green,CLE,QB,Active,0
1331774915392577536,NCAA ACC,1331774915409358848,4,41,77,870105403659309056,3,13282,Jack,Endries,CIN,TE,Active,0
1331774915392577536,NCAA ACC,1331774915409358848,4,42,78,455836851501002752,4,13380,Brenen,Thompson,LAC,WR,Active,0
1331774915392577536,NCAA ACC,1331774915409358848,4,43,79,568115266901286912,2,13545,Trey,Smack,GB,K,Active,0
1331774915392577536,NCAA ACC,1331774915409358848,4,44,80,458070829909929984,11,13289,Drew,Allar,PIT,QB,Active,0
1331774915392577536,NCAA ACC,1331774915409358848,4,45,81,455836851501002752,4,13420,Bryce,Lance,NO,WR,Active,0
1331774915392577536,NCAA ACC,1331774915409358848,4,46,82,870105403659309056,3,13423,Eli,Heidenreich,PIT,RB,Active,0
1331774915392577536,NCAA ACC,1331774915409358848,4,47,83,453658285061435392,7,13418,Robert,Henry,WAS,RB,Active,0
1331774915392577536,NCAA ACC,1331774915409358848,4,48,84,302575527556825088,12,13347,Demond,Claiborne,MIN,RB,Active,0
1316899936696016896,NCAA BIG 10,1316899936708595712,1,1,1,437465313911500800,3,13287,Jeremiyah,Love,ARI,RB,Active,0
1316899936696016896,NCAA BIG 10,1316899936708595712,1,2,2,856759599565475840,5,13281,Jordyn,Tyson,NO,WR,Active,0
1316899936696016896,NCAA BIG 10,1316899936708595712,1,3,3,1354967293209083904,4,13286,Jadarian,Price,SEA,RB,Active,0
1316899936696016896,NCAA BIG 10,1316899936708595712,1,4,4,856759599565475840,5,13279,Carnell,Tate,TEN,WR,Active,0
1316899936696016896,NCAA BIG 10,1316899936708595712,1,5,5,998438693570539520,8,13269,Fernando,Mendoza,LV,QB,Active,0
1316899936696016896,NCAA BIG 10,1316899936708595712,1,6,6,459225788735025152,10,13294,Makai,Lemon,PHI,WR,Active,0
1316899936696016896,NCAA BIG 10,1316899936708595712,1,7,7,437465313911500800,3,13330,Kenyon,Sadiq,NYJ,TE,Active,0
1316899936696016896,NCAA BIG 10,1316899936708595712,1,8,8,460511267564548096,6,13298,KC,Concepcion,CLE,WR,Active,0
1316899936696016896,NCAA BIG 10,1316899936708595712,1,9,9,443870183853912064,12,13274,Germie,Bernard,PIT,WR,Active,0
1316899936696016896,NCAA BIG 10,1316899936708595712,1,10,10,465720627639087104,1,13276,Omar,Cooper,NYJ,WR,Active,0
1316899936696016896,NCAA BIG 10,1316899936708595712,1,11,11,559208653427675136,9,13353,Chris,Brazzell,CAR,WR,Active,0
1316899936696016896,NCAA BIG 10,1316899936708595712,1,12,12,460518714907815936,7,13311,Chris,Bell,MIA,WR,Active,0
1316899936696016896,NCAA BIG 10,1316899936708595712,2,13,25,437465313911500800,3,13346,Denzel,Boston,CLE,WR,Active,0
1316899936696016896,NCAA BIG 10,1316899936708595712,2,14,26,471056290550902784,11,13349,Eli,Stowers,PHI,TE,Active,0
1316899936696016896,NCAA BIG 10,1316899936708595712,2,15,27,1354967293209083904,4,13288,Nicholas,Singleton,TEN,RB,Active,0
1316899936696016896,NCAA BIG 10,1316899936708595712,2,16,28,856759599565475840,5,13345,Jonah,Coleman,DEN,RB,Active,0
1316899936696016896,NCAA BIG 10,1316899936708595712,2,17,29,998438693570539520,8,13285,Malachi,Fields,NYG,WR,Active,0
1316899936696016896,NCAA BIG 10,1316899936708595712,2,18,30,459225788735025152,10,13301,Antonio,Williams,WAS,WR,Active,0
1316899936696016896,NCAA BIG 10,1316899936708595712,2,19,31,438178170542223360,2,13417,De'Zhaun,Stribling,SF,WR,Active,0
1316899936696016896,NCAA BIG 10,1316899936708595712,2,20,32,460511267564548096,6,13317,Ted,Hurst,TB,WR,Active,0
1316899936696016896,NCAA BIG 10,1316899936708595712,2,21,33,471056290550902784,11,13320,Zachariah,Branch,ATL,WR,Active,0
1316899936696016896,NCAA BIG 10,1316899936708595712,2,22,34,471056290550902784,11,13268,Elijah,Sarratt,BAL,WR,Active,0
1316899936696016896,NCAA BIG 10,1316899936708595712,2,23,35,460511267564548096,6,13278,Max,Klare,LAR,TE,Active,0
1316899936696016896,NCAA BIG 10,1316899936708595712,2,24,36,465720627639087104,1,13337,Emmett,Johnson,KC,RB,Active,0
1316899936696016896,NCAA BIG 10,1316899936708595712,3,25,49,437465313911500800,3,13272,Carson,Beck,ARI,QB,Active,0
1316899936696016896,NCAA BIG 10,1316899936708595712,3,26,50,856759599565475840,5,13402,Skyler,Bell,BUF,WR,Active,0
1316899936696016896,NCAA BIG 10,1316899936708595712,3,27,51,1354967293209083904,4,13270,CJ,Daniels,LAR,WR,Active,0
1316899936696016896,NCAA BIG 10,1316899936708595712,3,28,52,856759599565475840,5,13414,Kaelon,Black,SF,RB,Active,0
1316899936696016896,NCAA BIG 10,1316899936708595712,3,29,53,998438693570539520,8,13333,Deion,Burks,IND,WR,Active,0
1316899936696016896,NCAA BIG 10,1316899936708595712,3,30,54,459225788735025152,10,13319,Oscar,Delp,NO,TE,Active,0
1316899936696016896,NCAA BIG 10,1316899936708595712,3,31,55,438178170542223360,2,13421,Eli,Raridon,NE,TE,Active,0
1316899936696016896,NCAA BIG 10,1316899936708595712,3,32,56,460511267564548096,6,13545,Trey,Smack,GB,K,Active,0
1316899936696016896,NCAA BIG 10,1316899936708595712,3,33,57,856759599565475840,5,13348,J'Mari,Taylor,JAX,RB,Active,0
1316899936696016896,NCAA BIG 10,1316899936708595712,3,34,58,471056290550902784,11,13305,Mike,Washington,LV,RB,Active,0
1316899936696016896,NCAA BIG 10,1316899936708595712,3,35,59,559208653427675136,9,13401,Michael,Trigg,DAL,TE,Active,0
1316899936696016896,NCAA BIG 10,1316899936708595712,3,36,60,460518714907815936,7,13394,Josh,Cameron,JAX,WR,Active,0
1316899936696016896,NCAA BIG 10,1316899936708595712,4,37,73,460518714907815936,7,13400,Justin,Joly,DEN,TE,Active,0
1316899936696016896,NCAA BIG 10,1316899936708595712,4,38,74,465720627639087104,1,13405,Kaytron,Allen,WAS,RB,Active,0
1316899936696016896,NCAA BIG 10,1316899936708595712,4,39,75,1354967293209083904,4,13282,Jack,Endries,CIN,TE,Active,0
1316899936696016896,NCAA BIG 10,1316899936708595712,4,40,76,443870183853912064,12,13404,Garrett,Nussmeier,KC,QB,Active,0
1316899936696016896,NCAA BIG 10,1316899936708595712,4,41,77,998438693570539520,8,13289,Drew,Allar,PIT,QB,Active,0
1316899936696016896,NCAA BIG 10,1316899936708595712,4,42,78,459225788735025152,10,13423,Eli,Heidenreich,PIT,RB,Active,0
1316899936696016896,NCAA BIG 10,1316899936708595712,4,43,79,438178170542223360,2,13296,Caleb,Douglas,MIA,WR,Active,0
1316899936696016896,NCAA BIG 10,1316899936708595712,4,44,80,559208653427675136,9,13338,Kevin,Coleman,MIA,WR,Active,0
1316899936696016896,NCAA BIG 10,1316899936708595712,4,45,81,443870183853912064,12,13357,Lance,Mason,SEA,TE,Active,0
1316899936696016896,NCAA BIG 10,1316899936708595712,4,46,82,460518714907815936,7,13411,Zavion,Thomas,CHI,WR,Active,0
1316899936696016896,NCAA BIG 10,1316899936708595712,4,47,83,559208653427675136,9,13420,Bryce,Lance,NO,WR,Active,0
1316899936696016896,NCAA BIG 10,1316899936708595712,4,48,84,443870183853912064,12,13303,Cade,Klubnik,NYJ,QB,Active,0
1331774880181399552,NCAA BIG 12,1331774880185614336,1,1,1,453711063846744064,9,13287,Jeremiyah,Love,ARI,RB,Active,0
1331774880181399552,NCAA BIG 12,1331774880185614336,1,2,2,,1,13279,Carnell,Tate,TEN,WR,Active,0
1331774880181399552,NCAA BIG 12,1331774880185614336,1,3,3,335910160469880832,6,13281,Jordyn,Tyson,NO,WR,Active,0
1331774880181399552,NCAA BIG 12,1331774880185614336,1,4,4,667752373111824384,2,13294,Makai,Lemon,PHI,WR,Active,0
1331774880181399552,NCAA BIG 12,1331774880185614336,1,5,5,453711063846744064,9,13286,Jadarian,Price,SEA,RB,Active,0
1331774880181399552,NCAA BIG 12,1331774880185614336,1,6,6,425362114291437568,4,13298,KC,Concepcion,CLE,WR,Active,0
1331774880181399552,NCAA BIG 12,1331774880185614336,1,7,7,533541056352481280,3,13276,Omar,Cooper,NYJ,WR,Active,0
1331774880181399552,NCAA BIG 12,1331774880185614336,1,8,8,543929284962770944,8,13330,Kenyon,Sadiq,NYJ,TE,Active,0
1331774880181399552,NCAA BIG 12,1331774880185614336,1,9,9,619190004979138560,11,13269,Fernando,Mendoza,LV,QB,Active,0
1331774880181399552,NCAA BIG 12,1331774880185614336,1,10,10,425362114291437568,4,13345,Jonah,Coleman,DEN,RB,Active,0
1331774880181399552,NCAA BIG 12,1331774880185614336,1,11,11,464117743042424832,5,13417,De'Zhaun,Stribling,SF,WR,Active,0
1331774880181399552,NCAA BIG 12,1331774880185614336,1,12,12,464117743042424832,5,13349,Eli,Stowers,PHI,TE,Active,0
1331774880181399552,NCAA BIG 12,1331774880185614336,2,13,25,989926421084557312,10,13346,Denzel,Boston,CLE,WR,Active,0
1331774880181399552,NCAA BIG 12,1331774880185614336,2,14,26,,1,13337,Emmett,Johnson,KC,RB,Active,0
1331774880181399552,NCAA BIG 12,1331774880185614336,2,15,27,335910160469880832,6,13288,Nicholas,Singleton,TEN,RB,Active,0
1331774880181399552,NCAA BIG 12,1331774880185614336,2,16,28,820771678849171456,12,13317,Ted,Hurst,TB,WR,Active,0
1331774880181399552,NCAA BIG 12,1331774880185614336,2,17,29,425362114291437568,4,13311,Chris,Bell,MIA,WR,Active,0
1331774880181399552,NCAA BIG 12,1331774880185614336,2,18,30,425386065373691904,7,13285,Malachi,Fields,NYG,WR,Active,0
1331774880181399552,NCAA BIG 12,1331774880185614336,2,19,31,533541056352481280,3,13301,Antonio,Williams,WAS,WR,Active,0
1331774880181399552,NCAA BIG 12,1331774880185614336,2,20,32,543929284962770944,8,13275,Ty,Simpson,LAR,QB,Active,0
1331774880181399552,NCAA BIG 12,1331774880185614336,2,21,33,619190004979138560,11,13274,Germie,Bernard,PIT,WR,Active,0
1331774880181399552,NCAA BIG 12,1331774880185614336,2,22,34,453711063846744064,9,13293,Ja'Kobi,Lane,BAL,WR,Active,0
1331774880181399552,NCAA BIG 12,1331774880185614336,2,23,35,425386065373691904,7,13320,Zachariah,Branch,ATL,WR,Active,0
1331774880181399552,NCAA BIG 12,1331774880185614336,2,24,36,425386065373691904,7,13402,Skyler,Bell,BUF,WR,Active,0
1331774880181399552,NCAA BIG 12,1331774880185614336,3,25,49,989926421084557312,10,13278,Max,Klare,LAR,TE,Active,0
1331774880181399552,NCAA BIG 12,1331774880185614336,3,26,50,543929284962770944,8,13401,Michael,Trigg,DAL,TE,Active,0
1331774880181399552,NCAA BIG 12,1331774880185614336,3,27,51,335910160469880832,6,13268,Elijah,Sarratt,BAL,WR,Active,0
1331774880181399552,NCAA BIG 12,1331774880185614336,3,28,52,335910160469880832,6,13319,Oscar,Delp,NO,TE,Active,0
1331774880181399552,NCAA BIG 12,1331774880185614336,3,29,53,667752373111824384,2,13272,Carson,Beck,ARI,QB,Active,0
1331774880181399552,NCAA BIG 12,1331774880185614336,3,30,54,667752373111824384,2,13289,Drew,Allar,PIT,QB,Active,0
1331774880181399552,NCAA BIG 12,1331774880185614336,3,31,55,425362114291437568,4,13347,Demond,Claiborne,MIN,RB,Active,0
1331774880181399552,NCAA BIG 12,1331774880185614336,3,32,56,543929284962770944,8,13414,Kaelon,Black,SF,RB,Active,0
1331774880181399552,NCAA BIG 12,1331774880185614336,3,33,57,619190004979138560,11,13305,Mike,Washington,LV,RB,Active,0
1331774880181399552,NCAA BIG 12,1331774880185614336,3,34,58,425362114291437568,1,13296,Caleb,Douglas,MIA,WR,Active,0
1331774880181399552,NCAA BIG 12,1331774880185614336,3,35,59,464117743042424832,5,13421,Eli,Raridon,NE,TE,Active,0
1331774880181399552,NCAA BIG 12,1331774880185614336,3,36,60,425386065373691904,7,13420,Bryce,Lance,NO,WR,Active,0
1331774880181399552,NCAA BIG 12,1331774880185614336,4,37,73,989926421084557312,10,13404,Garrett,Nussmeier,KC,QB,Active,0
1331774880181399552,NCAA BIG 12,1331774880185614336,4,38,74,,1,13303,Cade,Klubnik,NYJ,QB,Active,0
1331774880181399552,NCAA BIG 12,1331774880185614336,4,39,75,335910160469880832,6,13282,Jack,Endries,CIN,TE,Active,0
1331774880181399552,NCAA BIG 12,1331774880185614336,4,40,76,820771678849171456,12,13380,Brenen,Thompson,LAC,WR,Active,0
1331774880181399552,NCAA BIG 12,1331774880185614336,4,41,77,453711063846744064,9,13400,Justin,Joly,DEN,TE,Active,0
1331774880181399552,NCAA BIG 12,1331774880185614336,4,42,78,667752373111824384,2,13403,Jam,Miller,NE,RB,Active,0
1331774880181399552,NCAA BIG 12,1331774880185614336,4,43,79,533541056352481280,3,13424,Seth,McGowan,IND,RB,Active,0
1331774880181399552,NCAA BIG 12,1331774880185614336,4,44,80,533541056352481280,3,13338,Kevin,Coleman,MIA,WR,Active,0
1331774880181399552,NCAA BIG 12,1331774880185614336,4,45,81,619190004979138560,11,13423,Eli,Heidenreich,PIT,RB,Active,0
1331774880181399552,NCAA BIG 12,1331774880185614336,4,46,82,533541056352481280,3,13335,Cole,Payton,PHI,QB,Active,0
1331774880181399552,NCAA BIG 12,1331774880185614336,4,47,83,533541056352481280,3,13306,Taylen,Green,CLE,QB,Active,0
1331774880181399552,NCAA BIG 12,1331774880185614336,4,48,84,425386065373691904,7,13270,CJ,Daniels,LAR,WR,Active,0
1331775206619885568,NCAA BIG EAST & CO.,1331775206636687360,1,1,1,456182244336201728,11,13287,Jeremiyah,Love,ARI,RB,Active,0
1331775206619885568,NCAA BIG EAST & CO.,1331775206636687360,1,2,2,1171256102760251392,2,13281,Jordyn,Tyson,NO,WR,Active,0
1331775206619885568,NCAA BIG EAST & CO.,1331775206636687360,1,3,3,802480422482206720,9,13279,Carnell,Tate,TEN,WR,Active,0
1331775206619885568,NCAA BIG EAST & CO.,1331775206636687360,1,4,4,1087519270663258112,1,13286,Jadarian,Price,SEA,RB,Active,0
1331775206619885568,NCAA BIG EAST & CO.,1331775206636687360,1,5,5,456167283761344512,8,13294,Makai,Lemon,PHI,WR,Active,0
1331775206619885568,NCAA BIG EAST & CO.,1331775206636687360,1,6,6,1336086766108549120,10,13330,Kenyon,Sadiq,NYJ,TE,Active,0
1331775206619885568,NCAA BIG EAST & CO.,1331775206636687360,1,7,7,836025225756934144,5,13298,KC,Concepcion,CLE,WR,Active,0
1331775206619885568,NCAA BIG EAST & CO.,1331775206636687360,1,8,8,64174089933570048,12,13276,Omar,Cooper,NYJ,WR,Active,0
1331775206619885568,NCAA BIG EAST & CO.,1331775206636687360,1,9,9,443323427143544832,6,13349,Eli,Stowers,PHI,TE,Active,0
1331775206619885568,NCAA BIG EAST & CO.,1331775206636687360,1,10,10,718415247781732352,3,13274,Germie,Bernard,PIT,WR,Active,0
1331775206619885568,NCAA BIG EAST & CO.,1331775206636687360,1,11,11,64174089933570048,12,13346,Denzel,Boston,CLE,WR,Active,0
1331775206619885568,NCAA BIG EAST & CO.,1331775206636687360,1,12,12,456129190995947520,4,13345,Jonah,Coleman,DEN,RB,Active,0
1331775206619885568,NCAA BIG EAST & CO.,1331775206636687360,2,13,25,456182244336201728,11,13269,Fernando,Mendoza,LV,QB,Active,0
1331775206619885568,NCAA BIG EAST & CO.,1331775206636687360,2,14,26,1171256102760251392,2,13301,Antonio,Williams,WAS,WR,Active,0
1331775206619885568,NCAA BIG EAST & CO.,1331775206636687360,2,15,27,802480422482206720,9,13337,Emmett,Johnson,KC,RB,Active,0
1331775206619885568,NCAA BIG EAST & CO.,1331775206636687360,2,16,28,1087519270663258112,1,13311,Chris,Bell,MIA,WR,Active,0
1331775206619885568,NCAA BIG EAST & CO.,1331775206636687360,2,17,29,456167283761344512,8,13417,De'Zhaun,Stribling,SF,WR,Active,0
1331775206619885568,NCAA BIG EAST & CO.,1331775206636687360,2,18,30,1336086766108549120,10,13353,Chris,Brazzell,CAR,WR,Active,0
1331775206619885568,NCAA BIG EAST & CO.,1331775206636687360,2,19,31,836025225756934144,5,13288,Nicholas,Singleton,TEN,RB,Active,0
1331775206619885568,NCAA BIG EAST & CO.,1331775206636687360,2,20,32,64174089933570048,12,13320,Zachariah,Branch,ATL,WR,Active,0
1331775206619885568,NCAA BIG EAST & CO.,1331775206636687360,2,21,33,802480422482206720,9,13268,Elijah,Sarratt,BAL,WR,Active,0
1331775206619885568,NCAA BIG EAST & CO.,1331775206636687360,2,22,34,718415247781732352,3,13317,Ted,Hurst,TB,WR,Active,0
1331775206619885568,NCAA BIG EAST & CO.,1331775206636687360,2,23,35,1336086766108549120,10,13293,Ja'Kobi,Lane,BAL,WR,Active,0
1331775206619885568,NCAA BIG EAST & CO.,1331775206636687360,2,24,36,456129190995947520,4,13285,Malachi,Fields,NYG,WR,Active,0
1331775206619885568,NCAA BIG EAST & CO.,1331775206636687360,3,25,49,456182244336201728,11,13275,Ty,Simpson,LAR,QB,Active,0
1331775206619885568,NCAA BIG EAST & CO.,1331775206636687360,3,26,50,1171256102760251392,2,13402,Skyler,Bell,BUF,WR,Active,0
1331775206619885568,NCAA BIG EAST & CO.,1331775206636687360,3,27,51,802480422482206720,9,13420,Bryce,Lance,NO,WR,Active,0
1331775206619885568,NCAA BIG EAST & CO.,1331775206636687360,3,28,52,1087519270663258112,1,13305,Mike,Washington,LV,RB,Active,0
1331775206619885568,NCAA BIG EAST & CO.,1331775206636687360,3,29,53,456129190995947520,4,13405,Kaytron,Allen,WAS,RB,Active,0
1331775206619885568,NCAA BIG EAST & CO.,1331775206636687360,3,30,54,1336086766108549120,10,13278,Max,Klare,LAR,TE,Active,0
1331775206619885568,NCAA BIG EAST & CO.,1331775206636687360,3,31,55,836025225756934144,5,13302,Adam,Randall,BAL,RB,Active,0
1331775206619885568,NCAA BIG EAST & CO.,1331775206636687360,3,32,56,64174089933570048,12,13319,Oscar,Delp,NO,TE,Active,0
1331775206619885568,NCAA BIG EAST & CO.,1331775206636687360,3,33,57,443323427143544832,6,13380,Brenen,Thompson,LAC,WR,Active,0
1331775206619885568,NCAA BIG EAST & CO.,1331775206636687360,3,34,58,718415247781732352,3,13400,Justin,Joly,DEN,TE,Active,0
1331775206619885568,NCAA BIG EAST & CO.,1331775206636687360,3,35,59,456159345906806784,7,13347,Demond,Claiborne,MIN,RB,Active,0
1331775206619885568,NCAA BIG EAST & CO.,1331775206636687360,3,36,60,456167283761344512,8,13348,J'Mari,Taylor,JAX,RB,Active,0
1331775206619885568,NCAA BIG EAST & CO.,1331775206636687360,4,37,73,456182244336201728,11,13414,Kaelon,Black,SF,RB,Active,0
1331775206619885568,NCAA BIG EAST & CO.,1331775206636687360,4,38,74,1171256102760251392,2,13333,Deion,Burks,IND,WR,Active,0
1331775206619885568,NCAA BIG EAST & CO.,1331775206636687360,4,39,75,802480422482206720,9,13401,Michael,Trigg,DAL,TE,Active,0
1331775206619885568,NCAA BIG EAST & CO.,1331775206636687360,4,40,76,1087519270663258112,1,13421,Eli,Raridon,NE,TE,Active,0
1331775206619885568,NCAA BIG EAST & CO.,1331775206636687360,4,41,77,456167283761344512,8,13423,Eli,Heidenreich,PIT,RB,Active,0
1331775206619885568,NCAA BIG EAST & CO.,1331775206636687360,4,42,78,1336086766108549120,10,13424,Seth,McGowan,IND,RB,Active,0
1331775206619885568,NCAA BIG EAST & CO.,1331775206636687360,4,43,79,836025225756934144,5,13296,Caleb,Douglas,MIA,WR,Active,0
1331775206619885568,NCAA BIG EAST & CO.,1331775206636687360,4,44,80,64174089933570048,12,13411,Zavion,Thomas,CHI,WR,Active,0
1331775206619885568,NCAA BIG EAST & CO.,1331775206636687360,4,45,81,443323427143544832,6,13338,Kevin,Coleman,MIA,WR,Active,0
1331775206619885568,NCAA BIG EAST & CO.,1331775206636687360,4,46,82,718415247781732352,3,13491,Kaden,Wetjen,PIT,WR,Active,0
1331775206619885568,NCAA BIG EAST & CO.,1331775206636687360,4,47,83,456167283761344512,8,13545,Trey,Smack,GB,K,Active,0
1331775206619885568,NCAA BIG EAST & CO.,1331775206636687360,4,48,84,456129190995947520,4,13282,Jack,Endries,CIN,TE,Active,0
1316899756005412864,NCAA BIG SKY,1316899756009607168,1,1,1,465934519652839424,5,13287,Jeremiyah,Love,ARI,RB,Active,0
1316899756005412864,NCAA BIG SKY,1316899756009607168,1,2,2,448641292377780224,9,13279,Carnell,Tate,TEN,WR,Active,0
1316899756005412864,NCAA BIG SKY,1316899756009607168,1,3,3,334014945886748672,10,13294,Makai,Lemon,PHI,WR,Active,0
1316899756005412864,NCAA BIG SKY,1316899756009607168,1,4,4,604388962898866176,11,13281,Jordyn,Tyson,NO,WR,Active,0
1316899756005412864,NCAA BIG SKY,1316899756009607168,1,5,5,439255136309604352,2,13286,Jadarian,Price,SEA,RB,Active,0
1316899756005412864,NCAA BIG SKY,1316899756009607168,1,6,6,439255136309604352,2,13269,Fernando,Mendoza,LV,QB,Active,0
1316899756005412864,NCAA BIG SKY,1316899756009607168,1,7,7,519439276311531520,4,13346,Denzel,Boston,CLE,WR,Active,0
1316899756005412864,NCAA BIG SKY,1316899756009607168,1,8,8,78892531970359296,7,13298,KC,Concepcion,CLE,WR,Active,0
1316899756005412864,NCAA BIG SKY,1316899756009607168,1,9,9,519767126595325952,12,13276,Omar,Cooper,NYJ,WR,Active,0
1316899756005412864,NCAA BIG SKY,1316899756009607168,1,10,10,334014945886748672,10,13330,Kenyon,Sadiq,NYJ,TE,Active,0
1316899756005412864,NCAA BIG SKY,1316899756009607168,1,11,11,437413803001376768,8,13337,Emmett,Johnson,KC,RB,Active,0
1316899756005412864,NCAA BIG SKY,1316899756009607168,1,12,12,424793511431262208,6,13345,Jonah,Coleman,DEN,RB,Active,0
1316899756005412864,NCAA BIG SKY,1316899756009607168,2,13,25,334014945886748672,10,13349,Eli,Stowers,PHI,TE,Active,0
1316899756005412864,NCAA BIG SKY,1316899756009607168,2,14,26,448641292377780224,9,13311,Chris,Bell,MIA,WR,Active,0
1316899756005412864,NCAA BIG SKY,1316899756009607168,2,15,27,424793511431262208,6,13274,Germie,Bernard,PIT,WR,Active,0
1316899756005412864,NCAA BIG SKY,1316899756009607168,2,16,28,604388962898866176,11,13320,Zachariah,Branch,ATL,WR,Active,0
1316899756005412864,NCAA BIG SKY,1316899756009607168,2,17,29,456258200757334016,1,13301,Antonio,Williams,WAS,WR,Active,0
1316899756005412864,NCAA BIG SKY,1316899756009607168,2,18,30,519439276311531520,4,13285,Malachi,Fields,NYG,WR,Active,0
1316899756005412864,NCAA BIG SKY,1316899756009607168,2,19,31,439255136309604352,2,13417,De'Zhaun,Stribling,SF,WR,Active,0
1316899756005412864,NCAA BIG SKY,1316899756009607168,2,20,32,78892531970359296,7,13288,Nicholas,Singleton,TEN,RB,Active,0
1316899756005412864,NCAA BIG SKY,1316899756009607168,2,21,33,424793511431262208,6,13268,Elijah,Sarratt,BAL,WR,Active,0
1316899756005412864,NCAA BIG SKY,1316899756009607168,2,22,34,424793511431262208,6,13305,Mike,Washington,LV,RB,Active,0
1316899756005412864,NCAA BIG SKY,1316899756009607168,2,23,35,437413803001376768,8,13402,Skyler,Bell,BUF,WR,Active,0
1316899756005412864,NCAA BIG SKY,1316899756009607168,2,24,36,465934519652839424,5,13405,Kaytron,Allen,WAS,RB,Active,0
1316899756005412864,NCAA BIG SKY,1316899756009607168,3,25,49,334014945886748672,10,13353,Chris,Brazzell,CAR,WR,Active,0
1316899756005412864,NCAA BIG SKY,1316899756009607168,3,26,50,448641292377780224,9,13317,Ted,Hurst,TB,WR,Active,0
1316899756005412864,NCAA BIG SKY,1316899756009607168,3,27,51,334014945886748672,10,13380,Brenen,Thompson,LAC,WR,Active,0
1316899756005412864,NCAA BIG SKY,1316899756009607168,3,28,52,604388962898866176,11,13275,Ty,Simpson,LAR,QB,Active,0
1316899756005412864,NCAA BIG SKY,1316899756009607168,3,29,53,456258200757334016,1,13414,Kaelon,Black,SF,RB,Active,0
1316899756005412864,NCAA BIG SKY,1316899756009607168,3,30,54,424793511431262208,6,13302,Adam,Randall,BAL,RB,Active,0
1316899756005412864,NCAA BIG SKY,1316899756009607168,3,31,55,519439276311531520,4,13272,Carson,Beck,ARI,QB,Active,0
1316899756005412864,NCAA BIG SKY,1316899756009607168,3,32,56,78892531970359296,7,13278,Max,Klare,LAR,TE,Active,0
1316899756005412864,NCAA BIG SKY,1316899756009607168,3,33,57,519767126595325952,12,13270,CJ,Daniels,LAR,WR,Active,0
1316899756005412864,NCAA BIG SKY,1316899756009607168,3,34,58,424793511431262208,6,13289,Drew,Allar,PIT,QB,Active,0
1316899756005412864,NCAA BIG SKY,1316899756009607168,3,35,59,437413803001376768,8,13400,Justin,Joly,DEN,TE,Active,0
1316899756005412864,NCAA BIG SKY,1316899756009607168,3,36,60,449327253101211648,3,13333,Deion,Burks,IND,WR,Active,0
1316899756005412864,NCAA BIG SKY,1316899756009607168,4,37,73,334014945886748672,10,13338,Kevin,Coleman,MIA,WR,Active,0
1316899756005412864,NCAA BIG SKY,1316899756009607168,4,38,74,448641292377780224,9,13300,Le'Veon,Moss,MIA,RB,Active,0
1316899756005412864,NCAA BIG SKY,1316899756009607168,4,39,75,334014945886748672,10,13348,J'Mari,Taylor,JAX,RB,Active,0
1316899756005412864,NCAA BIG SKY,1316899756009607168,4,40,76,424793511431262208,6,13319,Oscar,Delp,NO,TE,Active,0
1316899756005412864,NCAA BIG SKY,1316899756009607168,4,41,77,456258200757334016,1,13347,Demond,Claiborne,MIN,RB,Active,0
1316899756005412864,NCAA BIG SKY,1316899756009607168,4,42,78,519439276311531520,4,13329,Malik,Benson,LV,WR,Active,0
1316899756005412864,NCAA BIG SKY,1316899756009607168,4,43,79,519439276311531520,4,13303,Cade,Klubnik,NYJ,QB,Active,0
1316899756005412864,NCAA BIG SKY,1316899756009607168,4,44,80,78892531970359296,7,13423,Eli,Heidenreich,PIT,RB,Active,0
1316899756005412864,NCAA BIG SKY,1316899756009607168,4,45,81,519767126595325952,12,13401,Michael,Trigg,DAL,TE,Active,0
1316899756005412864,NCAA BIG SKY,1316899756009607168,4,46,82,424793511431262208,6,13545,Trey,Smack,GB,K,Active,0
1316899756005412864,NCAA BIG SKY,1316899756009607168,4,47,83,456258200757334016,1,13296,Caleb,Douglas,MIA,WR,Active,0
1316899756005412864,NCAA BIG SKY,1316899756009607168,4,48,84,449327253101211648,3,13306,Taylen,Green,CLE,QB,Active,0
1331774630620332032,NCAA HISTORICALLY BLACK,1331774630637101056,1,1,1,1240179381624655872,2,13287,Jeremiyah,Love,ARI,RB,Active,0
1331774630620332032,NCAA HISTORICALLY BLACK,1331774630637101056,1,2,2,1260322259726249984,9,13279,Carnell,Tate,TEN,WR,Active,0
1331774630620332032,NCAA HISTORICALLY BLACK,1331774630637101056,1,3,3,519728067978186752,7,13281,Jordyn,Tyson,NO,WR,Active,0
1331774630620332032,NCAA HISTORICALLY BLACK,1331774630637101056,1,4,4,471080793406435328,4,13286,Jadarian,Price,SEA,RB,Active,0
1331774630620332032,NCAA HISTORICALLY BLACK,1331774630637101056,1,5,5,692168840821411840,6,13294,Makai,Lemon,PHI,WR,Active,0
1331774630620332032,NCAA HISTORICALLY BLACK,1331774630637101056,1,6,6,327614483000217600,11,13298,KC,Concepcion,CLE,WR,Active,0
1331774630620332032,NCAA HISTORICALLY BLACK,1331774630637101056,1,7,7,694233255825719296,10,13276,Omar,Cooper,NYJ,WR,Active,0
1331774630620332032,NCAA HISTORICALLY BLACK,1331774630637101056,1,8,8,640052303377952768,3,13330,Kenyon,Sadiq,NYJ,TE,Active,0
1331774630620332032,NCAA HISTORICALLY BLACK,1331774630637101056,1,9,9,520088376557371392,12,13346,Denzel,Boston,CLE,WR,Active,0
1331774630620332032,NCAA HISTORICALLY BLACK,1331774630637101056,1,10,10,471427194132885504,1,13274,Germie,Bernard,PIT,WR,Active,0
1331774630620332032,NCAA HISTORICALLY BLACK,1331774630637101056,1,11,11,467835045181124608,8,13269,Fernando,Mendoza,LV,QB,Active,0
1331774630620332032,NCAA HISTORICALLY BLACK,1331774630637101056,1,12,12,1072700435921838080,5,13349,Eli,Stowers,PHI,TE,Active,0
1331774630620332032,NCAA HISTORICALLY BLACK,1331774630637101056,2,13,25,1240179381624655872,2,13417,De'Zhaun,Stribling,SF,WR,Active,0
1331774630620332032,NCAA HISTORICALLY BLACK,1331774630637101056,2,14,26,1260322259726249984,9,13345,Jonah,Coleman,DEN,RB,Active,0
1331774630620332032,NCAA HISTORICALLY BLACK,1331774630637101056,2,15,27,519728067978186752,7,13337,Emmett,Johnson,KC,RB,Active,0
1331774630620332032,NCAA HISTORICALLY BLACK,1331774630637101056,2,16,28,471080793406435328,4,13288,Nicholas,Singleton,TEN,RB,Active,0
1331774630620332032,NCAA HISTORICALLY BLACK,1331774630637101056,2,17,29,692168840821411840,6,13320,Zachariah,Branch,ATL,WR,Active,0
1331774630620332032,NCAA HISTORICALLY BLACK,1331774630637101056,2,18,30,327614483000217600,11,13275,Ty,Simpson,LAR,QB,Active,0
1331774630620332032,NCAA HISTORICALLY BLACK,1331774630637101056,2,19,31,694233255825719296,10,13405,Kaytron,Allen,WAS,RB,Active,0
1331774630620332032,NCAA HISTORICALLY BLACK,1331774630637101056,2,20,32,640052303377952768,3,13268,Elijah,Sarratt,BAL,WR,Active,0
1331774630620332032,NCAA HISTORICALLY BLACK,1331774630637101056,2,21,33,520088376557371392,12,13301,Antonio,Williams,WAS,WR,Active,0
1331774630620332032,NCAA HISTORICALLY BLACK,1331774630637101056,2,22,34,471427194132885504,1,13311,Chris,Bell,MIA,WR,Active,0
1331774630620332032,NCAA HISTORICALLY BLACK,1331774630637101056,2,23,35,467835045181124608,8,13285,Malachi,Fields,NYG,WR,Active,0
1331774630620332032,NCAA HISTORICALLY BLACK,1331774630637101056,2,24,36,1072700435921838080,5,13293,Ja'Kobi,Lane,BAL,WR,Active,0
1331774630620332032,NCAA HISTORICALLY BLACK,1331774630637101056,3,25,49,1240179381624655872,2,13317,Ted,Hurst,TB,WR,Active,0
1331774630620332032,NCAA HISTORICALLY BLACK,1331774630637101056,3,26,50,1260322259726249984,9,13278,Max,Klare,LAR,TE,Active,0
1331774630620332032,NCAA HISTORICALLY BLACK,1331774630637101056,3,27,51,519728067978186752,7,13401,Michael,Trigg,DAL,TE,Active,0
1331774630620332032,NCAA HISTORICALLY BLACK,1331774630637101056,3,28,52,471080793406435328,4,13319,Oscar,Delp,NO,TE,Active,0
1331774630620332032,NCAA HISTORICALLY BLACK,1331774630637101056,3,29,53,692168840821411840,6,13305,Mike,Washington,LV,RB,Active,0
1331774630620332032,NCAA HISTORICALLY BLACK,1331774630637101056,3,30,54,327614483000217600,11,13302,Adam,Randall,BAL,RB,Active,0
1331774630620332032,NCAA HISTORICALLY BLACK,1331774630637101056,3,31,55,694233255825719296,10,13272,Carson,Beck,ARI,QB,Active,0
1331774630620332032,NCAA HISTORICALLY BLACK,1331774630637101056,3,32,56,640052303377952768,3,13403,Jam,Miller,NE,RB,Active,0
1331774630620332032,NCAA HISTORICALLY BLACK,1331774630637101056,3,33,57,520088376557371392,12,13348,J'Mari,Taylor,JAX,RB,Active,0
1331774630620332032,NCAA HISTORICALLY BLACK,1331774630637101056,3,34,58,471427194132885504,1,13353,Chris,Brazzell,CAR,WR,Inactive,0
1331774630620332032,NCAA HISTORICALLY BLACK,1331774630637101056,3,35,59,467835045181124608,8,13300,Le'Veon,Moss,,RB,Active,0
1331774630620332032,NCAA HISTORICALLY BLACK,1331774630637101056,3,36,60,1072700435921838080,5,13414,Kaelon,Black,SF,RB,Active,0
1331774630620332032,NCAA HISTORICALLY BLACK,1331774630637101056,4,37,73,1240179381624655872,2,13421,Eli,Raridon,NE,TE,Active,0
1331774630620332032,NCAA HISTORICALLY BLACK,1331774630637101056,4,38,74,1260322259726249984,9,13404,Garrett,Nussmeier,KC,QB,Active,0
1331774630620332032,NCAA HISTORICALLY BLACK,1331774630637101056,4,39,75,519728067978186752,7,13289,Drew,Allar,PIT,QB,Active,0
1331774630620332032,NCAA HISTORICALLY BLACK,1331774630637101056,4,40,76,471080793406435328,4,13380,Brenen,Thompson,LAC,WR,Active,0
1331774630620332032,NCAA HISTORICALLY BLACK,1331774630637101056,4,41,77,692168840821411840,6,13402,Skyler,Bell,BUF,WR,Active,0
1331774630620332032,NCAA HISTORICALLY BLACK,1331774630637101056,4,42,78,327614483000217600,11,13416,Roman,Hemby,LV,RB,Active,0
1331774630620332032,NCAA HISTORICALLY BLACK,1331774630637101056,4,43,79,694233255825719296,10,13282,Jack,Endries,CIN,TE,Active,0
1331774630620332032,NCAA HISTORICALLY BLACK,1331774630637101056,4,44,80,640052303377952768,3,13303,Cade,Klubnik,NYJ,QB,Active,0
1331774630620332032,NCAA HISTORICALLY BLACK,1331774630637101056,4,45,81,520088376557371392,12,13400,Justin,Joly,DEN,TE,Active,0
1331774630620332032,NCAA HISTORICALLY BLACK,1331774630637101056,4,46,82,471427194132885504,1,13347,Demond,Claiborne,MIN,RB,Active,0
1331774630620332032,NCAA HISTORICALLY BLACK,1331774630637101056,4,47,83,467835045181124608,8,13322,Sam,Roush,CHI,TE,Active,0
1331774630620332032,NCAA HISTORICALLY BLACK,1331774630637101056,4,48,84,1072700435921838080,5,13338,Kevin,Coleman,MIA,WR,Active,0
1331774741488369664,NCAA IVY,1331774741500948480,1,1,1,470912510262767616,1,13287,Jeremiyah,Love,ARI,RB,Active,0
1331774741488369664,NCAA IVY,1331774741500948480,1,2,2,460895027179024384,11,13279,Carnell,Tate,TEN,WR,Active,0
1331774741488369664,NCAA IVY,1331774741500948480,1,3,3,1135784589957652480,7,13281,Jordyn,Tyson,NO,WR,Active,0
1331774741488369664,NCAA IVY,1331774741500948480,1,4,4,1142198466060402688,10,13298,KC,Concepcion,CLE,WR,Active,0
1331774741488369664,NCAA IVY,1331774741500948480,1,5,5,480124073456693248,3,13294,Makai,Lemon,PHI,WR,Active,0
1331774741488369664,NCAA IVY,1331774741500948480,1,6,6,730628287012921344,2,13286,Jadarian,Price,SEA,RB,Active,0
1331774741488369664,NCAA IVY,1331774741500948480,1,7,7,1402806331622043648,9,13269,Fernando,Mendoza,LV,QB,Active,0
1331774741488369664,NCAA IVY,1331774741500948480,1,8,8,464595147808567296,12,13276,Omar,Cooper,NYJ,WR,Active,0
1331774741488369664,NCAA IVY,1331774741500948480,1,9,9,1017588201080369152,6,13330,Kenyon,Sadiq,NYJ,TE,Active,0
1331774741488369664,NCAA IVY,1331774741500948480,1,10,10,570803989783429120,4,13346,Denzel,Boston,CLE,WR,Active,0
1331774741488369664,NCAA IVY,1331774741500948480,1,11,11,461688192555282432,8,13345,Jonah,Coleman,DEN,RB,Active,0
1331774741488369664,NCAA IVY,1331774741500948480,1,12,12,395321276102627328,5,13288,Nicholas,Singleton,TEN,RB,Active,0
1331774741488369664,NCAA IVY,1331774741500948480,2,13,25,1142198466060402688,10,13320,Zachariah,Branch,ATL,WR,Active,0
1331774741488369664,NCAA IVY,1331774741500948480,2,14,26,730628287012921344,2,13349,Eli,Stowers,PHI,TE,Active,0
1331774741488369664,NCAA IVY,1331774741500948480,2,15,27,1135784589957652480,7,13274,Germie,Bernard,PIT,WR,Active,0
1331774741488369664,NCAA IVY,1331774741500948480,2,16,28,470912510262767616,1,13337,Emmett,Johnson,KC,RB,Active,0
1331774741488369664,NCAA IVY,1331774741500948480,2,17,29,480124073456693248,3,13275,Ty,Simpson,LAR,QB,Active,0
1331774741488369664,NCAA IVY,1331774741500948480,2,18,30,1402806331622043648,9,13311,Chris,Bell,MIA,WR,Active,0
1331774741488369664,NCAA IVY,1331774741500948480,2,19,31,1142198466060402688,10,13414,Kaelon,Black,SF,RB,Active,0
1331774741488369664,NCAA IVY,1331774741500948480,2,20,32,464595147808567296,12,13305,Mike,Washington,LV,RB,Active,0
1331774741488369664,NCAA IVY,1331774741500948480,2,21,33,1017588201080369152,6,13353,Chris,Brazzell,CAR,WR,Active,0
1331774741488369664,NCAA IVY,1331774741500948480,2,22,34,570803989783429120,4,13301,Antonio,Williams,WAS,WR,Active,0
1331774741488369664,NCAA IVY,1331774741500948480,2,23,35,461688192555282432,8,13285,Malachi,Fields,NYG,WR,Active,0
1331774741488369664,NCAA IVY,1331774741500948480,2,24,36,460895027179024384,11,13417,De'Zhaun,Stribling,SF,WR,Active,0
1331774741488369664,NCAA IVY,1331774741500948480,3,25,49,1142198466060402688,10,13272,Carson,Beck,ARI,QB,Active,0
1331774741488369664,NCAA IVY,1331774741500948480,3,26,50,460895027179024384,11,13278,Max,Klare,LAR,TE,Active,0
1331774741488369664,NCAA IVY,1331774741500948480,3,27,51,1135784589957652480,7,13293,Ja'Kobi,Lane,BAL,WR,Active,0
1331774741488369664,NCAA IVY,1331774741500948480,3,28,52,470912510262767616,1,13268,Elijah,Sarratt,BAL,WR,Active,0
1331774741488369664,NCAA IVY,1331774741500948480,3,29,53,480124073456693248,3,13302,Adam,Randall,BAL,RB,Active,0
1331774741488369664,NCAA IVY,1331774741500948480,3,30,54,1402806331622043648,9,13405,Kaytron,Allen,WAS,RB,Active,0
1331774741488369664,NCAA IVY,1331774741500948480,3,31,55,460895027179024384,11,13317,Ted,Hurst,TB,WR,Active,0
1331774741488369664,NCAA IVY,1331774741500948480,3,32,56,464595147808567296,12,13402,Skyler,Bell,BUF,WR,Active,0
1331774741488369664,NCAA IVY,1331774741500948480,3,33,57,1017588201080369152,6,13380,Brenen,Thompson,LAC,WR,Active,0
1331774741488369664,NCAA IVY,1331774741500948480,3,34,58,570803989783429120,4,13303,Cade,Klubnik,NYJ,QB,Active,0
1331774741488369664,NCAA IVY,1331774741500948480,3,35,59,461688192555282432,8,13319,Oscar,Delp,NO,TE,Active,0
1331774741488369664,NCAA IVY,1331774741500948480,3,36,60,395321276102627328,5,13423,Eli,Heidenreich,PIT,RB,Active,0
1331774741488369664,NCAA IVY,1331774741500948480,4,37,73,1142198466060402688,10,13347,Demond,Claiborne,MIN,RB,Active,0
1331774741488369664,NCAA IVY,1331774741500948480,4,38,74,1142198466060402688,10,13404,Garrett,Nussmeier,KC,QB,Active,0
1331774741488369664,NCAA IVY,1331774741500948480,4,39,75,1135784589957652480,7,13289,Drew,Allar,PIT,QB,Active,0
1331774741488369664,NCAA IVY,1331774741500948480,4,40,76,470912510262767616,1,13400,Justin,Joly,DEN,TE,Active,0
1331774741488369664,NCAA IVY,1331774741500948480,4,41,77,480124073456693248,3,13401,Michael,Trigg,DAL,TE,Active,0
1331774741488369664,NCAA IVY,1331774741500948480,4,42,78,1402806331622043648,9,13421,Eli,Raridon,NE,TE,Active,0
1331774741488369664,NCAA IVY,1331774741500948480,4,43,79,460895027179024384,11,13348,J'Mari,Taylor,JAX,RB,Active,0
1331774741488369664,NCAA IVY,1331774741500948480,4,44,80,464595147808567296,12,13296,Caleb,Douglas,MIA,WR,Active,0
1331774741488369664,NCAA IVY,1331774741500948480,4,45,81,1017588201080369152,6,13403,Jam,Miller,NE,RB,Active,0
1331774741488369664,NCAA IVY,1331774741500948480,4,46,82,570803989783429120,4,13282,Jack,Endries,CIN,TE,Active,0
1331774741488369664,NCAA IVY,1331774741500948480,4,47,83,461688192555282432,8,13545,Trey,Smack,GB,K,Active,0
1331774741488369664,NCAA IVY,1331774741500948480,4,48,84,395321276102627328,5,13408,Tanner,Koziol,JAX,TE,Active,0
1331774599196585984,NCAA MOUNTAIN WEST,1331774599209168896,1,1,1,1124191785678430208,5,13287,Jeremiyah,Love,ARI,RB,Active,0
1331774599196585984,NCAA MOUNTAIN WEST,1331774599209168896,1,2,2,604155835978944512,7,13279,Carnell,Tate,TEN,WR,Active,0
1331774599196585984,NCAA MOUNTAIN WEST,1331774599209168896,1,3,3,1124191785678430208,5,13281,Jordyn,Tyson,NO,WR,Active,0
1331774599196585984,NCAA MOUNTAIN WEST,1331774599209168896,1,4,4,325726913966395392,8,13294,Makai,Lemon,PHI,WR,Active,0
1331774599196585984,NCAA MOUNTAIN WEST,1331774599209168896,1,5,5,837430327189295104,6,13286,Jadarian,Price,SEA,RB,Active,0
1331774599196585984,NCAA MOUNTAIN WEST,1331774599209168896,1,6,6,734939566091436032,12,13298,KC,Concepcion,CLE,WR,Active,0
1331774599196585984,NCAA MOUNTAIN WEST,1331774599209168896,1,7,7,463106510101147648,2,13269,Fernando,Mendoza,LV,QB,Active,0
1331774599196585984,NCAA MOUNTAIN WEST,1331774599209168896,1,8,8,589001974318403584,9,13330,Kenyon,Sadiq,NYJ,TE,Active,0
1331774599196585984,NCAA MOUNTAIN WEST,1331774599209168896,1,9,9,560626155833876480,3,13276,Omar,Cooper,NYJ,WR,Active,0
1331774599196585984,NCAA MOUNTAIN WEST,1331774599209168896,1,10,10,702897403514159104,11,13311,Chris,Bell,MIA,WR,Active,0
1331774599196585984,NCAA MOUNTAIN WEST,1331774599209168896,1,11,11,596835723861082112,1,13349,Eli,Stowers,PHI,TE,Active,0
1331774599196585984,NCAA MOUNTAIN WEST,1331774599209168896,1,12,12,1374560757252890624,10,13288,Nicholas,Singleton,TEN,RB,Active,0
1331774599196585984,NCAA MOUNTAIN WEST,1331774599209168896,2,13,25,1132868015638532096,4,13346,Denzel,Boston,CLE,WR,Active,0
1331774599196585984,NCAA MOUNTAIN WEST,1331774599209168896,2,14,26,604155835978944512,7,13345,Jonah,Coleman,DEN,RB,Active,0
1331774599196585984,NCAA MOUNTAIN WEST,1331774599209168896,2,15,27,1124191785678430208,5,13320,Zachariah,Branch,ATL,WR,Active,0
1331774599196585984,NCAA MOUNTAIN WEST,1331774599209168896,2,16,28,325726913966395392,8,13274,Germie,Bernard,PIT,WR,Active,0
1331774599196585984,NCAA MOUNTAIN WEST,1331774599209168896,2,17,29,837430327189295104,6,13301,Antonio,Williams,WAS,WR,Active,0
1331774599196585984,NCAA MOUNTAIN WEST,1331774599209168896,2,18,30,604155835978944512,7,13417,De'Zhaun,Stribling,SF,WR,Active,0
1331774599196585984,NCAA MOUNTAIN WEST,1331774599209168896,2,19,31,604155835978944512,7,13337,Emmett,Johnson,KC,RB,Active,0
1331774599196585984,NCAA MOUNTAIN WEST,1331774599209168896,2,20,32,589001974318403584,9,13405,Kaytron,Allen,WAS,RB,Active,0
1331774599196585984,NCAA MOUNTAIN WEST,1331774599209168896,2,21,33,560626155833876480,3,13275,Ty,Simpson,LAR,QB,Active,0
1331774599196585984,NCAA MOUNTAIN WEST,1331774599209168896,2,22,34,702897403514159104,11,13302,Adam,Randall,BAL,RB,Active,0
1331774599196585984,NCAA MOUNTAIN WEST,1331774599209168896,2,23,35,596835723861082112,1,13285,Malachi,Fields,NYG,WR,Active,0
1331774599196585984,NCAA MOUNTAIN WEST,1331774599209168896,2,24,36,1374560757252890624,10,13268,Elijah,Sarratt,BAL,WR,Active,0
1331774599196585984,NCAA MOUNTAIN WEST,1331774599209168896,3,25,49,1132868015638532096,4,13278,Max,Klare,LAR,TE,Active,0
1331774599196585984,NCAA MOUNTAIN WEST,1331774599209168896,3,26,50,604155835978944512,7,13353,Chris,Brazzell,CAR,WR,Active,0
1331774599196585984,NCAA MOUNTAIN WEST,1331774599209168896,3,27,51,560626155833876480,3,13317,Ted,Hurst,TB,WR,Active,0
1331774599196585984,NCAA MOUNTAIN WEST,1331774599209168896,3,28,52,325726913966395392,8,13305,Mike,Washington,LV,RB,Active,0
1331774599196585984,NCAA MOUNTAIN WEST,1331774599209168896,3,29,53,463106510101147648,2,13421,Eli,Raridon,NE,TE,Active,0
1331774599196585984,NCAA MOUNTAIN WEST,1331774599209168896,3,30,54,596835723861082112,1,13402,Skyler,Bell,BUF,WR,Active,0
1331774599196585984,NCAA MOUNTAIN WEST,1331774599209168896,3,31,55,463106510101147648,2,13420,Bryce,Lance,NO,WR,Active,0
1331774599196585984,NCAA MOUNTAIN WEST,1331774599209168896,3,32,56,589001974318403584,9,13347,Demond,Claiborne,MIN,RB,Active,0
1331774599196585984,NCAA MOUNTAIN WEST,1331774599209168896,3,33,57,560626155833876480,3,13293,Ja'Kobi,Lane,BAL,WR,Active,0
1331774599196585984,NCAA MOUNTAIN WEST,1331774599209168896,3,34,58,702897403514159104,11,13319,Oscar,Delp,NO,TE,Active,0
1331774599196585984,NCAA MOUNTAIN WEST,1331774599209168896,3,35,59,702897403514159104,11,13272,Carson,Beck,ARI,QB,Active,0
1331774599196585984,NCAA MOUNTAIN WEST,1331774599209168896,3,36,60,837430327189295104,6,13414,Kaelon,Black,SF,RB,Active,0
1331774599196585984,NCAA MOUNTAIN WEST,1331774599209168896,4,37,73,1132868015638532096,4,13404,Garrett,Nussmeier,KC,QB,Active,0
1331774599196585984,NCAA MOUNTAIN WEST,1331774599209168896,4,38,74,604155835978944512,7,13303,Cade,Klubnik,NYJ,QB,Active,0
1331774599196585984,NCAA MOUNTAIN WEST,1331774599209168896,4,39,75,1124191785678430208,5,13401,Michael,Trigg,DAL,TE,Active,0
1331774599196585984,NCAA MOUNTAIN WEST,1331774599209168896,4,40,76,325726913966395392,8,13289,Drew,Allar,PIT,QB,Active,0
1331774599196585984,NCAA MOUNTAIN WEST,1331774599209168896,4,41,77,837430327189295104,6,13423,Eli,Heidenreich,PIT,RB,Active,0
1331774599196585984,NCAA MOUNTAIN WEST,1331774599209168896,4,42,78,604155835978944512,7,13424,Seth,McGowan,IND,RB,Active,0
1331774599196585984,NCAA MOUNTAIN WEST,1331774599209168896,4,43,79,463106510101147648,2,13600,Tyren,Montgomery,TEN,WR,Active,0
1331774599196585984,NCAA MOUNTAIN WEST,1331774599209168896,4,44,80,589001974318403584,9,13403,Jam,Miller,NE,RB,Active,0
1331774599196585984,NCAA MOUNTAIN WEST,1331774599209168896,4,45,81,560626155833876480,3,13300,Le'Veon,Moss,,RB,Active,0
1331774599196585984,NCAA MOUNTAIN WEST,1331774599209168896,4,46,82,596835723861082112,1,13545,Trey,Smack,GB,K,Active,0
1331774599196585984,NCAA MOUNTAIN WEST,1331774599209168896,4,47,83,596835723861082112,1,13400,Justin,Joly,DEN,TE,Active,0
1331774599196585984,NCAA MOUNTAIN WEST,1331774599209168896,4,48,84,837430327189295104,6,13418,Robert,Henry,WAS,RB,Active,0
1331774544905510912,NCAA OHIO VALLEY,1331774544913895424,1,1,1,426756284365160448,8,13287,Jeremiyah,Love,ARI,RB,Active,0
1331774544905510912,NCAA OHIO VALLEY,1331774544913895424,1,2,2,635700695584043008,7,13279,Carnell,Tate,TEN,WR,Active,0
1331774544905510912,NCAA OHIO VALLEY,1331774544913895424,1,3,3,997659278062272512,9,13294,Makai,Lemon,PHI,WR,Active,0
1331774544905510912,NCAA OHIO VALLEY,1331774544913895424,1,4,4,468944645166985216,3,13281,Jordyn,Tyson,NO,WR,Active,0
1331774544905510912,NCAA OHIO VALLEY,1331774544913895424,1,5,5,571753677428977664,1,13298,KC,Concepcion,CLE,WR,Active,0
1331774544905510912,NCAA OHIO VALLEY,1331774544913895424,1,6,6,474662041341128704,5,13286,Jadarian,Price,SEA,RB,Active,0
1331774544905510912,NCAA OHIO VALLEY,1331774544913895424,1,7,7,300814106795974656,12,13330,Kenyon,Sadiq,NYJ,TE,Active,0
1331774544905510912,NCAA OHIO VALLEY,1331774544913895424,1,8,8,331558449374593024,6,13349,Eli,Stowers,PHI,TE,Active,0
1331774544905510912,NCAA OHIO VALLEY,1331774544913895424,1,9,9,594242128851296256,10,13276,Omar,Cooper,NYJ,WR,Active,0
1331774544905510912,NCAA OHIO VALLEY,1331774544913895424,1,10,10,601198801197260800,2,13301,Antonio,Williams,WAS,WR,Active,0
1331774544905510912,NCAA OHIO VALLEY,1331774544913895424,1,11,11,594242128851296256,10,13288,Nicholas,Singleton,TEN,RB,Active,0
1331774544905510912,NCAA OHIO VALLEY,1331774544913895424,1,12,12,472879969664495616,4,13346,Denzel,Boston,CLE,WR,Active,0
1331774544905510912,NCAA OHIO VALLEY,1331774544913895424,2,13,25,426756284365160448,8,13311,Chris,Bell,MIA,WR,Active,0
1331774544905510912,NCAA OHIO VALLEY,1331774544913895424,2,14,26,635700695584043008,7,13269,Fernando,Mendoza,LV,QB,Active,0
1331774544905510912,NCAA OHIO VALLEY,1331774544913895424,2,15,27,997659278062272512,9,13337,Emmett,Johnson,KC,RB,Active,0
1331774544905510912,NCAA OHIO VALLEY,1331774544913895424,2,16,28,468944645166985216,3,13274,Germie,Bernard,PIT,WR,Active,0
1331774544905510912,NCAA OHIO VALLEY,1331774544913895424,2,17,29,571753677428977664,1,13353,Chris,Brazzell,CAR,WR,Active,0
1331774544905510912,NCAA OHIO VALLEY,1331774544913895424,2,18,30,426756284365160448,8,13417,De'Zhaun,Stribling,SF,WR,Active,0
1331774544905510912,NCAA OHIO VALLEY,1331774544913895424,2,19,31,594242128851296256,10,13345,Jonah,Coleman,DEN,RB,Active,0
1331774544905510912,NCAA OHIO VALLEY,1331774544913895424,2,20,32,638193564806897664,11,13320,Zachariah,Branch,ATL,WR,Active,0
1331774544905510912,NCAA OHIO VALLEY,1331774544913895424,2,21,33,331558449374593024,6,13317,Ted,Hurst,TB,WR,Active,0
1331774544905510912,NCAA OHIO VALLEY,1331774544913895424,2,22,34,601198801197260800,2,13405,Kaytron,Allen,WAS,RB,Active,0
1331774544905510912,NCAA OHIO VALLEY,1331774544913895424,2,23,35,594242128851296256,10,13268,Elijah,Sarratt,BAL,WR,Active,0
1331774544905510912,NCAA OHIO VALLEY,1331774544913895424,2,24,36,472879969664495616,4,13275,Ty,Simpson,LAR,QB,Active,0
1331774544905510912,NCAA OHIO VALLEY,1331774544913895424,3,25,49,594242128851296256,10,13278,Max,Klare,LAR,TE,Active,0
1331774544905510912,NCAA OHIO VALLEY,1331774544913895424,3,26,50,635700695584043008,7,13402,Skyler,Bell,BUF,WR,Active,0
1331774544905510912,NCAA OHIO VALLEY,1331774544913895424,3,27,51,997659278062272512,9,13423,Eli,Heidenreich,PIT,RB,Active,0
1331774544905510912,NCAA OHIO VALLEY,1331774544913895424,3,28,52,468944645166985216,3,13305,Mike,Washington,LV,RB,Active,0
1331774544905510912,NCAA OHIO VALLEY,1331774544913895424,3,29,53,571753677428977664,1,13302,Adam,Randall,BAL,RB,Active,0
1331774544905510912,NCAA OHIO VALLEY,1331774544913895424,3,30,54,474662041341128704,5,13414,Kaelon,Black,SF,RB,Active,0
1331774544905510912,NCAA OHIO VALLEY,1331774544913895424,3,31,55,300814106795974656,12,13309,Aaron,Anderson,CLE,WR,Active,0
1331774544905510912,NCAA OHIO VALLEY,1331774544913895424,3,32,56,638193564806897664,11,13319,Oscar,Delp,NO,TE,Active,0
1331774544905510912,NCAA OHIO VALLEY,1331774544913895424,3,33,57,331558449374593024,6,13347,Demond,Claiborne,MIN,RB,Active,0
1331774544905510912,NCAA OHIO VALLEY,1331774544913895424,3,34,58,601198801197260800,2,13289,Drew,Allar,PIT,QB,Active,0
1331774544905510912,NCAA OHIO VALLEY,1331774544913895424,3,35,59,426756284365160448,8,13420,Bryce,Lance,NO,WR,Active,0
1331774544905510912,NCAA OHIO VALLEY,1331774544913895424,3,36,60,472879969664495616,4,13401,Michael,Trigg,DAL,TE,Active,0
1331774544905510912,NCAA OHIO VALLEY,1331774544913895424,4,37,73,426756284365160448,8,13296,Caleb,Douglas,MIA,WR,Active,0
1331774544905510912,NCAA OHIO VALLEY,1331774544913895424,4,38,74,635700695584043008,7,13348,J'Mari,Taylor,JAX,RB,Active,0
1331774544905510912,NCAA OHIO VALLEY,1331774544913895424,4,39,75,997659278062272512,9,13338,Kevin,Coleman,MIA,WR,Active,0
1331774544905510912,NCAA OHIO VALLEY,1331774544913895424,4,40,76,468944645166985216,3,13380,Brenen,Thompson,LAC,WR,Active,0
1331774544905510912,NCAA OHIO VALLEY,1331774544913895424,4,41,77,571753677428977664,1,13270,CJ,Daniels,LAR,WR,Active,0
1331774544905510912,NCAA OHIO VALLEY,1331774544913895424,4,42,78,474662041341128704,5,13421,Eli,Raridon,NE,TE,Active,0
1331774544905510912,NCAA OHIO VALLEY,1331774544913895424,4,43,79,300814106795974656,12,13424,Seth,McGowan,IND,RB,Active,0
1331774544905510912,NCAA OHIO VALLEY,1331774544913895424,4,44,80,594242128851296256,10,13272,Carson,Beck,ARI,QB,Active,0
1331774544905510912,NCAA OHIO VALLEY,1331774544913895424,4,45,81,426756284365160448,8,13400,Justin,Joly,DEN,TE,Active,0
1331774544905510912,NCAA OHIO VALLEY,1331774544913895424,4,46,82,601198801197260800,2,13303,Cade,Klubnik,NYJ,QB,Active,0
1331774544905510912,NCAA OHIO VALLEY,1331774544913895424,4,47,83,300814106795974656,12,13307,Marlin,Klein,HOU,TE,Active,0
1331774544905510912,NCAA OHIO VALLEY,1331774544913895424,4,48,84,472879969664495616,4,13300,Le'Veon,Moss,,RB,Active,0
1331775106527006720,NCAA PAC 12,1331775106543816704,1,1,1,917575404431831040,1,13287,Jeremiyah,Love,ARI,RB,Active,0
1331775106527006720,NCAA PAC 12,1331775106543816704,1,2,2,460348260653985792,8,13279,Carnell,Tate,TEN,WR,Active,0
1331775106527006720,NCAA PAC 12,1331775106543816704,1,3,3,460348260653985792,8,13286,Jadarian,Price,SEA,RB,Active,0
1331775106527006720,NCAA PAC 12,1331775106543816704,1,4,4,470320542868566016,3,13281,Jordyn,Tyson,NO,WR,Active,0
1331775106527006720,NCAA PAC 12,1331775106543816704,1,5,5,454372407956729856,5,13298,KC,Concepcion,CLE,WR,Active,0
1331775106527006720,NCAA PAC 12,1331775106543816704,1,6,6,519390092788297728,9,13330,Kenyon,Sadiq,NYJ,TE,Active,0
1331775106527006720,NCAA PAC 12,1331775106543816704,1,7,7,597246797479469056,7,13294,Makai,Lemon,PHI,WR,Active,0
1331775106527006720,NCAA PAC 12,1331775106543816704,1,8,8,470320542868566016,3,13269,Fernando,Mendoza,LV,QB,Active,0
1331775106527006720,NCAA PAC 12,1331775106543816704,1,9,9,470320542868566016,3,13276,Omar,Cooper,NYJ,WR,Active,0
1331775106527006720,NCAA PAC 12,1331775106543816704,1,10,10,338823136923381760,6,13349,Eli,Stowers,PHI,TE,Active,0
1331775106527006720,NCAA PAC 12,1331775106543816704,1,11,11,450806182555152384,12,13346,Denzel,Boston,CLE,WR,Active,0
1331775106527006720,NCAA PAC 12,1331775106543816704,1,12,12,460348260653985792,8,13320,Zachariah,Branch,ATL,WR,Active,0
1331775106527006720,NCAA PAC 12,1331775106543816704,2,13,25,917575404431831040,1,13345,Jonah,Coleman,DEN,RB,Active,0
1331775106527006720,NCAA PAC 12,1331775106543816704,2,14,26,519390092788297728,9,13274,Germie,Bernard,PIT,WR,Active,0
1331775106527006720,NCAA PAC 12,1331775106543816704,2,15,27,477666723663704064,4,13275,Ty,Simpson,LAR,QB,Active,0
1331775106527006720,NCAA PAC 12,1331775106543816704,2,16,28,477666723663704064,4,13288,Nicholas,Singleton,TEN,RB,Active,0
1331775106527006720,NCAA PAC 12,1331775106543816704,2,17,29,454372407956729856,5,13337,Emmett,Johnson,KC,RB,Active,0
1331775106527006720,NCAA PAC 12,1331775106543816704,2,18,30,76460245878456320,11,13301,Antonio,Williams,WAS,WR,Active,0
1331775106527006720,NCAA PAC 12,1331775106543816704,2,19,31,477666723663704064,4,13311,Chris,Bell,MIA,WR,Active,0
1331775106527006720,NCAA PAC 12,1331775106543816704,2,20,32,709857172258881536,2,13353,Chris,Brazzell,CAR,WR,Active,0
1331775106527006720,NCAA PAC 12,1331775106543816704,2,21,33,519390092788297728,9,13417,De'Zhaun,Stribling,SF,WR,Active,0
1331775106527006720,NCAA PAC 12,1331775106543816704,2,22,34,470320542868566016,3,13317,Ted,Hurst,TB,WR,Active,0
1331775106527006720,NCAA PAC 12,1331775106543816704,2,23,35,519390092788297728,9,13545,Trey,Smack,GB,K,Active,0
1331775106527006720,NCAA PAC 12,1331775106543816704,2,24,36,338823136923381760,6,13268,Elijah,Sarratt,BAL,WR,Active,0
1331775106527006720,NCAA PAC 12,1331775106543816704,3,25,49,917575404431831040,1,13402,Skyler,Bell,BUF,WR,Active,0
1331775106527006720,NCAA PAC 12,1331775106543816704,3,26,50,519390092788297728,9,13278,Max,Klare,LAR,TE,Active,0
1331775106527006720,NCAA PAC 12,1331775106543816704,3,27,51,338823136923381760,6,13348,J'Mari,Taylor,JAX,RB,Active,0
1331775106527006720,NCAA PAC 12,1331775106543816704,3,28,52,338823136923381760,6,13338,Kevin,Coleman,MIA,WR,Active,0
1331775106527006720,NCAA PAC 12,1331775106543816704,3,29,53,454372407956729856,5,13285,Malachi,Fields,NYG,WR,Active,0
1331775106527006720,NCAA PAC 12,1331775106543816704,3,30,54,76460245878456320,11,13305,Mike,Washington,LV,RB,Active,0
1331775106527006720,NCAA PAC 12,1331775106543816704,3,31,55,470320542868566016,3,13405,Kaytron,Allen,WAS,RB,Active,0
1331775106527006720,NCAA PAC 12,1331775106543816704,3,32,56,470320542868566016,3,13347,Demond,Claiborne,MIN,RB,Active,0
1331775106527006720,NCAA PAC 12,1331775106543816704,3,33,57,470320542868566016,3,13424,Seth,McGowan,IND,RB,Active,0
1331775106527006720,NCAA PAC 12,1331775106543816704,3,34,58,338823136923381760,6,13302,Adam,Randall,BAL,RB,Active,0
1331775106527006720,NCAA PAC 12,1331775106543816704,3,35,59,470320542868566016,3,13421,Eli,Raridon,NE,TE,Active,0
1331775106527006720,NCAA PAC 12,1331775106543816704,3,36,60,709857172258881536,2,13293,Ja'Kobi,Lane,BAL,WR,Active,0
1331775106527006720,NCAA PAC 12,1331775106543816704,4,37,73,477666723663704064,4,13319,Oscar,Delp,NO,TE,Active,0
1331775106527006720,NCAA PAC 12,1331775106543816704,4,38,74,519390092788297728,9,13437,Noah,Whittington,HOU,RB,Active,0
1331775106527006720,NCAA PAC 12,1331775106543816704,4,39,75,460348260653985792,8,13414,Kaelon,Black,SF,RB,Active,0
1331775106527006720,NCAA PAC 12,1331775106543816704,4,40,76,477666723663704064,4,13289,Drew,Allar,PIT,QB,Active,0
1331775106527006720,NCAA PAC 12,1331775106543816704,4,41,77,454372407956729856,5,13272,Carson,Beck,ARI,QB,Active,0
1331775106527006720,NCAA PAC 12,1331775106543816704,4,42,78,76460245878456320,11,13380,Brenen,Thompson,LAC,WR,Active,0
1331775106527006720,NCAA PAC 12,1331775106543816704,4,43,79,519390092788297728,9,13329,Malik,Benson,LV,WR,Active,0
1331775106527006720,NCAA PAC 12,1331775106543816704,4,44,80,519390092788297728,9,13434,Will,Kacmarek,MIA,TE,Active,0
1331775106527006720,NCAA PAC 12,1331775106543816704,4,45,81,534619662650601472,10,13420,Bryce,Lance,NO,WR,Active,0
1331775106527006720,NCAA PAC 12,1331775106543816704,4,46,82,597246797479469056,7,13413,Cyrus,Allen,KC,WR,Active,0
1331775106527006720,NCAA PAC 12,1331775106543816704,4,47,83,450806182555152384,12,13400,Justin,Joly,DEN,TE,Active,0
1331775106527006720,NCAA PAC 12,1331775106543816704,4,48,84,519390092788297728,9,13394,Josh,Cameron,JAX,WR,Active,0
1331774804222545920,NCAA PIONEER,1331774804230955008,1,1,1,739984250304135168,12,13287,Jeremiyah,Love,ARI,RB,Active,0
1331774804222545920,NCAA PIONEER,1331774804230955008,1,2,2,398884413687001088,7,13279,Carnell,Tate,TEN,WR,Active,0
1331774804222545920,NCAA PIONEER,1331774804230955008,1,3,3,993737529142693888,1,13286,Jadarian,Price,SEA,RB,Active,0
1331774804222545920,NCAA PIONEER,1331774804230955008,1,4,4,455753261765357568,6,13281,Jordyn,Tyson,NO,WR,Active,0
1331774804222545920,NCAA PIONEER,1331774804230955008,1,5,5,739984250304135168,12,13294,Makai,Lemon,PHI,WR,Active,0
1331774804222545920,NCAA PIONEER,1331774804230955008,1,6,6,439351925129867264,4,13298,KC,Concepcion,CLE,WR,Active,0
1331774804222545920,NCAA PIONEER,1331774804230955008,1,7,7,602687087556231168,9,13276,Omar,Cooper,NYJ,WR,Active,0
1331774804222545920,NCAA PIONEER,1331774804230955008,1,8,8,339931221767249920,8,13330,Kenyon,Sadiq,NYJ,TE,Active,0
1331774804222545920,NCAA PIONEER,1331774804230955008,1,9,9,325873712534421504,11,13269,Fernando,Mendoza,LV,QB,Active,0
1331774804222545920,NCAA PIONEER,1331774804230955008,1,10,10,468638573403303936,2,13346,Denzel,Boston,CLE,WR,Active,0
1331774804222545920,NCAA PIONEER,1331774804230955008,1,11,11,459110344502013952,3,13301,Antonio,Williams,WAS,WR,Active,0
1331774804222545920,NCAA PIONEER,1331774804230955008,1,12,12,315736569111650304,10,13349,Eli,Stowers,PHI,TE,Active,0
1331774804222545920,NCAA PIONEER,1331774804230955008,2,13,25,739984250304135168,12,13345,Jonah,Coleman,DEN,RB,Active,0
1331774804222545920,NCAA PIONEER,1331774804230955008,2,14,26,432164755709370368,5,13275,Ty,Simpson,LAR,QB,Active,0
1331774804222545920,NCAA PIONEER,1331774804230955008,2,15,27,993737529142693888,1,13320,Zachariah,Branch,ATL,WR,Active,0
1331774804222545920,NCAA PIONEER,1331774804230955008,2,16,28,455753261765357568,6,13311,Chris,Bell,MIA,WR,Active,0
1331774804222545920,NCAA PIONEER,1331774804230955008,2,17,29,398884413687001088,7,13288,Nicholas,Singleton,TEN,RB,Active,0
1331774804222545920,NCAA PIONEER,1331774804230955008,2,18,30,439351925129867264,4,13337,Emmett,Johnson,KC,RB,Active,0
1331774804222545920,NCAA PIONEER,1331774804230955008,2,19,31,602687087556231168,9,13405,Kaytron,Allen,WAS,RB,Active,0
1331774804222545920,NCAA PIONEER,1331774804230955008,2,20,32,339931221767249920,8,13417,De'Zhaun,Stribling,SF,WR,Active,0
1331774804222545920,NCAA PIONEER,1331774804230955008,2,21,33,325873712534421504,11,13274,Germie,Bernard,PIT,WR,Active,0
1331774804222545920,NCAA PIONEER,1331774804230955008,2,22,34,468638573403303936,2,13317,Ted,Hurst,TB,WR,Active,0
1331774804222545920,NCAA PIONEER,1331774804230955008,2,23,35,459110344502013952,3,13268,Elijah,Sarratt,BAL,WR,Active,0
1331774804222545920,NCAA PIONEER,1331774804230955008,2,24,36,315736569111650304,10,13305,Mike,Washington,LV,RB,Active,0
1331774804222545920,NCAA PIONEER,1331774804230955008,3,25,49,739984250304135168,12,13285,Malachi,Fields,NYG,WR,Active,0
1331774804222545920,NCAA PIONEER,1331774804230955008,3,26,50,432164755709370368,5,13278,Max,Klare,LAR,TE,Active,0
1331774804222545920,NCAA PIONEER,1331774804230955008,3,27,51,993737529142693888,1,13402,Skyler,Bell,BUF,WR,Active,0
1331774804222545920,NCAA PIONEER,1331774804230955008,3,28,52,455753261765357568,6,13302,Adam,Randall,BAL,RB,Active,0
1331774804222545920,NCAA PIONEER,1331774804230955008,3,29,53,398884413687001088,7,13293,Ja'Kobi,Lane,BAL,WR,Active,0
1331774804222545920,NCAA PIONEER,1331774804230955008,3,30,54,439351925129867264,4,13414,Kaelon,Black,SF,RB,Active,0
1331774804222545920,NCAA PIONEER,1331774804230955008,3,31,55,602687087556231168,9,13423,Eli,Heidenreich,PIT,RB,Active,0
1331774804222545920,NCAA PIONEER,1331774804230955008,3,32,56,339931221767249920,8,13319,Oscar,Delp,NO,TE,Active,0
1331774804222545920,NCAA PIONEER,1331774804230955008,3,33,57,325873712534421504,11,13289,Drew,Allar,PIT,QB,Active,0
1331774804222545920,NCAA PIONEER,1331774804230955008,3,34,58,468638573403303936,2,13353,Chris,Brazzell,CAR,WR,Active,0
1331774804222545920,NCAA PIONEER,1331774804230955008,3,35,59,459110344502013952,3,13347,Demond,Claiborne,MIN,RB,Active,0
1331774804222545920,NCAA PIONEER,1331774804230955008,3,36,60,315736569111650304,10,13380,Brenen,Thompson,LAC,WR,Active,0
1331774804222545920,NCAA PIONEER,1331774804230955008,4,37,73,739984250304135168,12,13413,Cyrus,Allen,KC,WR,Active,0
1331774804222545920,NCAA PIONEER,1331774804230955008,4,38,74,432164755709370368,5,13272,Carson,Beck,ARI,QB,Active,0
1331774804222545920,NCAA PIONEER,1331774804230955008,4,39,75,993737529142693888,1,13400,Justin,Joly,DEN,TE,Active,0
1331774804222545920,NCAA PIONEER,1331774804230955008,4,40,76,455753261765357568,6,13282,Jack,Endries,CIN,TE,Active,0
1331774804222545920,NCAA PIONEER,1331774804230955008,4,41,77,739984250304135168,12,13421,Eli,Raridon,NE,TE,Active,0
1331774804222545920,NCAA PIONEER,1331774804230955008,4,42,78,439351925129867264,4,13296,Caleb,Douglas,MIA,WR,Active,0
1331774804222545920,NCAA PIONEER,1331774804230955008,4,43,79,602687087556231168,9,13306,Taylen,Green,CLE,QB,Active,0
1331774804222545920,NCAA PIONEER,1331774804230955008,4,44,80,339931221767249920,8,13333,Deion,Burks,IND,WR,Active,0
1331774804222545920,NCAA PIONEER,1331774804230955008,4,45,81,325873712534421504,11,13411,Zavion,Thomas,CHI,WR,Active,0
1331774804222545920,NCAA PIONEER,1331774804230955008,4,46,82,468638573403303936,2,13329,Malik,Benson,LV,WR,Active,0
1331774804222545920,NCAA PIONEER,1331774804230955008,4,47,83,459110344502013952,3,13420,Bryce,Lance,NO,WR,Active,0
1331774804222545920,NCAA PIONEER,1331774804230955008,4,48,84,315736569111650304,10,13434,Will,Kacmarek,MIA,TE,Active,0
1331775170712444928,NCAA SEC,1331775170725036032,1,1,1,461680102409760768,7,13287,Jeremiyah,Love,ARI,RB,Active,0
1331775170712444928,NCAA SEC,1331775170725036032,1,2,2,560284880620699648,11,13279,Carnell,Tate,TEN,WR,Active,0
1331775170712444928,NCAA SEC,1331775170725036032,1,3,3,970737030692937728,8,13286,Jadarian,Price,SEA,RB,Active,0
1331775170712444928,NCAA SEC,1331775170725036032,1,4,4,457957045534978048,3,13288,Nicholas,Singleton,TEN,RB,Active,0
1331775170712444928,NCAA SEC,1331775170725036032,1,5,5,1136057205582667776,9,13281,Jordyn,Tyson,NO,WR,Active,0
1331775170712444928,NCAA SEC,1331775170725036032,1,6,6,445468333035220992,12,13294,Makai,Lemon,PHI,WR,Active,0
1331775170712444928,NCAA SEC,1331775170725036032,1,7,7,562032371824951296,5,13330,Kenyon,Sadiq,NYJ,TE,Active,0
1331775170712444928,NCAA SEC,1331775170725036032,1,8,8,1289101953728540672,4,13298,KC,Concepcion,CLE,WR,Active,0
1331775170712444928,NCAA SEC,1331775170725036032,1,9,9,560284880620699648,11,13276,Omar,Cooper,NYJ,WR,Active,0
1331775170712444928,NCAA SEC,1331775170725036032,1,10,10,508516852143693824,2,13346,Denzel,Boston,CLE,WR,Active,0
1331775170712444928,NCAA SEC,1331775170725036032,1,11,11,1314486339378368512,10,13269,Fernando,Mendoza,LV,QB,Active,0
1331775170712444928,NCAA SEC,1331775170725036032,1,12,12,510556455562792960,6,13349,Eli,Stowers,PHI,TE,Active,0
1331775170712444928,NCAA SEC,1331775170725036032,2,13,25,461680102409760768,7,13274,Germie,Bernard,PIT,WR,Active,0
1331775170712444928,NCAA SEC,1331775170725036032,2,14,26,441458152391569408,1,13345,Jonah,Coleman,DEN,RB,Active,0
1331775170712444928,NCAA SEC,1331775170725036032,2,15,27,970737030692937728,8,13268,Elijah,Sarratt,BAL,WR,Active,0
1331775170712444928,NCAA SEC,1331775170725036032,2,16,28,457957045534978048,3,13353,Chris,Brazzell,CAR,WR,Active,0
1331775170712444928,NCAA SEC,1331775170725036032,2,17,29,970737030692937728,8,13417,De'Zhaun,Stribling,SF,WR,Active,0
1331775170712444928,NCAA SEC,1331775170725036032,2,18,30,445468333035220992,12,13311,Chris,Bell,MIA,WR,Active,0
1331775170712444928,NCAA SEC,1331775170725036032,2,19,31,562032371824951296,5,13320,Zachariah,Branch,ATL,WR,Active,0
1331775170712444928,NCAA SEC,1331775170725036032,2,20,32,1289101953728540672,4,13337,Emmett,Johnson,KC,RB,Active,0
1331775170712444928,NCAA SEC,1331775170725036032,2,21,33,560284880620699648,11,13402,Skyler,Bell,BUF,WR,Active,0
1331775170712444928,NCAA SEC,1331775170725036032,2,22,34,508516852143693824,2,13275,Ty,Simpson,LAR,QB,Active,0
1331775170712444928,NCAA SEC,1331775170725036032,2,23,35,970737030692937728,8,13301,Antonio,Williams,WAS,WR,Active,0
1331775170712444928,NCAA SEC,1331775170725036032,2,24,36,510556455562792960,6,13285,Malachi,Fields,NYG,WR,Active,0
1331775170712444928,NCAA SEC,1331775170725036032,3,25,49,461680102409760768,7,13317,Ted,Hurst,TB,WR,Active,0
1331775170712444928,NCAA SEC,1331775170725036032,3,26,50,441458152391569408,1,13293,Ja'Kobi,Lane,BAL,WR,Active,0
1331775170712444928,NCAA SEC,1331775170725036032,3,27,51,1314486339378368512,10,13278,Max,Klare,LAR,TE,Active,0
1331775170712444928,NCAA SEC,1331775170725036032,3,28,52,1289101953728540672,4,13401,Michael,Trigg,DAL,TE,Active,0
1331775170712444928,NCAA SEC,1331775170725036032,3,29,53,1136057205582667776,9,13302,Adam,Randall,BAL,RB,Active,0
1331775170712444928,NCAA SEC,1331775170725036032,3,30,54,445468333035220992,12,13305,Mike,Washington,LV,RB,Active,0
1331775170712444928,NCAA SEC,1331775170725036032,3,31,55,562032371824951296,5,13380,Brenen,Thompson,LAC,WR,Active,0
1331775170712444928,NCAA SEC,1331775170725036032,3,32,56,1289101953728540672,4,13319,Oscar,Delp,NO,TE,Active,0
1331775170712444928,NCAA SEC,1331775170725036032,3,33,57,560284880620699648,11,13405,Kaytron,Allen,WAS,RB,Active,0
1331775170712444928,NCAA SEC,1331775170725036032,3,34,58,508516852143693824,2,13300,Le'Veon,Moss,,RB,Active,0
1331775170712444928,NCAA SEC,1331775170725036032,3,35,59,1314486339378368512,10,13403,Jam,Miller,NE,RB,Active,0
1331775170712444928,NCAA SEC,1331775170725036032,3,36,60,510556455562792960,6,13347,Demond,Claiborne,MIN,RB,Active,0
1331775170712444928,NCAA SEC,1331775170725036032,4,37,73,461680102409760768,7,13272,Carson,Beck,ARI,QB,Active,0
1331775170712444928,NCAA SEC,1331775170725036032,4,38,74,441458152391569408,1,13414,Kaelon,Black,SF,RB,Active,0
1331775170712444928,NCAA SEC,1331775170725036032,4,39,75,970737030692937728,8,13420,Bryce,Lance,NO,WR,Active,0
1331775170712444928,NCAA SEC,1331775170725036032,4,40,76,457957045534978048,3,13404,Garrett,Nussmeier,KC,QB,Active,0
1331775170712444928,NCAA SEC,1331775170725036032,4,41,77,1136057205582667776,9,13423,Eli,Heidenreich,PIT,RB,Active,0
1331775170712444928,NCAA SEC,1331775170725036032,4,42,78,445468333035220992,12,13357,Lance,Mason,SEA,TE,Active,0
1331775170712444928,NCAA SEC,1331775170725036032,4,43,79,562032371824951296,5,13348,J'Mari,Taylor,JAX,RB,Active,0
1331775170712444928,NCAA SEC,1331775170725036032,4,44,80,1289101953728540672,4,13289,Drew,Allar,PIT,QB,Active,0
1331775170712444928,NCAA SEC,1331775170725036032,4,45,81,560284880620699648,11,13282,Jack,Endries,CIN,TE,Active,0
1331775170712444928,NCAA SEC,1331775170725036032,4,46,82,508516852143693824,2,13292,Lake,McRee,PIT,TE,Active,0
1331775170712444928,NCAA SEC,1331775170725036032,4,47,83,1314486339378368512,10,13355,DJ,Rogers,DAL,TE,Active,0
1331775170712444928,NCAA SEC,1331775170725036032,4,48,84,510556455562792960,6,13356,Trebor,Pena,JAX,WR,Active,0
1331774846710849536,NCAA SUN BELT,1331774846727626752,1,1,1,441330448283463680,10,13287,Jeremiyah,Love,ARI,RB,Active,0
1331774846710849536,NCAA SUN BELT,1331774846727626752,1,2,2,447283305738399744,4,13279,Carnell,Tate,TEN,WR,Active,0
1331774846710849536,NCAA SUN BELT,1331774846727626752,1,3,3,546466738316963840,5,13281,Jordyn,Tyson,NO,WR,Active,0
1331774846710849536,NCAA SUN BELT,1331774846727626752,1,4,4,739765296801390592,3,13294,Makai,Lemon,PHI,WR,Active,0
1331774846710849536,NCAA SUN BELT,1331774846727626752,1,5,5,380128482900062208,9,13286,Jadarian,Price,SEA,RB,Active,0
1331774846710849536,NCAA SUN BELT,1331774846727626752,1,6,6,465297932204109824,12,13298,KC,Concepcion,CLE,WR,Active,0
1331774846710849536,NCAA SUN BELT,1331774846727626752,1,7,7,441362521463451648,8,13349,Eli,Stowers,PHI,TE,Active,0
1331774846710849536,NCAA SUN BELT,1331774846727626752,1,8,8,380128482900062208,9,13276,Omar,Cooper,NYJ,WR,Active,0
1331774846710849536,NCAA SUN BELT,1331774846727626752,1,9,9,465019661495300096,6,13345,Jonah,Coleman,DEN,RB,Active,0
1331774846710849536,NCAA SUN BELT,1331774846727626752,1,10,10,441330448283463680,10,13330,Kenyon,Sadiq,NYJ,TE,Active,0
1331774846710849536,NCAA SUN BELT,1331774846727626752,1,11,11,873461886535036928,2,13346,Denzel,Boston,CLE,WR,Active,0
1331774846710849536,NCAA SUN BELT,1331774846727626752,1,12,12,751973682779508736,1,13269,Fernando,Mendoza,LV,QB,Active,0
1331774846710849536,NCAA SUN BELT,1331774846727626752,2,13,25,441330448283463680,10,13311,Chris,Bell,MIA,WR,Active,0
1331774846710849536,NCAA SUN BELT,1331774846727626752,2,14,26,447283305738399744,4,13337,Emmett,Johnson,KC,RB,Active,0
1331774846710849536,NCAA SUN BELT,1331774846727626752,2,15,27,546466738316963840,5,13288,Nicholas,Singleton,TEN,RB,Active,0
1331774846710849536,NCAA SUN BELT,1331774846727626752,2,16,28,739765296801390592,3,13301,Antonio,Williams,WAS,WR,Active,0
1331774846710849536,NCAA SUN BELT,1331774846727626752,2,17,29,380128482900062208,9,13274,Germie,Bernard,PIT,WR,Active,0
1331774846710849536,NCAA SUN BELT,1331774846727626752,2,18,30,465297932204109824,12,13320,Zachariah,Branch,ATL,WR,Active,0
1331774846710849536,NCAA SUN BELT,1331774846727626752,2,19,31,441362521463451648,8,13417,De'Zhaun,Stribling,SF,WR,Active,0
1331774846710849536,NCAA SUN BELT,1331774846727626752,2,20,32,751973682779508736,1,13275,Ty,Simpson,LAR,QB,Active,0
1331774846710849536,NCAA SUN BELT,1331774846727626752,2,21,33,465019661495300096,6,13285,Malachi,Fields,NYG,WR,Active,0
1331774846710849536,NCAA SUN BELT,1331774846727626752,2,22,34,1235453121577111552,11,13353,Chris,Brazzell,CAR,WR,Active,0
1331774846710849536,NCAA SUN BELT,1331774846727626752,2,23,35,873461886535036928,2,13305,Mike,Washington,LV,RB,Active,0
1331774846710849536,NCAA SUN BELT,1331774846727626752,2,24,36,547214728132608000,7,13317,Ted,Hurst,TB,WR,Active,0
1331774846710849536,NCAA SUN BELT,1331774846727626752,3,25,49,441330448283463680,10,13268,Elijah,Sarratt,BAL,WR,Active,0
1331774846710849536,NCAA SUN BELT,1331774846727626752,3,26,50,447283305738399744,4,13278,Max,Klare,LAR,TE,Active,0
1331774846710849536,NCAA SUN BELT,1331774846727626752,3,27,51,546466738316963840,5,13401,Michael,Trigg,DAL,TE,Active,0
1331774846710849536,NCAA SUN BELT,1331774846727626752,3,28,52,739765296801390592,3,13414,Kaelon,Black,SF,RB,Active,0
1331774846710849536,NCAA SUN BELT,1331774846727626752,3,29,53,380128482900062208,9,13319,Oscar,Delp,NO,TE,Active,0
1331774846710849536,NCAA SUN BELT,1331774846727626752,3,30,54,465297932204109824,12,13402,Skyler,Bell,BUF,WR,Active,0
1331774846710849536,NCAA SUN BELT,1331774846727626752,3,31,55,441362521463451648,8,13405,Kaytron,Allen,WAS,RB,Active,0
1331774846710849536,NCAA SUN BELT,1331774846727626752,3,32,56,751973682779508736,1,13400,Justin,Joly,DEN,TE,Active,0
1331774846710849536,NCAA SUN BELT,1331774846727626752,3,33,57,465019661495300096,6,13272,Carson,Beck,ARI,QB,Active,0
1331774846710849536,NCAA SUN BELT,1331774846727626752,3,34,58,1235453121577111552,11,13302,Adam,Randall,BAL,RB,Active,0
1331774846710849536,NCAA SUN BELT,1331774846727626752,3,35,59,873461886535036928,2,13282,Jack,Endries,CIN,TE,Active,0
1331774846710849536,NCAA SUN BELT,1331774846727626752,3,36,60,547214728132608000,7,13421,Eli,Raridon,NE,TE,Active,0
1331774846710849536,NCAA SUN BELT,1331774846727626752,4,37,73,441330448283463680,10,13293,Ja'Kobi,Lane,BAL,WR,Active,0
1331774846710849536,NCAA SUN BELT,1331774846727626752,4,38,74,447283305738399744,4,13404,Garrett,Nussmeier,KC,QB,Active,0
1331774846710849536,NCAA SUN BELT,1331774846727626752,4,39,75,546466738316963840,5,13289,Drew,Allar,PIT,QB,Active,0
1331774846710849536,NCAA SUN BELT,1331774846727626752,4,40,76,739765296801390592,3,13347,Demond,Claiborne,MIN,RB,Active,0
1331774846710849536,NCAA SUN BELT,1331774846727626752,4,41,77,380128482900062208,9,13303,Cade,Klubnik,NYJ,QB,Active,0
1331774846710849536,NCAA SUN BELT,1331774846727626752,4,42,78,465297932204109824,12,13296,Caleb,Douglas,MIA,WR,Active,0
1331774846710849536,NCAA SUN BELT,1331774846727626752,4,43,79,441362521463451648,8,13411,Zavion,Thomas,CHI,WR,Active,0
1331774846710849536,NCAA SUN BELT,1331774846727626752,4,44,80,751973682779508736,1,13423,Eli,Heidenreich,PIT,RB,Active,0
1331774846710849536,NCAA SUN BELT,1331774846727626752,4,45,81,465019661495300096,6,13380,Brenen,Thompson,LAC,WR,Active,0
1331774846710849536,NCAA SUN BELT,1331774846727626752,4,46,82,1235453121577111552,11,13350,Joe,Fagnano,BAL,QB,Active,0
1331774846710849536,NCAA SUN BELT,1331774846727626752,4,47,83,873461886535036928,2,13306,Taylen,Green,CLE,QB,Active,0
1331774846710849536,NCAA SUN BELT,1331774846727626752,4,48,84,547214728132608000,7,13420,Bryce,Lance,NO,WR,Active,0
1331774695346823168,NCAA USA,1331774695351013376,1,1,1,787224085817044992,9,13279,Carnell,Tate,TEN,WR,Active,0
1331774695346823168,NCAA USA,1331774695351013376,1,2,2,692542511834558464,4,13287,Jeremiyah,Love,ARI,RB,Active,0
1331774695346823168,NCAA USA,1331774695351013376,1,3,3,605439246030925824,8,13281,Jordyn,Tyson,NO,WR,Active,0
1331774695346823168,NCAA USA,1331774695351013376,1,4,4,460257215329071104,11,13294,Makai,Lemon,PHI,WR,Active,0
1331774695346823168,NCAA USA,1331774695351013376,1,5,5,81535409754357760,7,13269,Fernando,Mendoza,LV,QB,Active,0
1331774695346823168,NCAA USA,1331774695351013376,1,6,6,866509840124641280,5,13286,Jadarian,Price,SEA,RB,Active,0
1331774695346823168,NCAA USA,1331774695351013376,1,7,7,590358219562455040,10,13298,KC,Concepcion,CLE,WR,Active,0
1331774695346823168,NCAA USA,1331774695351013376,1,8,8,389658700735868928,1,13276,Omar,Cooper,NYJ,WR,Active,0
1331774695346823168,NCAA USA,1331774695351013376,1,9,9,560611777479667712,6,13346,Denzel,Boston,CLE,WR,Active,0
1331774695346823168,NCAA USA,1331774695351013376,1,10,10,605439246030925824,8,13330,Kenyon,Sadiq,NYJ,TE,Active,0
1331774695346823168,NCAA USA,1331774695351013376,1,11,11,,2,13274,Germie,Bernard,PIT,WR,Active,0
1331774695346823168,NCAA USA,1331774695351013376,1,12,12,599286882408394752,3,13417,De'Zhaun,Stribling,SF,WR,Active,0
1331774695346823168,NCAA USA,1331774695351013376,2,13,25,81535409754357760,7,13349,Eli,Stowers,PHI,TE,Active,0
1331774695346823168,NCAA USA,1331774695351013376,2,14,26,692542511834558464,4,13311,Chris,Bell,MIA,WR,Active,0
1331774695346823168,NCAA USA,1331774695351013376,2,15,27,560611777479667712,6,13288,Nicholas,Singleton,TEN,RB,Active,0
1331774695346823168,NCAA USA,1331774695351013376,2,16,28,460257215329071104,11,13317,Ted,Hurst,TB,WR,Active,0
1331774695346823168,NCAA USA,1331774695351013376,2,17,29,81535409754357760,7,13301,Antonio,Williams,WAS,WR,Active,0
1331774695346823168,NCAA USA,1331774695351013376,2,18,30,866509840124641280,5,13345,Jonah,Coleman,DEN,RB,Active,0
1331774695346823168,NCAA USA,1331774695351013376,2,19,31,590358219562455040,10,13353,Chris,Brazzell,CAR,WR,Active,0
1331774695346823168,NCAA USA,1331774695351013376,2,20,32,389658700735868928,1,13337,Emmett,Johnson,KC,RB,Active,0
1331774695346823168,NCAA USA,1331774695351013376,2,21,33,787224085817044992,9,13268,Elijah,Sarratt,BAL,WR,Active,0
1331774695346823168,NCAA USA,1331774695351013376,2,22,34,560611777479667712,6,13320,Zachariah,Branch,ATL,WR,Active,0
1331774695346823168,NCAA USA,1331774695351013376,2,23,35,,2,13402,Skyler,Bell,BUF,WR,Active,0
1331774695346823168,NCAA USA,1331774695351013376,2,24,36,599286882408394752,3,13305,Mike,Washington,LV,RB,Active,0
1331774695346823168,NCAA USA,1331774695351013376,3,25,49,650627977721245696,2,13272,Carson,Beck,ARI,QB,Active,0
1331774695346823168,NCAA USA,1331774695351013376,3,26,50,692542511834558464,4,13275,Ty,Simpson,LAR,QB,Active,0
1331774695346823168,NCAA USA,1331774695351013376,3,27,51,787224085817044992,9,13404,Garrett,Nussmeier,KC,QB,Active,0
1331774695346823168,NCAA USA,1331774695351013376,3,28,52,460257215329071104,11,13278,Max,Klare,LAR,TE,Active,0
1331774695346823168,NCAA USA,1331774695351013376,3,29,53,81535409754357760,7,13285,Malachi,Fields,NYG,WR,Active,0
1331774695346823168,NCAA USA,1331774695351013376,3,30,54,866509840124641280,2,13293,Ja'Kobi,Lane,BAL,WR,Active,0
1331774695346823168,NCAA USA,1331774695351013376,3,31,55,590358219562455040,10,13302,Adam,Randall,BAL,RB,Active,0
1331774695346823168,NCAA USA,1331774695351013376,3,32,56,389658700735868928,1,13401,Michael,Trigg,DAL,TE,Active,0
1331774695346823168,NCAA USA,1331774695351013376,3,33,57,560611777479667712,6,13319,Oscar,Delp,NO,TE,Active,0
1331774695346823168,NCAA USA,1331774695351013376,3,34,58,787224085817044992,9,13348,J'Mari,Taylor,JAX,RB,Active,0
1331774695346823168,NCAA USA,1331774695351013376,3,35,59,650627977721245696,12,13380,Brenen,Thompson,LAC,WR,Active,0
1331774695346823168,NCAA USA,1331774695351013376,3,36,60,599286882408394752,3,13434,Will,Kacmarek,MIA,TE,Active,0
1331774695346823168,NCAA USA,1331774695351013376,4,37,73,650627977721245696,12,13414,Kaelon,Black,SF,RB,Active,0
1331774695346823168,NCAA USA,1331774695351013376,4,38,74,692542511834558464,4,13400,Justin,Joly,DEN,TE,Active,0
1331774695346823168,NCAA USA,1331774695351013376,4,39,75,787224085817044992,9,13322,Sam,Roush,CHI,TE,Active,0
1331774695346823168,NCAA USA,1331774695351013376,4,40,76,460257215329071104,11,13421,Eli,Raridon,NE,TE,Active,0
1331774695346823168,NCAA USA,1331774695351013376,4,41,77,81535409754357760,7,13416,Roman,Hemby,LV,RB,Active,0
1331774695346823168,NCAA USA,1331774695351013376,4,42,78,866509840124641280,5,13420,Bryce,Lance,NO,WR,Active,0
1331774695346823168,NCAA USA,1331774695351013376,4,43,79,590358219562455040,10,13282,Jack,Endries,CIN,TE,Active,0
1331774695346823168,NCAA USA,1331774695351013376,4,44,80,389658700735868928,1,13289,Drew,Allar,PIT,QB,Active,0
1331774695346823168,NCAA USA,1331774695351013376,4,45,81,560611777479667712,6,13405,Kaytron,Allen,WAS,RB,Active,0
1331774695346823168,NCAA USA,1331774695351013376,4,46,82,605439246030925824,8,13347,Demond,Claiborne,MIN,RB,Active,0
1331774695346823168,NCAA USA,1331774695351013376,4,47,83,,2,13299,Nate,Boerkircher,JAX,TE,Active,0
1331774695346823168,NCAA USA,1331774695351013376,4,48,84,599286882408394752,3,13545,Trey,Smack,GB,K,Active,0
1331774454493122560,NCAA WILD,1331774454505672704,1,1,1,1213324396148572161,7,13287,Jeremiyah,Love,ARI,RB,Active,0
1331774454493122560,NCAA WILD,1331774454505672704,1,2,2,603083535368134656,9,13279,Carnell,Tate,TEN,WR,Active,0
1331774454493122560,NCAA WILD,1331774454505672704,1,3,3,635935003657723904,4,13276,Omar,Cooper,NYJ,WR,Active,0
1331774454493122560,NCAA WILD,1331774454505672704,1,4,4,642578171354484736,5,13281,Jordyn,Tyson,NO,WR,Active,0
1331774454493122560,NCAA WILD,1331774454505672704,1,5,5,448446449538035712,12,13286,Jadarian,Price,SEA,RB,Active,0
1331774454493122560,NCAA WILD,1331774454505672704,1,6,6,1228783119826423808,11,13269,Fernando,Mendoza,LV,QB,Active,0
1331774454493122560,NCAA WILD,1331774454505672704,1,7,7,441392312380026880,3,13294,Makai,Lemon,PHI,WR,Active,0
1331774454493122560,NCAA WILD,1331774454505672704,1,8,8,462714981117325312,8,13298,KC,Concepcion,CLE,WR,Active,0
1331774454493122560,NCAA WILD,1331774454505672704,1,9,9,203496917160697856,6,13330,Kenyon,Sadiq,NYJ,TE,Active,0
1331774454493122560,NCAA WILD,1331774454505672704,1,10,10,545391514915762176,2,13346,Denzel,Boston,CLE,WR,Active,0
1331774454493122560,NCAA WILD,1331774454505672704,1,11,11,545391514915762176,2,13349,Eli,Stowers,PHI,TE,Active,0
1331774454493122560,NCAA WILD,1331774454505672704,1,12,12,457579310098673664,1,13275,Ty,Simpson,LAR,QB,Active,0
1331774454493122560,NCAA WILD,1331774454505672704,2,13,25,1213324396148572161,7,13274,Germie,Bernard,PIT,WR,Active,0
1331774454493122560,NCAA WILD,1331774454505672704,2,14,26,603083535368134656,9,13345,Jonah,Coleman,DEN,RB,Active,0
1331774454493122560,NCAA WILD,1331774454505672704,2,15,27,635935003657723904,4,13337,Emmett,Johnson,KC,RB,Active,0
1331774454493122560,NCAA WILD,1331774454505672704,2,16,28,462714981117325312,8,13288,Nicholas,Singleton,TEN,RB,Active,0
1331774454493122560,NCAA WILD,1331774454505672704,2,17,29,448446449538035712,12,13311,Chris,Bell,MIA,WR,Active,0
1331774454493122560,NCAA WILD,1331774454505672704,2,18,30,1228783119826423808,11,13320,Zachariah,Branch,ATL,WR,Active,0
1331774454493122560,NCAA WILD,1331774454505672704,2,19,31,441392312380026880,3,13278,Max,Klare,LAR,TE,Active,0
1331774454493122560,NCAA WILD,1331774454505672704,2,20,32,462714981117325312,8,13301,Antonio,Williams,WAS,WR,Active,0
1331774454493122560,NCAA WILD,1331774454505672704,2,21,33,203496917160697856,6,13317,Ted,Hurst,TB,WR,Active,0
1331774454493122560,NCAA WILD,1331774454505672704,2,22,34,545391514915762176,2,13417,De'Zhaun,Stribling,SF,WR,Active,0
1331774454493122560,NCAA WILD,1331774454505672704,2,23,35,441392312380026880,3,13305,Mike,Washington,LV,RB,Active,0
1331774454493122560,NCAA WILD,1331774454505672704,2,24,36,457579310098673664,1,13285,Malachi,Fields,NYG,WR,Active,0
1331774454493122560,NCAA WILD,1331774454505672704,3,25,49,1213324396148572161,7,13268,Elijah,Sarratt,BAL,WR,Active,0
1331774454493122560,NCAA WILD,1331774454505672704,3,26,50,603083535368134656,9,13401,Michael,Trigg,DAL,TE,Active,0
1331774454493122560,NCAA WILD,1331774454505672704,3,27,51,635935003657723904,4,13353,Chris,Brazzell,CAR,WR,Active,0
1331774454493122560,NCAA WILD,1331774454505672704,3,28,52,642578171354484736,5,13293,Ja'Kobi,Lane,BAL,WR,Active,0
1331774454493122560,NCAA WILD,1331774454505672704,3,29,53,545391514915762176,2,13421,Eli,Raridon,NE,TE,Active,0
1331774454493122560,NCAA WILD,1331774454505672704,3,30,54,457579310098673664,1,13405,Kaytron,Allen,WAS,RB,Active,0
1331774454493122560,NCAA WILD,1331774454505672704,3,31,55,441392312380026880,3,13302,Adam,Randall,BAL,RB,Active,0
1331774454493122560,NCAA WILD,1331774454505672704,3,32,56,457579310098673664,1,13414,Kaelon,Black,SF,RB,Active,0
1331774454493122560,NCAA WILD,1331774454505672704,3,33,57,203496917160697856,6,13319,Oscar,Delp,NO,TE,Active,0
1331774454493122560,NCAA WILD,1331774454505672704,3,34,58,545391514915762176,2,13402,Skyler,Bell,BUF,WR,Active,0
1331774454493122560,NCAA WILD,1331774454505672704,3,35,59,505166677990699008,10,13338,Kevin,Coleman,MIA,WR,Active,0
1331774454493122560,NCAA WILD,1331774454505672704,3,36,60,457579310098673664,1,13380,Brenen,Thompson,LAC,WR,Active,0
1331774454493122560,NCAA WILD,1331774454505672704,4,37,73,1213324396148572161,7,13420,Bryce,Lance,NO,WR,Active,0
1331774454493122560,NCAA WILD,1331774454505672704,4,38,74,603083535368134656,9,13272,Carson,Beck,ARI,QB,Active,0
1331774454493122560,NCAA WILD,1331774454505672704,4,39,75,635935003657723904,4,13282,Jack,Endries,CIN,TE,Active,0
1331774454493122560,NCAA WILD,1331774454505672704,4,40,76,642578171354484736,5,13400,Justin,Joly,DEN,TE,Active,0
1331774454493122560,NCAA WILD,1331774454505672704,4,41,77,545391514915762176,2,13296,Caleb,Douglas,MIA,WR,Active,0
1331774454493122560,NCAA WILD,1331774454505672704,4,42,78,1228783119826423808,11,13292,Lake,McRee,PIT,TE,Active,0
1331774454493122560,NCAA WILD,1331774454505672704,4,43,79,441392312380026880,3,13403,Jam,Miller,NE,RB,Active,0
1331774454493122560,NCAA WILD,1331774454505672704,4,44,80,462714981117325312,8,13423,Eli,Heidenreich,PIT,RB,Active,0
1331774454493122560,NCAA WILD,1331774454505672704,4,45,81,203496917160697856,6,13306,Taylen,Green,CLE,QB,Active,0
1331774454493122560,NCAA WILD,1331774454505672704,4,46,82,545391514915762176,2,13424,Seth,McGowan,IND,RB,Active,0
1331774454493122560,NCAA WILD,1331774454505672704,4,47,83,505166677990699008,10,13324,Matt,Hibner,BAL,TE,Active,0
1331774454493122560,NCAA WILD,1331774454505672704,4,48,84,457579310098673664,1,13300,Le'Veon,Moss,,RB,Active,0
