Season,Round,RoundName,Week,TeamA,SeedA,TeamB,SeedB,ScoreA,ScoreB,Winner,Notes,Status
2023,1,First Round,15,Eastern Washington,8,Nebraska,9,144.64,97.8,Eastern Washington,,Confirmed (semi + final matchups per 2024-01-04 league conversation)
2023,1,First Round,15,North Alabama,7,Wake Forest,10,119.24,151.24,Wake Forest,,Confirmed (semi + final matchups per 2024-01-04 league conversation)
2023,1,First Round,15,New Mexico,6,Stony Brook,11,134.16,85.78,New Mexico,,Confirmed (semi + final matchups per 2024-01-04 league conversation)
2023,2,Quarterfinal,16,Arizona State,1,Eastern Washington,8,178,91.2,Arizona State,,Confirmed (semi + final matchups per 2024-01-04 league conversation)
2023,2,Quarterfinal,16,Montana,4,Louisiana Monroe,5,134.1,169.98,Louisiana Monroe,,Confirmed (semi + final matchups per 2024-01-04 league conversation)
2023,2,Quarterfinal,16,Minnesota,2,Wake Forest,10,147.58,122.5,Minnesota,,Confirmed (semi + final matchups per 2024-01-04 league conversation)
2023,2,Quarterfinal,16,Wisconsin,3,New Mexico,6,150.02,113.42,Wisconsin,,Confirmed (semi + final matchups per 2024-01-04 league conversation)
2023,3,Semifinal,17,Arizona State,1,Louisiana Monroe,5,169.3,103.98,Arizona State,pairing from week-16 winners; scores from Sleeper week 17,Confirmed (semi + final matchups per 2024-01-04 league conversation)
2023,3,Semifinal,17,Minnesota,2,Wisconsin,3,169.76,150.0,Minnesota,pairing from week-16 winners; scores from Sleeper week 17,Confirmed (semi + final matchups per 2024-01-04 league conversation)
2023,4,Final,18,Arizona State,1,Minnesota,2,173.04,154.86,Arizona State,pairing from week-17 winners; scores from Sleeper week 18,Confirmed (semi + final matchups per 2024-01-04 league conversation)
