FileName,LastModified
Colors - Leagues.csv,2026-10-04 12:39:34
Colors - Teams.csv,2026-10-04 12:39:34
Divisions.csv,2026-10-04 12:39:34
DraftPicks_Historic.csv,2026-10-04 12:39:34
DraftPicks_Season.csv,2026-10-04 12:39:34
Drafts_Historic.csv,2026-10-04 12:39:34
Drafts_Season.csv,2026-10-04 12:39:34
FuturePicks_Current.csv,2026-10-04 12:39:34
LastProcessedWeek.csv,2026-10-04 12:39:34
LastUpdate.csv,2026-10-04 12:39:34
LeagueIDs_AllYears.csv,2026-10-04 12:39:34
LeagueShortNames.csv,2026-10-04 12:39:34
Lineup.csv,2026-10-04 12:39:34
LineupStreaks_Season.csv,2026-10-04 12:39:34
Matchups_Historic.csv,2026-10-04 12:39:34
Matchups_Season.csv,2026-10-04 12:39:34
Matchups_Week.csv,2026-10-04 12:39:34
MaxPoints_Season.csv,2026-10-04 12:39:34
NFLState.json,2026-10-04 12:40:09
OrphanCard_Current.json,2026-10-04 12:40:10
Orphans.csv,2026-10-04 12:39:34
OverallStandings_Season.csv,2026-10-04 12:39:34
PickValues_Current.csv,2026-10-04 12:39:34
PlayerValues_Current.csv,2026-10-04 12:39:34
PlayerValues_Season.csv,2026-10-04 12:39:34
Players.csv,2026-10-04 12:39:34
Postseason_Season.csv,2026-10-04 12:39:34
RosterOwners_LastSeen.csv,2026-10-04 12:39:34
RosterValues_Season.csv,2026-10-04 12:39:34
Rosters_Current.csv,2026-10-04 12:39:34
Rosters_Players_Historic.csv,2026-10-04 12:39:34
Rosters_Players_Season.csv,2026-10-04 12:39:34
Scores_Historic.csv,2026-10-04 12:39:35
Scores_Season.csv,2026-10-04 12:39:35
Scores_Week.csv,2026-10-04 12:39:35
ScoringSettings.csv,2026-10-04 12:39:35
Standings_Historic.csv,2026-10-04 12:39:35
Standings_Season.csv,2026-10-04 12:39:35
TeamRegions.csv,2026-10-04 12:39:35
Teams.csv,2026-10-04 12:39:35
Transactions_Historic.csv,2026-10-04 12:39:35
Transactions_Season.csv,2026-10-04 12:39:35
WeeklyAwards_Season.csv,2026-10-04 12:39:35
Weeks.csv,2026-10-04 12:39:35
rebuild_scores_historic.py,2026-10-04 12:39:35
