Team,League,LeagueName,RosterID,OwnerID,OwnerName,SameLineupWeeks,SinceWeek,ThroughWeek,SameRosterWeeks,ZeroStarters
Arkansas,SEC,NCAA SEC,12,445468333035220992,JosephMarin07,4,1,4,4,4
USF,Big East,NCAA BIG EAST & CO.,10,1336086766108549120,MacATac,4,1,4,4,4
Alabama A&M,HBCU,NCAA HISTORICALLY BLACK,2,1240179381624655872,B41Pakman,4,1,4,4,3
Florida A&M,HBCU,NCAA HISTORICALLY BLACK,5,1072700435921838080,DaMagic436,4,1,4,4,3
Alcorn State,HBCU,NCAA HISTORICALLY BLACK,8,467835045181124608,wblack2012,4,1,4,4,3
Texas Tech,Big 12,NCAA BIG 12,1,Orphan,Orphan,4,1,4,4,3
Northwestern,Big 10,NCAA BIG 10,3,437465313911500800,kfitch3p,4,1,4,4,2
Michigan State,Big 10,NCAA BIG 10,4,1354967293209083904,EndZoneAllDay1,4,1,4,4,2
Indiana,Big 10,NCAA BIG 10,8,998438693570539520,ChAiNSmOkErTk,4,1,4,4,2
Central Arkansas,Wild,NCAA WILD,9,603083535368134656,MrBarryMcCockiner,4,1,4,4,2
Mississippi Valley State,HBCU,NCAA HISTORICALLY BLACK,7,519728067978186752,StrikerS091,4,1,4,4,2
Florida International,CUSA,NCAA USA,10,590358219562455040,Woolley69,4,1,4,4,2
Louisiana Tech,Sun Belt,NCAA SUN BELT,11,1235453121577111552,Resolhjk,4,1,4,4,2
Kansas,Big 12,NCAA BIG 12,10,989926421084557312,FalconsRULE7,4,1,4,4,2
Iowa State,Big 12,NCAA BIG 12,2,667752373111824384,trev7293,4,1,4,4,2
South Dakota State,Big East,NCAA BIG EAST & CO.,3,718415247781732352,averagedude23,4,1,4,4,2
Bethune - Cookman,HBCU,NCAA HISTORICALLY BLACK,9,1260322259726249984,Pookieboom,4,1,4,4,1
North Texas,CUSA,NCAA USA,2,Orphan,Orphan,4,1,4,4,1
UTEP,Sun Belt,NCAA SUN BELT,2,873461886535036928,Tommybuckets000,4,1,4,4,1
Marshall,Sun Belt,NCAA SUN BELT,5,546466738316963840,PackMan1212,4,1,4,4,1
Southern Miss,Sun Belt,NCAA SUN BELT,9,380128482900062208,denvermanning,4,1,4,4,1
South Carolina,SEC,NCAA SEC,10,Orphan,Orphan,4,1,4,4,1
Auburn,SEC,NCAA SEC,4,1289101953728540672,egbdf,4,1,4,4,1
UCF,Big East,NCAA BIG EAST & CO.,9,802480422482206720,JEANTY,4,1,4,4,1
Navy,Big East,NCAA BIG EAST & CO.,11,456182244336201728,Ianiners,4,1,4,2,1
Delaware State,HBCU,NCAA HISTORICALLY BLACK,3,640052303377952768,lcummings,4,1,4,4,0
Rice,Sun Belt,NCAA SUN BELT,4,447283305738399744,lucchityler,4,1,4,4,0
Grambling State,HBCU,NCAA HISTORICALLY BLACK,12,520088376557371392,scoobydaeaglemahomes,3,2,4,4,3
UAB,Sun Belt,NCAA SUN BELT,10,441330448283463680,Fr3shBC11,3,2,4,1,2
Alabama,SEC,NCAA SEC,11,560284880620699648,devbovino,3,2,4,4,1
Pittsburgh,Big East,NCAA BIG EAST & CO.,4,456129190995947520,vinceA762,3,2,4,3,1
Dayton,Pioneer,NCAA PIONEER,7,398884413687001088,Ortizz,3,2,4,1,1
Austin Peay,Pioneer,NCAA PIONEER,9,602687087556231168,DictatorBerry,3,2,4,4,0
Ole Miss,SEC,NCAA SEC,5,562032371824951296,ryank45,3,2,4,4,0
Minnesota,Big 10,NCAA BIG 10,7,460518714907815936,linkoftime1,3,2,4,1,0
San Diego State,Mountain West,NCAA MOUNTAIN WEST,12,734939566091436032,noahdaboa,2,3,4,4,3
Wofford,Pioneer,NCAA PIONEER,1,993737529142693888,doseofthestars,2,3,4,1,3
Maine,Big Sky,NCAA BIG SKY,11,604388962898866176,mgrant55,2,3,4,4,2
Eastern Michigan,Wild,NCAA WILD,6,203496917160697856,ThomasHarris,2,3,4,4,1
Kennesaw State,Ohio Valley,NCAA OHIO VALLEY,3,468944645166985216,srcav,2,3,4,4,1
Colorado State,Mountain West,NCAA MOUNTAIN WEST,8,325726913966395392,bkoldham,2,3,4,4,1
Louisiana Monroe,CUSA,NCAA USA,12,650627977721245696,BroncoZzz,2,3,4,3,1
Louisville,ACC,NCAA ACC,11,458070829909929984,Campbell8,2,3,4,2,1
James Madison,Wild,NCAA WILD,2,545391514915762176,Hart123,2,3,4,4,0
Central Michigan,Wild,NCAA WILD,4,635935003657723904,matthewitz,2,3,4,4,0
San Jose State,Wild,NCAA WILD,7,1213324396148572161,mrflack,2,3,4,4,0
Belmont,Ohio Valley,NCAA OHIO VALLEY,1,571753677428977664,Mistafyer,2,3,4,4,0
Jackson State,HBCU,NCAA HISTORICALLY BLACK,10,694233255825719296,bb7661KING,2,3,4,4,0
Troy,CUSA,NCAA USA,1,389658700735868928,dh671,2,3,4,4,0
Furman,Pioneer,NCAA PIONEER,10,315736569111650304,JMullen175,2,3,4,4,0
Butler,Pioneer,NCAA PIONEER,4,439351925129867264,Daphud,2,3,4,4,0
Washington,Pac 12,NCAA PAC 12,6,338823136923381760,samggannon,2,3,4,4,0
Tennessee,SEC,NCAA SEC,3,457957045534978048,ChadLowe,2,3,4,4,0
Georgia State,CUSA,NCAA USA,5,866509840124641280,JustTouchdown1221,2,3,4,3,0
North Dakota State,Wild,NCAA WILD,3,441392312380026880,4thdownTD,2,3,4,2,0
Tennessee State,Pioneer,NCAA PIONEER,5,432164755709370368,EBurkhart,2,3,4,2,0
Tulane,Sun Belt,NCAA SUN BELT,3,739765296801390592,claym89,2,3,4,2,0
BYU,Mountain West,NCAA MOUNTAIN WEST,6,837430327189295104,KlondikeBar,2,3,4,1,0
California,Pac 12,NCAA PAC 12,10,534619662650601472,ImagineWiigons,1,4,4,1,4
Vanderbilt,SEC,NCAA SEC,9,1136057205582667776,Neilsondug,1,4,4,2,3
Weber State,Big Sky,NCAA BIG SKY,9,448641292377780224,Pinky7373,1,4,4,4,2
Penn State,Big 10,NCAA BIG 10,5,856759599565475840,Justahippo,1,4,4,4,2
Chattanooga,Ohio Valley,NCAA OHIO VALLEY,4,472879969664495616,ethansherwood22,1,4,4,4,2
UT Martin,Pioneer,NCAA PIONEER,11,325873712534421504,FatPat1251,1,4,4,4,2
SE Missouri State,Pioneer,NCAA PIONEER,6,455753261765357568,BDAVIS309,1,4,4,4,2
Boston College,ACC,NCAA ACC,8,456168604006608896,eperedetto,1,4,4,3,2
Montana State,Big Sky,NCAA BIG SKY,6,424793511431262208,Elwayluva7,1,4,4,4,1
Iowa,Big 10,NCAA BIG 10,11,471056290550902784,Schuflakka,1,4,4,4,1
Nebraska,Big 10,NCAA BIG 10,2,438178170542223360,EthanH,1,4,4,4,1
North Carolina Central,Ohio Valley,NCAA OHIO VALLEY,12,300814106795974656,Firephool,1,4,4,4,1
Morehead State,Ohio Valley,NCAA OHIO VALLEY,8,426756284365160448,mooremc,1,4,4,4,1
South Alabama,CUSA,NCAA USA,4,692542511834558464,GRIDIRONGANG81,1,4,4,4,1
Lehigh,Ivy,NCAA IVY,6,1017588201080369152,Iloveyyounghoes,1,4,4,4,1
Yale,Ivy,NCAA IVY,9,1402806331622043648,BrynJ9618,1,4,4,4,1
Tulsa,Sun Belt,NCAA SUN BELT,6,465019661495300096,Raidersforte,1,4,4,4,1
Texas A&M,Big 12,NCAA BIG 12,4,425362114291437568,deadheadshane,1,4,4,4,1
NC State,ACC,NCAA ACC,10,1357479935924510720,EerieHush,1,4,4,4,1
Arizona,Pac 12,NCAA PAC 12,1,917575404431831040,nshox2,1,4,4,4,1
Oregon,Pac 12,NCAA PAC 12,9,519390092788297728,ScottyW13,1,4,4,4,1
Rutgers,Big East,NCAA BIG EAST & CO.,1,1087519270663258112,sblau24,1,4,4,4,1
Ohio State,Big 10,NCAA BIG 10,9,559208653427675136,Klashified,1,4,4,3,1
Clemson,ACC,NCAA ACC,12,302575527556825088,dilbennett,1,4,4,3,1
Northern Iowa,Big Sky,NCAA BIG SKY,10,334014945886748672,thejockytype,1,4,4,2,1
South Dakota,Wild,NCAA WILD,11,1228783119826423808,TheScorer,1,4,4,2,1
Boise State,Mountain West,NCAA MOUNTAIN WEST,2,463106510101147648,jmdorsey00,1,4,4,2,1
Oklahoma State,Big 12,NCAA BIG 12,12,820771678849171456,Gangly22,1,4,4,2,1
Army,Big East,NCAA BIG EAST & CO.,8,456167283761344512,Claser,1,4,4,2,1
Youngstown State,Big Sky,NCAA BIG SKY,12,519767126595325952,mssullivan2022,1,4,4,1,1
Stony Brook,Big Sky,NCAA BIG SKY,5,465934519652839424,agrakush,1,4,4,1,1
Wisconsin,Big 10,NCAA BIG 10,6,460511267564548096,laxbro000,1,4,4,1,1
Montana,Wild,NCAA WILD,1,457579310098673664,LanceBoneau,1,4,4,1,1
UNLV,Mountain West,NCAA MOUNTAIN WEST,11,702897403514159104,bdub3,1,4,4,1,1
Tuskegee,HBCU,NCAA HISTORICALLY BLACK,11,327614483000217600,Jerryb83,1,4,4,1,1
Louisiana,CUSA,NCAA USA,11,460257215329071104,bshouseman,1,4,4,1,1
Texas State,CUSA,NCAA USA,9,787224085817044992,masshole4eva,1,4,4,1,1
Brown,Ivy,NCAA IVY,1,470912510262767616,FlynnD,1,4,4,1,1
Cornell,Ivy,NCAA IVY,12,464595147808567296,cobrapanther99,1,4,4,1,1
Bucknell,Ivy,NCAA IVY,3,480124073456693248,Jrodr71,1,4,4,1,1
Kansas State,Big 12,NCAA BIG 12,7,425386065373691904,Frankeen,1,4,4,1,1
West Virginia,Big 12,NCAA BIG 12,8,543929284962770944,alicho,1,4,4,1,1
Virginia,ACC,NCAA ACC,1,571754879825395712,ChrisW21,1,4,4,1,1
Virginia Tech,ACC,NCAA ACC,4,455836851501002752,landonh12,1,4,4,1,1
Duke,ACC,NCAA ACC,7,453658285061435392,fatalbeast,1,4,4,1,1
UCLA,Pac 12,NCAA PAC 12,12,450806182555152384,lmerkouSaints,1,4,4,1,1
Oregon State,Pac 12,NCAA PAC 12,3,470320542868566016,Dunebuggy619,1,4,4,1,1
Washington State,Pac 12,NCAA PAC 12,4,477666723663704064,chzhead412,1,4,4,1,1
Stanford,Pac 12,NCAA PAC 12,5,454372407956729856,laynemercer,1,4,4,1,1
Florida,SEC,NCAA SEC,1,441458152391569408,tedman546,1,4,4,1,1
Mississippi State,SEC,NCAA SEC,6,510556455562792960,thatmansanti,1,4,4,1,1
Maryland,Big East,NCAA BIG EAST & CO.,2,1171256102760251392,hurlken,1,4,4,1,1
Old Dominion,Wild,NCAA WILD,10,505166677990699008,olddominion2020,1,4,4,4,0
UNC Charlotte,Wild,NCAA WILD,12,448446449538035712,DBGiants,1,4,4,4,0
Wichita State,Wild,NCAA WILD,5,642578171354484736,FareedB,1,4,4,4,0
Citadel,Wild,NCAA WILD,8,462714981117325312,lmkl,1,4,4,4,0
ETSU,Ohio Valley,NCAA OHIO VALLEY,2,601198801197260800,LMarkiewicz04,1,4,4,4,0
Delaware,Ohio Valley,NCAA OHIO VALLEY,7,635700695584043008,charlielol,1,4,4,4,0
Jacksonville State,Ohio Valley,NCAA OHIO VALLEY,9,997659278062272512,pontes021,1,4,4,4,0
Wyoming,Mountain West,NCAA MOUNTAIN WEST,3,560626155833876480,HonoredMexican,1,4,4,4,0
Fresno State,Mountain West,NCAA MOUNTAIN WEST,7,604155835978944512,Vikes1819,1,4,4,4,0
Columbia,Ivy,NCAA IVY,4,570803989783429120,alecgagnon2001,1,4,4,4,0
Georgia Southern,Sun Belt,NCAA SUN BELT,7,547214728132608000,alphabeasttt,1,4,4,4,0
Baylor,Big 12,NCAA BIG 12,5,464117743042424832,robertlouis7,1,4,4,4,0
Oklahoma,Big 12,NCAA BIG 12,9,453711063846744064,rchau56,1,4,4,4,0
North Carolina,ACC,NCAA ACC,2,568115266901286912,MattyBent,1,4,4,4,0
Wake Forest,ACC,NCAA ACC,6,463453800313647104,WhiskyScientist,1,4,4,4,0
USC,Pac 12,NCAA PAC 12,2,709857172258881536,KamaraGOAT41,1,4,4,4,0
Arizona State,Pac 12,NCAA PAC 12,7,597246797479469056,wrightc214,1,4,4,4,0
LSU,SEC,NCAA SEC,2,508516852143693824,errand,1,4,4,4,0
UCONN,Big East,NCAA BIG EAST & CO.,5,836025225756934144,NastyS8ntChance,1,4,4,4,0
Coastal Carolina,Big East,NCAA BIG EAST & CO.,6,443323427143544832,joonbug,1,4,4,4,0
Villanova,Big Sky,NCAA BIG SKY,2,439255136309604352,PapaCrowther,1,4,4,3,0
Richmond,Big Sky,NCAA BIG SKY,7,78892531970359296,fballfreek80,1,4,4,3,0
Charleston Southern,Ohio Valley,NCAA OHIO VALLEY,6,331558449374593024,leathershoe4,1,4,4,3,0
Middle Tennessee State,CUSA,NCAA USA,7,81535409754357760,arandrea,1,4,4,3,0
Temple,Sun Belt,NCAA SUN BELT,1,751973682779508736,bruceble,1,4,4,3,0
Rhode Island,Big Sky,NCAA BIG SKY,1,456258200757334016,WillyP15,1,4,4,2,0
Illinois,Big 10,NCAA BIG 10,10,459225788735025152,richardson98,1,4,4,2,0
Nevada,Mountain West,NCAA MOUNTAIN WEST,10,1374560757252890624,postdeezy,1,4,4,2,0
Arkansas State,CUSA,NCAA USA,8,605439246030925824,krichknowsbest,1,4,4,2,0
Princeton,Ivy,NCAA IVY,10,1142198466060402688,BLACK93BOIZS,1,4,4,2,0
Dartmouth,Ivy,NCAA IVY,11,460895027179024384,jtheadrick98,1,4,4,2,0
Holy Cross,Pioneer,NCAA PIONEER,2,468638573403303936,DownLoMoJo,1,4,4,2,0
Texas,Big 12,NCAA BIG 12,6,335910160469880832,elianbruger,1,4,4,2,0
Georgia Tech,ACC,NCAA ACC,3,870105403659309056,spendawg,1,4,4,2,0
FSU,ACC,NCAA ACC,5,468618720470626304,Yarby,1,4,4,2,0
Miami,ACC,NCAA ACC,9,668318967567323136,markandrewsisthegoat,1,4,4,2,0
Syracuse,Big East,NCAA BIG EAST & CO.,7,456159345906806784,CodeKhaos,1,4,4,2,0
William & Mary,Big Sky,NCAA BIG SKY,3,449327253101211648,Beastchewy15,1,4,4,1,0
Eastern Washington,Big Sky,NCAA BIG SKY,4,519439276311531520,Elestial,1,4,4,1,0
Portland State,Big Sky,NCAA BIG SKY,8,437413803001376768,Vitus,1,4,4,1,0
Purdue,Big 10,NCAA BIG 10,1,465720627639087104,Mo00,1,4,4,1,0
Michigan,Big 10,NCAA BIG 10,12,443870183853912064,chrispychicken,1,4,4,1,0
Monmouth,Ohio Valley,NCAA OHIO VALLEY,10,594242128851296256,edgeofdefeat,1,4,4,1,0
North Alabama,Ohio Valley,NCAA OHIO VALLEY,11,638193564806897664,Romantryert,1,4,4,1,0
Eastern Kentucky,Ohio Valley,NCAA OHIO VALLEY,5,474662041341128704,Dreev,1,4,4,1,0
Hawaii,Mountain West,NCAA MOUNTAIN WEST,1,596835723861082112,RicochetRay,1,4,4,1,0
Air Force,Mountain West,NCAA MOUNTAIN WEST,4,1132868015638532096,Biggunnz21,1,4,4,1,0
Utah State,Mountain West,NCAA MOUNTAIN WEST,5,1124191785678430208,Pipedawg21,1,4,4,1,0
New Mexico,Mountain West,NCAA MOUNTAIN WEST,9,589001974318403584,Mrhawke19,1,4,4,1,0
North Carolina A&T,HBCU,NCAA HISTORICALLY BLACK,1,471427194132885504,PhantomXX,1,4,4,1,0
Southern,HBCU,NCAA HISTORICALLY BLACK,4,471080793406435328,memphismaniac,1,4,4,1,0
Howard,HBCU,NCAA HISTORICALLY BLACK,6,692168840821411840,DeanFalcon,1,4,4,1,0
Florida Atlantic,CUSA,NCAA USA,3,599286882408394752,Botro,1,4,4,1,0
Western Kentucky,CUSA,NCAA USA,6,560611777479667712,PatrickT21,1,4,4,1,0
Harvard,Ivy,NCAA IVY,2,730628287012921344,KennethNZ,1,4,4,1,0
Georgetown,Ivy,NCAA IVY,5,395321276102627328,ccassidy,1,4,4,1,0
Penn,Ivy,NCAA IVY,7,1135784589957652480,Hambnr,1,4,4,1,0
Colgate,Ivy,NCAA IVY,8,461688192555282432,PhilupMynuts,1,4,4,1,0
Davidson,Pioneer,NCAA PIONEER,12,739984250304135168,YikesOnBikes,1,4,4,1,0
Murray State,Pioneer,NCAA PIONEER,3,459110344502013952,MyFingerPoints,1,4,4,1,0
Campbell,Pioneer,NCAA PIONEER,8,339931221767249920,CrownMeKing,1,4,4,1,0
UTSA,Sun Belt,NCAA SUN BELT,12,465297932204109824,utsa,1,4,4,1,0
Memphis,Sun Belt,NCAA SUN BELT,8,441362521463451648,yoboihawks,1,4,4,1,0
TCU,Big 12,NCAA BIG 12,11,619190004979138560,CousinMose15,1,4,4,1,0
Missouri,Big 12,NCAA BIG 12,3,533541056352481280,DavidJimm,1,4,4,1,0
Utah,Pac 12,NCAA PAC 12,11,76460245878456320,seniormeow,1,4,4,1,0
Colorado,Pac 12,NCAA PAC 12,8,460348260653985792,keppin,1,4,4,1,0
Georgia,SEC,NCAA SEC,7,461680102409760768,kodakjack,1,4,4,1,0
Kentucky,SEC,NCAA SEC,8,970737030692937728,Stumpy44,1,4,4,1,0
Notre Dame,Big East,NCAA BIG EAST & CO.,12,64174089933570048,ryno,1,4,4,1,0
