Year,LeagueID,LeagueName,Week,RosterID,OwnerID,OwnerName,OpponentRosterID,OpponentName,PointsFor,PointsAgainst,Outcome,IsRegularSeason,StarterPoints,BenchPoints
2026,1331775206619885568,NCAA BIG EAST & CO.,4,1,1087519270663258112,sblau24,5,NastyS8ntChance,24.0,0.0,Win,True,24.0,0.0
2026,1331775206619885568,NCAA BIG EAST & CO.,4,5,836025225756934144,NastyS8ntChance,1,sblau24,0.0,24.0,Loss,True,0.0,0.0
2026,1331775206619885568,NCAA BIG EAST & CO.,4,2,1171256102760251392,hurlken,11,Ianiners,5.1,16.5,Loss,True,5.1,0.0
2026,1331775206619885568,NCAA BIG EAST & CO.,4,11,456182244336201728,Ianiners,2,hurlken,16.5,5.1,Win,True,16.5,0.0
2026,1331775206619885568,NCAA BIG EAST & CO.,4,3,718415247781732352,averagedude23,6,joonbug,0.0,55.0,Loss,True,0.0,0.0
2026,1331775206619885568,NCAA BIG EAST & CO.,4,6,443323427143544832,joonbug,3,averagedude23,55.0,0.0,Win,True,55.0,0.0
2026,1331775206619885568,NCAA BIG EAST & CO.,4,4,456129190995947520,vinceA762,10,MacATac,7.0,11.7,Loss,True,7.0,0.0
2026,1331775206619885568,NCAA BIG EAST & CO.,4,10,1336086766108549120,MacATac,4,vinceA762,11.7,7.0,Win,True,11.7,0.0
2026,1331775206619885568,NCAA BIG EAST & CO.,4,7,456159345906806784,CodeKhaos,8,Claser,0.0,9.1,Loss,True,0.0,0.0
2026,1331775206619885568,NCAA BIG EAST & CO.,4,8,456167283761344512,Claser,7,CodeKhaos,9.1,0.0,Win,True,9.1,0.0
2026,1331775206619885568,NCAA BIG EAST & CO.,4,9,802480422482206720,JEANTY,12,ryno,0.0,33.1,Loss,True,0.0,0.0
2026,1331775206619885568,NCAA BIG EAST & CO.,4,12,64174089933570048,ryno,9,JEANTY,33.1,0.0,Win,True,33.1,0.0
2026,1331775170712444928,NCAA SEC,4,1,441458152391569408,tedman546,10,Orphan,20.1,0.0,Win,True,20.1,0.0
2026,1331775170712444928,NCAA SEC,4,10,Orphan,Orphan,1,tedman546,0.0,20.1,Loss,True,0.0,0.0
2026,1331775170712444928,NCAA SEC,4,2,508516852143693824,errand,11,devbovino,0.0,22.6,Loss,True,0.0,0.0
2026,1331775170712444928,NCAA SEC,4,11,560284880620699648,devbovino,2,errand,22.6,0.0,Win,True,22.6,0.0
2026,1331775170712444928,NCAA SEC,4,3,457957045534978048,ChadLowe,9,Neilsondug,20.8,0.0,Win,True,20.8,0.0
2026,1331775170712444928,NCAA SEC,4,9,1136057205582667776,Neilsondug,3,ChadLowe,0.0,20.8,Loss,True,0.0,0.0
2026,1331775170712444928,NCAA SEC,4,4,1289101953728540672,egbdf,6,thatmansanti,7.0,22.7,Loss,True,7.0,0.0
2026,1331775170712444928,NCAA SEC,4,6,510556455562792960,thatmansanti,4,egbdf,22.7,7.0,Win,True,22.7,0.0
2026,1331775170712444928,NCAA SEC,4,5,562032371824951296,ryank45,12,JosephMarin07,21.6,0.0,Win,True,21.6,0.0
2026,1331775170712444928,NCAA SEC,4,12,445468333035220992,JosephMarin07,5,ryank45,0.0,21.6,Loss,True,0.0,0.0
2026,1331775170712444928,NCAA SEC,4,7,461680102409760768,kodakjack,8,Stumpy44,3.0,13.1,Loss,True,3.0,0.0
2026,1331775170712444928,NCAA SEC,4,8,970737030692937728,Stumpy44,7,kodakjack,13.1,3.0,Win,True,13.1,0.0
2026,1331775106527006720,NCAA PAC 12,4,1,917575404431831040,nshox2,8,keppin,22.4,0.0,Win,True,22.4,0.0
2026,1331775106527006720,NCAA PAC 12,4,8,460348260653985792,keppin,1,nshox2,0.0,22.4,Loss,True,0.0,0.0
2026,1331775106527006720,NCAA PAC 12,4,2,709857172258881536,KamaraGOAT41,11,seniormeow,0.0,46.2,Loss,True,0.0,0.0
2026,1331775106527006720,NCAA PAC 12,4,11,76460245878456320,seniormeow,2,KamaraGOAT41,46.2,0.0,Win,True,46.2,0.0
2026,1331775106527006720,NCAA PAC 12,4,3,470320542868566016,Dunebuggy619,5,laynemercer,7.0,33.36,Loss,True,7.0,0.0
2026,1331775106527006720,NCAA PAC 12,4,5,454372407956729856,laynemercer,3,Dunebuggy619,33.36,7.0,Win,True,33.36,0.0
2026,1331775106527006720,NCAA PAC 12,4,4,477666723663704064,chzhead412,9,ScottyW13,0.0,8.44,Loss,True,0.0,0.0
2026,1331775106527006720,NCAA PAC 12,4,9,519390092788297728,ScottyW13,4,chzhead412,8.44,0.0,Win,True,8.44,0.0
2026,1331775106527006720,NCAA PAC 12,4,6,338823136923381760,samggannon,10,ImagineWiigons,3.0,0.0,Win,True,3.0,0.0
2026,1331775106527006720,NCAA PAC 12,4,10,534619662650601472,ImagineWiigons,6,samggannon,0.0,3.0,Loss,True,0.0,0.0
2026,1331775106527006720,NCAA PAC 12,4,7,597246797479469056,wrightc214,12,lmerkouSaints,48.3,4.6,Win,True,48.3,-0.0
2026,1331775106527006720,NCAA PAC 12,4,12,450806182555152384,lmerkouSaints,7,wrightc214,4.6,48.3,Loss,True,4.6,0.0
2026,1331774915392577536,NCAA ACC,4,1,571754879825395712,ChrisW21,9,markandrewsisthegoat,0.0,37.1,Loss,True,0.0,0.0
2026,1331774915392577536,NCAA ACC,4,9,668318967567323136,markandrewsisthegoat,1,ChrisW21,37.1,0.0,Win,True,37.1,0.0
2026,1331774915392577536,NCAA ACC,4,2,568115266901286912,MattyBent,7,fatalbeast,16.5,22.6,Loss,True,16.5,0.0
2026,1331774915392577536,NCAA ACC,4,7,453658285061435392,fatalbeast,2,MattyBent,22.6,16.5,Win,True,22.6,0.0
2026,1331774915392577536,NCAA ACC,4,3,870105403659309056,spendawg,4,landonh12,13.7,0.0,Win,True,13.7,0.0
2026,1331774915392577536,NCAA ACC,4,4,455836851501002752,landonh12,3,spendawg,0.0,13.7,Loss,True,0.0,0.0
2026,1331774915392577536,NCAA ACC,4,5,468618720470626304,Yarby,12,dilbennett,27.4,0.0,Win,True,27.4,0.0
2026,1331774915392577536,NCAA ACC,4,12,302575527556825088,dilbennett,5,Yarby,0.0,27.4,Loss,True,0.0,0.0
2026,1331774915392577536,NCAA ACC,4,6,463453800313647104,WhiskyScientist,11,Campbell8,0.0,26.2,Loss,True,0.0,0.0
2026,1331774915392577536,NCAA ACC,4,11,458070829909929984,Campbell8,6,WhiskyScientist,26.2,0.0,Win,True,26.2,0.0
2026,1331774915392577536,NCAA ACC,4,8,456168604006608896,eperedetto,10,EerieHush,20.12,0.0,Win,True,20.12,0.0
2026,1331774915392577536,NCAA ACC,4,10,1357479935924510720,EerieHush,8,eperedetto,0.0,20.12,Loss,True,0.0,0.0
2026,1331774880181399552,NCAA BIG 12,4,1,Orphan,Orphan,11,CousinMose15,0.0,0.0,,True,0.0,0.0
2026,1331774880181399552,NCAA BIG 12,4,11,619190004979138560,CousinMose15,1,Orphan,0.0,0.0,,True,0.0,0.0
2026,1331774880181399552,NCAA BIG 12,4,2,667752373111824384,trev7293,7,Frankeen,0.0,16.1,Loss,True,0.0,0.0
2026,1331774880181399552,NCAA BIG 12,4,7,425386065373691904,Frankeen,2,trev7293,16.1,0.0,Win,True,16.1,0.0
2026,1331774880181399552,NCAA BIG 12,4,3,533541056352481280,DavidJimm,9,rchau56,15.0,15.6,Loss,True,15.0,0.0
2026,1331774880181399552,NCAA BIG 12,4,9,453711063846744064,rchau56,3,DavidJimm,15.6,15.0,Win,True,15.6,0.0
2026,1331774880181399552,NCAA BIG 12,4,4,425362114291437568,deadheadshane,6,elianbruger,11.4,0.0,Win,True,11.4,0.0
2026,1331774880181399552,NCAA BIG 12,4,6,335910160469880832,elianbruger,4,deadheadshane,0.0,11.4,Loss,True,0.0,0.0
2026,1331774880181399552,NCAA BIG 12,4,5,464117743042424832,robertlouis7,8,alicho,27.3,21.6,Win,True,27.3,0.0
2026,1331774880181399552,NCAA BIG 12,4,8,543929284962770944,alicho,5,robertlouis7,21.6,27.3,Loss,True,21.6,0.0
2026,1331774880181399552,NCAA BIG 12,4,10,989926421084557312,FalconsRULE7,12,Gangly22,0.0,16.5,Loss,True,0.0,0.0
2026,1331774880181399552,NCAA BIG 12,4,12,820771678849171456,Gangly22,10,FalconsRULE7,16.5,0.0,Win,True,16.5,0.0
2026,1331774846710849536,NCAA SUN BELT,4,1,751973682779508736,bruceble,8,yoboihawks,7.0,9.2,Loss,True,7.0,0.0
2026,1331774846710849536,NCAA SUN BELT,4,8,441362521463451648,yoboihawks,1,bruceble,9.2,7.0,Win,True,9.2,0.0
2026,1331774846710849536,NCAA SUN BELT,4,2,873461886535036928,Tommybuckets000,4,lucchityler,0.0,15.0,Loss,True,0.0,0.0
2026,1331774846710849536,NCAA SUN BELT,4,4,447283305738399744,lucchityler,2,Tommybuckets000,15.0,0.0,Win,True,15.0,0.0
2026,1331774846710849536,NCAA SUN BELT,4,3,739765296801390592,claym89,10,Fr3shBC11,9.1,24.96,Loss,True,9.1,0.0
2026,1331774846710849536,NCAA SUN BELT,4,10,441330448283463680,Fr3shBC11,3,claym89,24.96,9.1,Win,True,24.96,0.0
2026,1331774846710849536,NCAA SUN BELT,4,5,546466738316963840,PackMan1212,9,denvermanning,0.0,0.0,,True,0.0,0.0
2026,1331774846710849536,NCAA SUN BELT,4,9,380128482900062208,denvermanning,5,PackMan1212,0.0,0.0,,True,0.0,0.0
2026,1331774846710849536,NCAA SUN BELT,4,6,465019661495300096,Raidersforte,12,utsa,22.7,27.0,Loss,True,22.7,0.0
2026,1331774846710849536,NCAA SUN BELT,4,12,465297932204109824,utsa,6,Raidersforte,27.0,22.7,Win,True,27.0,0.0
2026,1331774846710849536,NCAA SUN BELT,4,7,547214728132608000,alphabeasttt,11,Resolhjk,37.1,0.0,Win,True,37.1,0.0
2026,1331774846710849536,NCAA SUN BELT,4,11,1235453121577111552,Resolhjk,7,alphabeasttt,0.0,37.1,Loss,True,0.0,0.0
2026,1331774804222545920,NCAA PIONEER,4,1,993737529142693888,doseofthestars,4,Daphud,0.0,55.6,Loss,True,0.0,0.0
2026,1331774804222545920,NCAA PIONEER,4,4,439351925129867264,Daphud,1,doseofthestars,55.6,0.0,Win,True,55.6,0.0
2026,1331774804222545920,NCAA PIONEER,4,2,468638573403303936,DownLoMoJo,6,BDAVIS309,12.9,8.5,Win,True,12.9,0.0
2026,1331774804222545920,NCAA PIONEER,4,6,455753261765357568,BDAVIS309,2,DownLoMoJo,8.5,12.9,Loss,True,8.5,0.0
2026,1331774804222545920,NCAA PIONEER,4,3,459110344502013952,MyFingerPoints,11,FatPat1251,7.0,0.0,Win,True,7.0,0.0
2026,1331774804222545920,NCAA PIONEER,4,11,325873712534421504,FatPat1251,3,MyFingerPoints,0.0,7.0,Loss,True,0.0,0.0
2026,1331774804222545920,NCAA PIONEER,4,5,432164755709370368,EBurkhart,9,DictatorBerry,4.6,28.6,Loss,True,4.6,0.0
2026,1331774804222545920,NCAA PIONEER,4,9,602687087556231168,DictatorBerry,5,EBurkhart,28.6,4.6,Win,True,28.6,0.0
2026,1331774804222545920,NCAA PIONEER,4,7,398884413687001088,Ortizz,12,YikesOnBikes,19.7,0.0,Win,True,19.7,0.0
2026,1331774804222545920,NCAA PIONEER,4,12,739984250304135168,YikesOnBikes,7,Ortizz,0.0,19.7,Loss,True,0.0,0.0
2026,1331774804222545920,NCAA PIONEER,4,8,339931221767249920,CrownMeKing,10,JMullen175,0.0,29.3,Loss,True,0.0,0.0
2026,1331774804222545920,NCAA PIONEER,4,10,315736569111650304,JMullen175,8,CrownMeKing,29.3,0.0,Win,True,29.3,0.0
2026,1331774741488369664,NCAA IVY,4,1,470912510262767616,FlynnD,3,Jrodr71,0.0,0.0,,True,0.0,0.0
2026,1331774741488369664,NCAA IVY,4,3,480124073456693248,Jrodr71,1,FlynnD,0.0,0.0,,True,0.0,0.0
2026,1331774741488369664,NCAA IVY,4,2,730628287012921344,KennethNZ,6,Iloveyyounghoes,0.0,8.5,Loss,True,0.0,0.0
2026,1331774741488369664,NCAA IVY,4,6,1017588201080369152,Iloveyyounghoes,2,KennethNZ,8.5,0.0,Win,True,8.5,0.0
2026,1331774741488369664,NCAA IVY,4,4,570803989783429120,alecgagnon2001,12,cobrapanther99,12.9,61.6,Loss,True,12.9,0.0
2026,1331774741488369664,NCAA IVY,4,12,464595147808567296,cobrapanther99,4,alecgagnon2001,61.6,12.9,Win,True,61.6,-0.0
2026,1331774741488369664,NCAA IVY,4,5,395321276102627328,ccassidy,9,BrynJ9618,21.6,18.6,Win,True,21.6,0.0
2026,1331774741488369664,NCAA IVY,4,9,1402806331622043648,BrynJ9618,5,ccassidy,18.6,21.6,Loss,True,18.6,0.0
2026,1331774741488369664,NCAA IVY,4,7,1135784589957652480,Hambnr,11,jtheadrick98,0.0,15.6,Loss,True,0.0,0.0
2026,1331774741488369664,NCAA IVY,4,11,460895027179024384,jtheadrick98,7,Hambnr,15.6,0.0,Win,True,15.6,0.0
2026,1331774741488369664,NCAA IVY,4,8,461688192555282432,PhilupMynuts,10,BLACK93BOIZS,9.1,11.4,Loss,True,9.1,0.0
2026,1331774741488369664,NCAA IVY,4,10,1142198466060402688,BLACK93BOIZS,8,PhilupMynuts,11.4,9.1,Win,True,11.4,0.0
2026,1331774695346823168,NCAA USA,4,1,389658700735868928,dh671,6,PatrickT21,22.7,34.5,Loss,True,22.7,0.0
2026,1331774695346823168,NCAA USA,4,6,560611777479667712,PatrickT21,1,dh671,34.5,22.7,Win,True,34.5,0.0
2026,1331774695346823168,NCAA USA,4,2,Orphan,Orphan,12,BroncoZzz,20.0,15.6,Win,True,20.0,0.0
2026,1331774695346823168,NCAA USA,4,12,650627977721245696,BroncoZzz,2,Orphan,15.6,20.0,Loss,True,15.6,0.0
2026,1331774695346823168,NCAA USA,4,3,599286882408394752,Botro,5,JustTouchdown1221,8.5,4.6,Win,True,8.5,0.0
2026,1331774695346823168,NCAA USA,4,5,866509840124641280,JustTouchdown1221,3,Botro,4.6,8.5,Loss,True,4.6,0.0
2026,1331774695346823168,NCAA USA,4,4,692542511834558464,GRIDIRONGANG81,10,Woolley69,7.0,0.0,Win,True,7.0,0.0
2026,1331774695346823168,NCAA USA,4,10,590358219562455040,Woolley69,4,GRIDIRONGANG81,0.0,7.0,Loss,True,0.0,0.0
2026,1331774695346823168,NCAA USA,4,7,81535409754357760,arandrea,8,krichknowsbest,16.0,25.5,Loss,True,16.0,0.0
2026,1331774695346823168,NCAA USA,4,8,605439246030925824,krichknowsbest,7,arandrea,25.5,16.0,Win,True,25.5,0.0
2026,1331774695346823168,NCAA USA,4,9,787224085817044992,masshole4eva,11,bshouseman,11.7,7.0,Win,True,11.7,0.0
2026,1331774695346823168,NCAA USA,4,11,460257215329071104,bshouseman,9,masshole4eva,7.0,11.7,Loss,True,7.0,0.0
2026,1331774630620332032,NCAA HISTORICALLY BLACK,4,1,471427194132885504,PhantomXX,3,lcummings,15.6,0.0,Win,True,15.6,0.0
2026,1331774630620332032,NCAA HISTORICALLY BLACK,4,3,640052303377952768,lcummings,1,PhantomXX,0.0,15.6,Loss,True,0.0,0.0
2026,1331774630620332032,NCAA HISTORICALLY BLACK,4,2,1240179381624655872,B41Pakman,12,scoobydaeaglemahomes,0.0,44.3,Loss,True,0.0,0.0
2026,1331774630620332032,NCAA HISTORICALLY BLACK,4,12,520088376557371392,scoobydaeaglemahomes,2,B41Pakman,44.3,0.0,Win,True,44.3,0.0
2026,1331774630620332032,NCAA HISTORICALLY BLACK,4,4,471080793406435328,memphismaniac,8,wblack2012,0.0,9.1,Loss,True,0.0,0.0
2026,1331774630620332032,NCAA HISTORICALLY BLACK,4,8,467835045181124608,wblack2012,4,memphismaniac,9.1,0.0,Win,True,9.1,0.0
2026,1331774630620332032,NCAA HISTORICALLY BLACK,4,5,1072700435921838080,DaMagic436,6,DeanFalcon,3.0,0.0,Win,True,3.0,0.0
2026,1331774630620332032,NCAA HISTORICALLY BLACK,4,6,692168840821411840,DeanFalcon,5,DaMagic436,0.0,3.0,Loss,True,0.0,0.0
2026,1331774630620332032,NCAA HISTORICALLY BLACK,4,7,519728067978186752,StrikerS091,11,Jerryb83,0.0,30.1,Loss,True,0.0,0.0
2026,1331774630620332032,NCAA HISTORICALLY BLACK,4,11,327614483000217600,Jerryb83,7,StrikerS091,30.1,0.0,Win,True,30.1,0.0
2026,1331774630620332032,NCAA HISTORICALLY BLACK,4,9,1260322259726249984,Pookieboom,10,bb7661KING,2.5,25.0,Loss,True,2.5,0.0
2026,1331774630620332032,NCAA HISTORICALLY BLACK,4,10,694233255825719296,bb7661KING,9,Pookieboom,25.0,2.5,Win,True,25.0,0.0
2026,1331774599196585984,NCAA MOUNTAIN WEST,4,1,596835723861082112,RicochetRay,9,Mrhawke19,22.7,0.0,Win,True,22.7,0.0
2026,1331774599196585984,NCAA MOUNTAIN WEST,4,9,589001974318403584,Mrhawke19,1,RicochetRay,0.0,22.7,Loss,True,0.0,0.0
2026,1331774599196585984,NCAA MOUNTAIN WEST,4,2,463106510101147648,jmdorsey00,10,postdeezy,0.0,16.1,Loss,True,0.0,0.0
2026,1331774599196585984,NCAA MOUNTAIN WEST,4,10,1374560757252890624,postdeezy,2,jmdorsey00,16.1,0.0,Win,True,16.1,0.0
2026,1331774599196585984,NCAA MOUNTAIN WEST,4,3,560626155833876480,HonoredMexican,7,Vikes1819,24.1,7.0,Win,True,24.1,0.0
2026,1331774599196585984,NCAA MOUNTAIN WEST,4,7,604155835978944512,Vikes1819,3,HonoredMexican,7.0,24.1,Loss,True,7.0,0.0
2026,1331774599196585984,NCAA MOUNTAIN WEST,4,4,1132868015638532096,Biggunnz21,8,bkoldham,28.4,0.0,Win,True,28.4,0.0
2026,1331774599196585984,NCAA MOUNTAIN WEST,4,8,325726913966395392,bkoldham,4,Biggunnz21,0.0,28.4,Loss,True,0.0,0.0
2026,1331774599196585984,NCAA MOUNTAIN WEST,4,5,1124191785678430208,Pipedawg21,11,bdub3,11.7,8.0,Win,True,11.7,0.0
2026,1331774599196585984,NCAA MOUNTAIN WEST,4,11,702897403514159104,bdub3,5,Pipedawg21,8.0,11.7,Loss,True,8.0,0.0
2026,1331774599196585984,NCAA MOUNTAIN WEST,4,6,837430327189295104,KlondikeBar,12,noahdaboa,15.6,11.4,Win,True,15.6,0.0
2026,1331774599196585984,NCAA MOUNTAIN WEST,4,12,734939566091436032,noahdaboa,6,KlondikeBar,11.4,15.6,Loss,True,11.4,0.0
2026,1331774544905510912,NCAA OHIO VALLEY,4,1,571753677428977664,Mistafyer,2,LMarkiewicz04,0.0,15.5,Loss,True,0.0,0.0
2026,1331774544905510912,NCAA OHIO VALLEY,4,2,601198801197260800,LMarkiewicz04,1,Mistafyer,15.5,0.0,Win,True,15.5,0.0
2026,1331774544905510912,NCAA OHIO VALLEY,4,3,468944645166985216,srcav,4,ethansherwood22,13.8,60.9,Loss,True,13.8,0.0
2026,1331774544905510912,NCAA OHIO VALLEY,4,4,472879969664495616,ethansherwood22,3,srcav,60.9,13.8,Win,True,60.9,0.0
2026,1331774544905510912,NCAA OHIO VALLEY,4,5,474662041341128704,Dreev,8,mooremc,16.0,11.7,Win,True,16.0,0.0
2026,1331774544905510912,NCAA OHIO VALLEY,4,8,426756284365160448,mooremc,5,Dreev,11.7,16.0,Loss,True,11.7,0.0
2026,1331774544905510912,NCAA OHIO VALLEY,4,6,331558449374593024,leathershoe4,12,Firephool,20.0,0.0,Win,True,20.0,0.0
2026,1331774544905510912,NCAA OHIO VALLEY,4,12,300814106795974656,Firephool,6,leathershoe4,0.0,20.0,Loss,True,0.0,0.0
2026,1331774544905510912,NCAA OHIO VALLEY,4,7,635700695584043008,charlielol,10,edgeofdefeat,0.0,0.0,,True,0.0,0.0
2026,1331774544905510912,NCAA OHIO VALLEY,4,10,594242128851296256,edgeofdefeat,7,charlielol,0.0,0.0,,True,0.0,0.0
2026,1331774544905510912,NCAA OHIO VALLEY,4,9,997659278062272512,pontes021,11,Romantryert,8.0,9.1,Loss,True,8.0,0.0
2026,1331774544905510912,NCAA OHIO VALLEY,4,11,638193564806897664,Romantryert,9,pontes021,9.1,8.0,Win,True,9.1,0.0
2026,1331774454493122560,NCAA WILD,4,1,457579310098673664,LanceBoneau,3,4thdownTD,0.0,0.0,,True,0.0,0.0
2026,1331774454493122560,NCAA WILD,4,3,441392312380026880,4thdownTD,1,LanceBoneau,0.0,0.0,,True,0.0,0.0
2026,1331774454493122560,NCAA WILD,4,2,545391514915762176,Hart123,10,olddominion2020,37.6,22.7,Win,True,37.6,0.0
2026,1331774454493122560,NCAA WILD,4,10,505166677990699008,olddominion2020,2,Hart123,22.7,37.6,Loss,True,22.7,0.0
2026,1331774454493122560,NCAA WILD,4,4,635935003657723904,matthewitz,8,lmkl,0.0,11.4,Loss,True,0.0,0.0
2026,1331774454493122560,NCAA WILD,4,8,462714981117325312,lmkl,4,matthewitz,11.4,0.0,Win,True,11.4,0.0
2026,1331774454493122560,NCAA WILD,4,5,642578171354484736,FareedB,11,TheScorer,7.12,15.6,Loss,True,7.12,0.0
2026,1331774454493122560,NCAA WILD,4,11,1228783119826423808,TheScorer,5,FareedB,15.6,7.12,Win,True,15.6,0.0
2026,1331774454493122560,NCAA WILD,4,6,203496917160697856,ThomasHarris,12,DBGiants,13.7,0.0,Win,True,13.7,0.0
2026,1331774454493122560,NCAA WILD,4,12,448446449538035712,DBGiants,6,ThomasHarris,0.0,13.7,Loss,True,0.0,0.0
2026,1331774454493122560,NCAA WILD,4,7,1213324396148572161,mrflack,9,MrBarryMcCockiner,3.1,0.0,Win,True,3.1,0.0
2026,1331774454493122560,NCAA WILD,4,9,603083535368134656,MrBarryMcCockiner,7,mrflack,0.0,3.1,Loss,True,0.0,0.0
2026,1316899936696016896,NCAA BIG 10,4,1,465720627639087104,Mo00,5,Justahippo,0.0,7.6,Loss,True,0.0,0.0
2026,1316899936696016896,NCAA BIG 10,4,5,856759599565475840,Justahippo,1,Mo00,7.6,0.0,Win,True,7.6,0.0
2026,1316899936696016896,NCAA BIG 10,4,2,438178170542223360,EthanH,11,Schuflakka,0.0,27.7,Loss,True,0.0,0.0
2026,1316899936696016896,NCAA BIG 10,4,11,471056290550902784,Schuflakka,2,EthanH,27.7,0.0,Win,True,27.7,0.0
2026,1316899936696016896,NCAA BIG 10,4,3,437465313911500800,kfitch3p,6,laxbro000,8.0,11.4,Loss,True,8.0,0.0
2026,1316899936696016896,NCAA BIG 10,4,6,460511267564548096,laxbro000,3,kfitch3p,11.4,8.0,Win,True,11.4,0.0
2026,1316899936696016896,NCAA BIG 10,4,4,1354967293209083904,EndZoneAllDay1,9,Klashified,7.0,8.5,Loss,True,7.0,0.0
2026,1316899936696016896,NCAA BIG 10,4,9,559208653427675136,Klashified,4,EndZoneAllDay1,8.5,7.0,Win,True,8.5,0.0
2026,1316899936696016896,NCAA BIG 10,4,7,460518714907815936,linkoftime1,10,richardson98,22.7,30.7,Loss,True,22.7,0.0
2026,1316899936696016896,NCAA BIG 10,4,10,459225788735025152,richardson98,7,linkoftime1,30.7,22.7,Win,True,30.7,-0.0
2026,1316899936696016896,NCAA BIG 10,4,8,998438693570539520,ChAiNSmOkErTk,12,chrispychicken,3.5,0.0,Win,True,3.5,0.0
2026,1316899936696016896,NCAA BIG 10,4,12,443870183853912064,chrispychicken,8,ChAiNSmOkErTk,0.0,3.5,Loss,True,0.0,0.0
2026,1316899756005412864,NCAA BIG SKY,4,1,456258200757334016,WillyP15,3,Beastchewy15,13.7,0.0,Win,True,13.7,0.0
2026,1316899756005412864,NCAA BIG SKY,4,3,449327253101211648,Beastchewy15,1,WillyP15,0.0,13.7,Loss,True,0.0,0.0
2026,1316899756005412864,NCAA BIG SKY,4,2,439255136309604352,PapaCrowther,5,agrakush,22.6,0.0,Win,True,22.6,0.0
2026,1316899756005412864,NCAA BIG SKY,4,5,465934519652839424,agrakush,2,PapaCrowther,0.0,22.6,Loss,True,0.0,0.0
2026,1316899756005412864,NCAA BIG SKY,4,4,519439276311531520,Elestial,8,Vitus,12.9,22.7,Loss,True,12.9,0.0
2026,1316899756005412864,NCAA BIG SKY,4,8,437413803001376768,Vitus,4,Elestial,22.7,12.9,Win,True,22.7,0.0
2026,1316899756005412864,NCAA BIG SKY,4,6,424793511431262208,Elwayluva7,11,mgrant55,16.5,16.0,Win,True,16.5,0.0
2026,1316899756005412864,NCAA BIG SKY,4,11,604388962898866176,mgrant55,6,Elwayluva7,16.0,16.5,Loss,True,16.0,0.0
2026,1316899756005412864,NCAA BIG SKY,4,7,78892531970359296,fballfreek80,10,thejockytype,0.0,14.2,Loss,True,0.0,0.0
2026,1316899756005412864,NCAA BIG SKY,4,10,334014945886748672,thejockytype,7,fballfreek80,14.2,0.0,Win,True,14.2,0.0
2026,1316899756005412864,NCAA BIG SKY,4,9,448641292377780224,Pinky7373,12,mssullivan2022,0.0,0.0,,True,0.0,0.0
2026,1316899756005412864,NCAA BIG SKY,4,12,519767126595325952,mssullivan2022,9,Pinky7373,0.0,0.0,,True,0.0,0.0
