Year,LeagueID,LeagueName,Week,RosterID,PointsFor,MaxPoints,Efficiency
2026,1331774915392577536,NCAA ACC,1,1,166.06,180.96,0.9177
2026,1331774915392577536,NCAA ACC,1,2,126.9,174.3,0.7281
2026,1331774915392577536,NCAA ACC,1,3,149.1,163.2,0.9136
2026,1331774915392577536,NCAA ACC,1,4,101.78,135.18,0.7529
2026,1331774915392577536,NCAA ACC,1,5,162.96,176.26,0.9245
2026,1331774915392577536,NCAA ACC,1,6,160.56,205.06,0.783
2026,1331774915392577536,NCAA ACC,1,7,155.22,169.42,0.9162
2026,1331774915392577536,NCAA ACC,1,8,152.12,169.34,0.8983
2026,1331774915392577536,NCAA ACC,1,9,146.16,164.16,0.8904
2026,1331774915392577536,NCAA ACC,1,10,187.1,203.3,0.9203
2026,1331774915392577536,NCAA ACC,1,11,110.84,156.24,0.7094
2026,1331774915392577536,NCAA ACC,1,12,139.56,165.96,0.8409
2026,1316899936696016896,NCAA BIG 10,1,1,164.3,182.8,0.8988
2026,1316899936696016896,NCAA BIG 10,1,2,150.82,172.6,0.8738
2026,1316899936696016896,NCAA BIG 10,1,3,82.9,139.14,0.5958
2026,1316899936696016896,NCAA BIG 10,1,4,130.76,136.06,0.961
2026,1316899936696016896,NCAA BIG 10,1,5,141.82,179.94,0.7882
2026,1316899936696016896,NCAA BIG 10,1,6,147.46,211.86,0.696
2026,1316899936696016896,NCAA BIG 10,1,7,154.76,188.16,0.8225
2026,1316899936696016896,NCAA BIG 10,1,8,140.2,143.5,0.977
2026,1316899936696016896,NCAA BIG 10,1,9,133.36,181.66,0.7341
2026,1316899936696016896,NCAA BIG 10,1,10,128.56,156.02,0.824
2026,1316899936696016896,NCAA BIG 10,1,11,138.36,192.46,0.7189
2026,1316899936696016896,NCAA BIG 10,1,12,130.34,164.84,0.7907
2026,1331774880181399552,NCAA BIG 12,1,1,125.16,149.16,0.8391
2026,1331774880181399552,NCAA BIG 12,1,2,83.8,122.1,0.6863
2026,1331774880181399552,NCAA BIG 12,1,3,113.76,171.5,0.6633
2026,1331774880181399552,NCAA BIG 12,1,4,135.16,171.26,0.7892
2026,1331774880181399552,NCAA BIG 12,1,5,157.5,207.7,0.7583
2026,1331774880181399552,NCAA BIG 12,1,6,124.46,149.26,0.8338
2026,1331774880181399552,NCAA BIG 12,1,7,198.52,243.92,0.8139
2026,1331774880181399552,NCAA BIG 12,1,8,174.34,217.9,0.8001
2026,1331774880181399552,NCAA BIG 12,1,9,112.72,140.12,0.8045
2026,1331774880181399552,NCAA BIG 12,1,10,79.4,153.64,0.5168
2026,1331774880181399552,NCAA BIG 12,1,11,173.66,206.86,0.8395
2026,1331774880181399552,NCAA BIG 12,1,12,135.46,167.12,0.8106
2026,1331775206619885568,NCAA BIG EAST & CO.,1,1,123.0,136.6,0.9004
2026,1331775206619885568,NCAA BIG EAST & CO.,1,2,93.14,152.64,0.6102
2026,1331775206619885568,NCAA BIG EAST & CO.,1,3,149.56,185.36,0.8069
2026,1331775206619885568,NCAA BIG EAST & CO.,1,4,160.32,193.84,0.8271
2026,1331775206619885568,NCAA BIG EAST & CO.,1,5,121.48,156.28,0.7773
2026,1331775206619885568,NCAA BIG EAST & CO.,1,6,108.96,154.16,0.7068
2026,1331775206619885568,NCAA BIG EAST & CO.,1,7,187.8,208.4,0.9012
2026,1331775206619885568,NCAA BIG EAST & CO.,1,8,128.7,161.7,0.7959
2026,1331775206619885568,NCAA BIG EAST & CO.,1,9,157.6,183.0,0.8612
2026,1331775206619885568,NCAA BIG EAST & CO.,1,10,134.76,202.56,0.6653
2026,1331775206619885568,NCAA BIG EAST & CO.,1,11,114.16,167.16,0.6829
2026,1331775206619885568,NCAA BIG EAST & CO.,1,12,131.36,179.26,0.7328
2026,1316899756005412864,NCAA BIG SKY,1,1,116.5,161.44,0.7216
2026,1316899756005412864,NCAA BIG SKY,1,2,145.86,164.06,0.8891
2026,1316899756005412864,NCAA BIG SKY,1,3,151.46,199.84,0.7579
2026,1316899756005412864,NCAA BIG SKY,1,4,116.44,151.58,0.7682
2026,1316899756005412864,NCAA BIG SKY,1,5,139.16,173.3,0.803
2026,1316899756005412864,NCAA BIG SKY,1,6,128.96,199.1,0.6477
2026,1316899756005412864,NCAA BIG SKY,1,7,116.72,160.72,0.7262
2026,1316899756005412864,NCAA BIG SKY,1,8,174.26,248.56,0.7011
2026,1316899756005412864,NCAA BIG SKY,1,9,32.34,81.1,0.3988
2026,1316899756005412864,NCAA BIG SKY,1,10,70.1,128.4,0.546
2026,1316899756005412864,NCAA BIG SKY,1,11,93.92,131.46,0.7144
2026,1316899756005412864,NCAA BIG SKY,1,12,155.1,191.7,0.8091
2026,1331774630620332032,NCAA HISTORICALLY BLACK,1,1,171.46,199.46,0.8596
2026,1331774630620332032,NCAA HISTORICALLY BLACK,1,2,94.14,119.4,0.7884
2026,1331774630620332032,NCAA HISTORICALLY BLACK,1,3,155.1,205.1,0.7562
2026,1331774630620332032,NCAA HISTORICALLY BLACK,1,4,149.76,161.76,0.9258
2026,1331774630620332032,NCAA HISTORICALLY BLACK,1,5,203.3,221.4,0.9182
2026,1331774630620332032,NCAA HISTORICALLY BLACK,1,6,121.36,172.44,0.7038
2026,1331774630620332032,NCAA HISTORICALLY BLACK,1,7,184.76,216.76,0.8524
2026,1331774630620332032,NCAA HISTORICALLY BLACK,1,8,107.68,133.08,0.8091
2026,1331774630620332032,NCAA HISTORICALLY BLACK,1,9,134.26,152.16,0.8824
2026,1331774630620332032,NCAA HISTORICALLY BLACK,1,10,153.9,164.7,0.9344
2026,1331774630620332032,NCAA HISTORICALLY BLACK,1,11,87.32,143.3,0.6094
2026,1331774630620332032,NCAA HISTORICALLY BLACK,1,12,107.04,169.94,0.6299
2026,1331774741488369664,NCAA IVY,1,1,116.02,196.5,0.5904
2026,1331774741488369664,NCAA IVY,1,2,86.36,149.64,0.5771
2026,1331774741488369664,NCAA IVY,1,3,125.5,148.5,0.8451
2026,1331774741488369664,NCAA IVY,1,4,138.0,187.1,0.7376
2026,1331774741488369664,NCAA IVY,1,5,158.6,164.6,0.9635
2026,1331774741488369664,NCAA IVY,1,6,137.84,176.66,0.7803
2026,1331774741488369664,NCAA IVY,1,7,114.52,141.52,0.8092
2026,1331774741488369664,NCAA IVY,1,8,133.36,177.66,0.7506
2026,1331774741488369664,NCAA IVY,1,9,162.72,205.78,0.7907
2026,1331774741488369664,NCAA IVY,1,10,132.36,151.06,0.8762
2026,1331774741488369664,NCAA IVY,1,11,180.96,193.66,0.9344
2026,1331774741488369664,NCAA IVY,1,12,113.66,174.2,0.6525
2026,1331774599196585984,NCAA MOUNTAIN WEST,1,1,170.86,203.26,0.8406
2026,1331774599196585984,NCAA MOUNTAIN WEST,1,2,101.6,142.98,0.7106
2026,1331774599196585984,NCAA MOUNTAIN WEST,1,3,106.46,133.32,0.7985
2026,1331774599196585984,NCAA MOUNTAIN WEST,1,4,84.6,126.78,0.6673
2026,1331774599196585984,NCAA MOUNTAIN WEST,1,5,158.26,198.84,0.7959
2026,1331774599196585984,NCAA MOUNTAIN WEST,1,6,151.14,193.26,0.7821
2026,1331774599196585984,NCAA MOUNTAIN WEST,1,7,152.32,201.26,0.7568
2026,1331774599196585984,NCAA MOUNTAIN WEST,1,8,182.86,213.02,0.8584
2026,1331774599196585984,NCAA MOUNTAIN WEST,1,9,95.8,147.1,0.6513
2026,1331774599196585984,NCAA MOUNTAIN WEST,1,10,120.82,160.8,0.7514
2026,1331774599196585984,NCAA MOUNTAIN WEST,1,11,125.36,180.46,0.6947
2026,1331774599196585984,NCAA MOUNTAIN WEST,1,12,152.66,174.56,0.8745
2026,1331774544905510912,NCAA OHIO VALLEY,1,1,103.8,147.5,0.7037
2026,1331774544905510912,NCAA OHIO VALLEY,1,2,130.16,157.16,0.8282
2026,1331774544905510912,NCAA OHIO VALLEY,1,3,121.42,158.76,0.7648
2026,1331774544905510912,NCAA OHIO VALLEY,1,4,190.36,214.7,0.8866
2026,1331774544905510912,NCAA OHIO VALLEY,1,5,100.36,145.58,0.6894
2026,1331774544905510912,NCAA OHIO VALLEY,1,6,137.12,178.82,0.7668
2026,1331774544905510912,NCAA OHIO VALLEY,1,7,146.2,176.4,0.8288
2026,1331774544905510912,NCAA OHIO VALLEY,1,8,134.74,196.44,0.6859
2026,1331774544905510912,NCAA OHIO VALLEY,1,9,87.46,114.0,0.7672
2026,1331774544905510912,NCAA OHIO VALLEY,1,10,164.36,187.26,0.8777
2026,1331774544905510912,NCAA OHIO VALLEY,1,11,163.86,188.16,0.8709
2026,1331774544905510912,NCAA OHIO VALLEY,1,12,172.96,200.86,0.8611
2026,1331775106527006720,NCAA PAC 12,1,1,94.46,159.56,0.592
2026,1331775106527006720,NCAA PAC 12,1,2,154.42,170.82,0.904
2026,1331775106527006720,NCAA PAC 12,1,3,178.88,193.78,0.9231
2026,1331775106527006720,NCAA PAC 12,1,4,170.0,177.4,0.9583
2026,1331775106527006720,NCAA PAC 12,1,5,105.04,126.54,0.8301
2026,1331775106527006720,NCAA PAC 12,1,6,100.76,140.46,0.7174
2026,1331775106527006720,NCAA PAC 12,1,7,139.4,207.54,0.6717
2026,1331775106527006720,NCAA PAC 12,1,8,179.32,183.72,0.9761
2026,1331775106527006720,NCAA PAC 12,1,9,85.16,157.36,0.5412
2026,1331775106527006720,NCAA PAC 12,1,10,89.06,148.86,0.5983
2026,1331775106527006720,NCAA PAC 12,1,11,141.0,168.1,0.8388
2026,1331775106527006720,NCAA PAC 12,1,12,171.36,212.76,0.8054
2026,1331774804222545920,NCAA PIONEER,1,1,119.72,163.5,0.7322
2026,1331774804222545920,NCAA PIONEER,1,2,128.84,189.7,0.6792
2026,1331774804222545920,NCAA PIONEER,1,3,127.96,180.24,0.7099
2026,1331774804222545920,NCAA PIONEER,1,4,138.5,183.7,0.7539
2026,1331774804222545920,NCAA PIONEER,1,5,81.96,118.86,0.6896
2026,1331774804222545920,NCAA PIONEER,1,6,155.82,191.0,0.8158
2026,1331774804222545920,NCAA PIONEER,1,7,86.12,134.08,0.6423
2026,1331774804222545920,NCAA PIONEER,1,8,138.96,190.66,0.7288
2026,1331774804222545920,NCAA PIONEER,1,9,131.1,179.3,0.7312
2026,1331774804222545920,NCAA PIONEER,1,10,160.16,191.86,0.8348
2026,1331774804222545920,NCAA PIONEER,1,11,135.44,163.14,0.8302
2026,1331774804222545920,NCAA PIONEER,1,12,146.82,169.6,0.8657
2026,1331775170712444928,NCAA SEC,1,1,111.92,159.62,0.7012
2026,1331775170712444928,NCAA SEC,1,2,141.16,184.76,0.764
2026,1331775170712444928,NCAA SEC,1,3,123.96,161.46,0.7677
2026,1331775170712444928,NCAA SEC,1,4,185.66,220.96,0.8402
2026,1331775170712444928,NCAA SEC,1,5,94.74,130.4,0.7265
2026,1331775170712444928,NCAA SEC,1,6,154.54,212.04,0.7288
2026,1331775170712444928,NCAA SEC,1,7,140.96,158.3,0.8905
2026,1331775170712444928,NCAA SEC,1,8,128.22,164.38,0.78
2026,1331775170712444928,NCAA SEC,1,9,124.46,138.26,0.9002
2026,1331775170712444928,NCAA SEC,1,10,195.6,231.74,0.844
2026,1331775170712444928,NCAA SEC,1,11,100.2,132.0,0.7591
2026,1331775170712444928,NCAA SEC,1,12,131.56,154.56,0.8512
2026,1331774846710849536,NCAA SUN BELT,1,1,152.8,159.9,0.9556
2026,1331774846710849536,NCAA SUN BELT,1,2,136.76,187.06,0.7311
2026,1331774846710849536,NCAA SUN BELT,1,3,134.5,188.2,0.7147
2026,1331774846710849536,NCAA SUN BELT,1,4,122.24,130.84,0.9343
2026,1331774846710849536,NCAA SUN BELT,1,5,138.62,184.78,0.7502
2026,1331774846710849536,NCAA SUN BELT,1,6,136.26,171.38,0.7951
2026,1331774846710849536,NCAA SUN BELT,1,7,120.36,139.5,0.8628
2026,1331774846710849536,NCAA SUN BELT,1,8,179.62,198.6,0.9044
2026,1331774846710849536,NCAA SUN BELT,1,9,157.86,193.04,0.8178
2026,1331774846710849536,NCAA SUN BELT,1,10,84.34,127.46,0.6617
2026,1331774846710849536,NCAA SUN BELT,1,11,188.16,214.26,0.8782
2026,1331774846710849536,NCAA SUN BELT,1,12,157.16,192.36,0.817
2026,1331774695346823168,NCAA USA,1,1,119.86,176.52,0.679
2026,1331774695346823168,NCAA USA,1,2,124.14,162.34,0.7647
2026,1331774695346823168,NCAA USA,1,3,126.72,165.8,0.7643
2026,1331774695346823168,NCAA USA,1,4,179.0,198.5,0.9018
2026,1331774695346823168,NCAA USA,1,5,181.76,226.16,0.8037
2026,1331774695346823168,NCAA USA,1,6,141.66,166.16,0.8526
2026,1331774695346823168,NCAA USA,1,7,151.74,200.1,0.7583
2026,1331774695346823168,NCAA USA,1,8,144.06,197.36,0.7299
2026,1331774695346823168,NCAA USA,1,9,120.06,153.36,0.7829
2026,1331774695346823168,NCAA USA,1,10,110.86,126.96,0.8732
2026,1331774695346823168,NCAA USA,1,11,81.0,145.36,0.5572
2026,1331774695346823168,NCAA USA,1,12,101.9,131.06,0.7775
2026,1331774454493122560,NCAA WILD,1,1,105.82,209.66,0.5047
2026,1331774454493122560,NCAA WILD,1,2,140.02,167.08,0.838
2026,1331774454493122560,NCAA WILD,1,3,99.56,125.72,0.7919
2026,1331774454493122560,NCAA WILD,1,4,114.7,142.5,0.8049
2026,1331774454493122560,NCAA WILD,1,5,123.14,175.18,0.7029
2026,1331774454493122560,NCAA WILD,1,6,179.6,206.16,0.8712
2026,1331774454493122560,NCAA WILD,1,7,80.6,148.54,0.5426
2026,1331774454493122560,NCAA WILD,1,8,163.56,191.56,0.8538
2026,1331774454493122560,NCAA WILD,1,9,99.56,166.12,0.5993
2026,1331774454493122560,NCAA WILD,1,10,132.36,226.36,0.5847
2026,1331774454493122560,NCAA WILD,1,11,116.84,140.24,0.8331
2026,1331774454493122560,NCAA WILD,1,12,140.3,147.6,0.9505
2026,1331774915392577536,NCAA ACC,2,1,144.98,186.68,0.7766
2026,1331774915392577536,NCAA ACC,2,2,105.6,148.28,0.7122
2026,1331774915392577536,NCAA ACC,2,3,135.08,149.08,0.9061
2026,1331774915392577536,NCAA ACC,2,4,107.9,149.42,0.7221
2026,1331774915392577536,NCAA ACC,2,5,163.92,190.42,0.8608
2026,1331774915392577536,NCAA ACC,2,6,128.42,157.88,0.8134
2026,1331774915392577536,NCAA ACC,2,7,102.86,152.02,0.6766
2026,1331774915392577536,NCAA ACC,2,8,106.82,157.68,0.6774
2026,1331774915392577536,NCAA ACC,2,9,129.0,138.9,0.9287
2026,1331774915392577536,NCAA ACC,2,10,96.26,119.88,0.803
2026,1331774915392577536,NCAA ACC,2,11,132.48,151.78,0.8728
2026,1331774915392577536,NCAA ACC,2,12,193.38,236.26,0.8185
2026,1316899936696016896,NCAA BIG 10,2,1,138.72,161.02,0.8615
2026,1316899936696016896,NCAA BIG 10,2,2,133.76,188.58,0.7093
2026,1316899936696016896,NCAA BIG 10,2,3,59.22,142.32,0.4161
2026,1316899936696016896,NCAA BIG 10,2,4,78.7,102.2,0.7701
2026,1316899936696016896,NCAA BIG 10,2,5,111.88,137.08,0.8162
2026,1316899936696016896,NCAA BIG 10,2,6,97.92,147.56,0.6636
2026,1316899936696016896,NCAA BIG 10,2,7,253.72,265.52,0.9556
2026,1316899936696016896,NCAA BIG 10,2,8,71.06,99.98,0.7107
2026,1316899936696016896,NCAA BIG 10,2,9,173.48,176.98,0.9802
2026,1316899936696016896,NCAA BIG 10,2,10,117.44,142.14,0.8262
2026,1316899936696016896,NCAA BIG 10,2,11,118.78,153.68,0.7729
2026,1316899936696016896,NCAA BIG 10,2,12,123.62,189.52,0.6523
2026,1331774880181399552,NCAA BIG 12,2,1,122.12,160.52,0.7608
2026,1331774880181399552,NCAA BIG 12,2,2,148.92,189.92,0.7841
2026,1331774880181399552,NCAA BIG 12,2,3,102.54,138.58,0.7399
2026,1331774880181399552,NCAA BIG 12,2,4,124.1,160.1,0.7751
2026,1331774880181399552,NCAA BIG 12,2,5,197.06,237.42,0.83
2026,1331774880181399552,NCAA BIG 12,2,6,105.98,162.98,0.6503
2026,1331774880181399552,NCAA BIG 12,2,7,158.06,183.6,0.8609
2026,1331774880181399552,NCAA BIG 12,2,8,145.78,161.88,0.9005
2026,1331774880181399552,NCAA BIG 12,2,9,75.32,99.88,0.7541
2026,1331774880181399552,NCAA BIG 12,2,10,78.28,130.68,0.599
2026,1331774880181399552,NCAA BIG 12,2,11,102.92,150.38,0.6844
2026,1331774880181399552,NCAA BIG 12,2,12,81.08,100.72,0.805
2026,1331775206619885568,NCAA BIG EAST & CO.,2,1,99.88,158.22,0.6313
2026,1331775206619885568,NCAA BIG EAST & CO.,2,2,58.48,99.08,0.5902
2026,1331775206619885568,NCAA BIG EAST & CO.,2,3,132.84,159.3,0.8339
2026,1331775206619885568,NCAA BIG EAST & CO.,2,4,137.08,159.58,0.859
2026,1331775206619885568,NCAA BIG EAST & CO.,2,5,118.1,137.5,0.8589
2026,1331775206619885568,NCAA BIG EAST & CO.,2,6,148.98,171.62,0.8681
2026,1331775206619885568,NCAA BIG EAST & CO.,2,7,109.3,222.86,0.4904
2026,1331775206619885568,NCAA BIG EAST & CO.,2,8,132.06,149.96,0.8806
2026,1331775206619885568,NCAA BIG EAST & CO.,2,9,117.08,153.38,0.7633
2026,1331775206619885568,NCAA BIG EAST & CO.,2,10,113.52,142.62,0.796
2026,1331775206619885568,NCAA BIG EAST & CO.,2,11,131.78,194.48,0.6776
2026,1331775206619885568,NCAA BIG EAST & CO.,2,12,152.22,171.52,0.8875
2026,1316899756005412864,NCAA BIG SKY,2,1,171.0,216.08,0.7914
2026,1316899756005412864,NCAA BIG SKY,2,2,73.14,81.54,0.897
2026,1316899756005412864,NCAA BIG SKY,2,3,186.78,201.78,0.9257
2026,1316899756005412864,NCAA BIG SKY,2,4,137.5,162.3,0.8472
2026,1316899756005412864,NCAA BIG SKY,2,5,122.58,153.98,0.7961
2026,1316899756005412864,NCAA BIG SKY,2,6,112.5,143.62,0.7833
2026,1316899756005412864,NCAA BIG SKY,2,7,82.56,130.66,0.6319
2026,1316899756005412864,NCAA BIG SKY,2,8,180.12,254.42,0.708
2026,1316899756005412864,NCAA BIG SKY,2,9,38.28,81.92,0.4673
2026,1316899756005412864,NCAA BIG SKY,2,10,61.28,85.08,0.7203
2026,1316899756005412864,NCAA BIG SKY,2,11,56.62,129.76,0.4363
2026,1316899756005412864,NCAA BIG SKY,2,12,178.48,197.68,0.9029
2026,1331774630620332032,NCAA HISTORICALLY BLACK,2,1,131.82,169.82,0.7762
2026,1331774630620332032,NCAA HISTORICALLY BLACK,2,2,96.78,120.88,0.8006
2026,1331774630620332032,NCAA HISTORICALLY BLACK,2,3,150.18,213.78,0.7025
2026,1331774630620332032,NCAA HISTORICALLY BLACK,2,4,142.6,164.3,0.8679
2026,1331774630620332032,NCAA HISTORICALLY BLACK,2,5,108.26,128.46,0.8428
2026,1331774630620332032,NCAA HISTORICALLY BLACK,2,6,88.24,152.78,0.5776
2026,1331774630620332032,NCAA HISTORICALLY BLACK,2,7,94.42,148.02,0.6379
2026,1331774630620332032,NCAA HISTORICALLY BLACK,2,8,167.8,190.3,0.8818
2026,1331774630620332032,NCAA HISTORICALLY BLACK,2,9,111.78,164.68,0.6788
2026,1331774630620332032,NCAA HISTORICALLY BLACK,2,10,116.7,158.68,0.7354
2026,1331774630620332032,NCAA HISTORICALLY BLACK,2,11,95.68,122.78,0.7793
2026,1331774630620332032,NCAA HISTORICALLY BLACK,2,12,143.88,168.22,0.8553
2026,1331774741488369664,NCAA IVY,2,1,130.28,164.58,0.7916
2026,1331774741488369664,NCAA IVY,2,2,107.94,146.68,0.7359
2026,1331774741488369664,NCAA IVY,2,3,87.9,116.8,0.7526
2026,1331774741488369664,NCAA IVY,2,4,129.8,182.92,0.7096
2026,1331774741488369664,NCAA IVY,2,5,169.46,197.66,0.8573
2026,1331774741488369664,NCAA IVY,2,6,126.32,184.08,0.6862
2026,1331774741488369664,NCAA IVY,2,7,131.16,145.46,0.9017
2026,1331774741488369664,NCAA IVY,2,8,112.8,144.72,0.7794
2026,1331774741488369664,NCAA IVY,2,9,125.5,146.9,0.8543
2026,1331774741488369664,NCAA IVY,2,10,112.98,144.02,0.7845
2026,1331774741488369664,NCAA IVY,2,11,135.32,155.92,0.8679
2026,1331774741488369664,NCAA IVY,2,12,138.98,168.68,0.8239
2026,1331774599196585984,NCAA MOUNTAIN WEST,2,1,231.82,238.22,0.9731
2026,1331774599196585984,NCAA MOUNTAIN WEST,2,2,51.2,129.66,0.3949
2026,1331774599196585984,NCAA MOUNTAIN WEST,2,3,89.68,137.32,0.6531
2026,1331774599196585984,NCAA MOUNTAIN WEST,2,4,98.68,131.4,0.751
2026,1331774599196585984,NCAA MOUNTAIN WEST,2,5,104.6,138.98,0.7526
2026,1331774599196585984,NCAA MOUNTAIN WEST,2,6,127.88,214.68,0.5957
2026,1331774599196585984,NCAA MOUNTAIN WEST,2,7,137.78,158.78,0.8677
2026,1331774599196585984,NCAA MOUNTAIN WEST,2,8,114.78,157.92,0.7268
2026,1331774599196585984,NCAA MOUNTAIN WEST,2,9,127.2,165.12,0.7703
2026,1331774599196585984,NCAA MOUNTAIN WEST,2,10,124.42,185.88,0.6694
2026,1331774599196585984,NCAA MOUNTAIN WEST,2,11,107.44,150.54,0.7137
2026,1331774599196585984,NCAA MOUNTAIN WEST,2,12,127.32,164.88,0.7722
2026,1331774544905510912,NCAA OHIO VALLEY,2,1,140.36,172.06,0.8158
2026,1331774544905510912,NCAA OHIO VALLEY,2,2,183.88,196.78,0.9344
2026,1331774544905510912,NCAA OHIO VALLEY,2,3,94.92,110.32,0.8604
2026,1331774544905510912,NCAA OHIO VALLEY,2,4,169.3,193.22,0.8762
2026,1331774544905510912,NCAA OHIO VALLEY,2,5,142.68,201.08,0.7096
2026,1331774544905510912,NCAA OHIO VALLEY,2,6,125.66,155.66,0.8073
2026,1331774544905510912,NCAA OHIO VALLEY,2,7,140.06,166.8,0.8397
2026,1331774544905510912,NCAA OHIO VALLEY,2,8,104.08,116.38,0.8943
2026,1331774544905510912,NCAA OHIO VALLEY,2,9,78.24,113.18,0.6913
2026,1331774544905510912,NCAA OHIO VALLEY,2,10,75.62,136.28,0.5549
2026,1331774544905510912,NCAA OHIO VALLEY,2,11,166.02,201.72,0.823
2026,1331774544905510912,NCAA OHIO VALLEY,2,12,135.3,137.9,0.9811
2026,1331775106527006720,NCAA PAC 12,2,1,85.92,131.46,0.6536
2026,1331775106527006720,NCAA PAC 12,2,2,165.96,189.18,0.8773
2026,1331775106527006720,NCAA PAC 12,2,3,117.9,139.72,0.8438
2026,1331775106527006720,NCAA PAC 12,2,4,141.96,176.88,0.8026
2026,1331775106527006720,NCAA PAC 12,2,5,82.58,123.38,0.6693
2026,1331775106527006720,NCAA PAC 12,2,6,99.0,139.42,0.7101
2026,1331775106527006720,NCAA PAC 12,2,7,216.68,242.48,0.8936
2026,1331775106527006720,NCAA PAC 12,2,8,115.32,191.12,0.6034
2026,1331775106527006720,NCAA PAC 12,2,9,66.08,110.22,0.5995
2026,1331775106527006720,NCAA PAC 12,2,10,103.18,176.62,0.5842
2026,1331775106527006720,NCAA PAC 12,2,11,88.3,128.1,0.6893
2026,1331775106527006720,NCAA PAC 12,2,12,141.14,167.18,0.8442
2026,1331774804222545920,NCAA PIONEER,2,1,116.28,149.28,0.7789
2026,1331774804222545920,NCAA PIONEER,2,2,92.38,147.28,0.6272
2026,1331774804222545920,NCAA PIONEER,2,3,180.68,197.68,0.914
2026,1331774804222545920,NCAA PIONEER,2,4,57.6,141.52,0.407
2026,1331774804222545920,NCAA PIONEER,2,5,115.32,148.12,0.7786
2026,1331774804222545920,NCAA PIONEER,2,6,113.3,151.22,0.7492
2026,1331774804222545920,NCAA PIONEER,2,7,111.42,146.0,0.7632
2026,1331774804222545920,NCAA PIONEER,2,8,155.6,197.3,0.7886
2026,1331774804222545920,NCAA PIONEER,2,9,144.06,171.66,0.8392
2026,1331774804222545920,NCAA PIONEER,2,10,115.32,148.98,0.7741
2026,1331774804222545920,NCAA PIONEER,2,11,128.68,163.18,0.7886
2026,1331774804222545920,NCAA PIONEER,2,12,128.96,171.86,0.7504
2026,1331775170712444928,NCAA SEC,2,1,87.56,113.26,0.7731
2026,1331775170712444928,NCAA SEC,2,2,186.22,226.52,0.8221
2026,1331775170712444928,NCAA SEC,2,3,107.9,122.52,0.8807
2026,1331775170712444928,NCAA SEC,2,4,160.48,175.46,0.9146
2026,1331775170712444928,NCAA SEC,2,5,110.32,148.68,0.742
2026,1331775170712444928,NCAA SEC,2,6,230.68,247.28,0.9329
2026,1331775170712444928,NCAA SEC,2,7,111.58,117.58,0.949
2026,1331775170712444928,NCAA SEC,2,8,123.22,167.5,0.7356
2026,1331775170712444928,NCAA SEC,2,9,106.82,128.82,0.8292
2026,1331775170712444928,NCAA SEC,2,10,119.8,176.68,0.6781
2026,1331775170712444928,NCAA SEC,2,11,81.22,98.82,0.8219
2026,1331775170712444928,NCAA SEC,2,12,107.74,165.48,0.6511
2026,1331774846710849536,NCAA SUN BELT,2,1,121.02,140.82,0.8594
2026,1331774846710849536,NCAA SUN BELT,2,2,139.6,188.48,0.7407
2026,1331774846710849536,NCAA SUN BELT,2,3,108.84,133.44,0.8156
2026,1331774846710849536,NCAA SUN BELT,2,4,90.88,113.18,0.803
2026,1331774846710849536,NCAA SUN BELT,2,5,73.6,139.88,0.5262
2026,1331774846710849536,NCAA SUN BELT,2,6,141.18,171.7,0.8222
2026,1331774846710849536,NCAA SUN BELT,2,7,147.08,171.86,0.8558
2026,1331774846710849536,NCAA SUN BELT,2,8,131.36,165.48,0.7938
2026,1331774846710849536,NCAA SUN BELT,2,9,119.22,167.78,0.7106
2026,1331774846710849536,NCAA SUN BELT,2,10,77.98,194.28,0.4014
2026,1331774846710849536,NCAA SUN BELT,2,11,183.72,197.02,0.9325
2026,1331774846710849536,NCAA SUN BELT,2,12,115.72,140.02,0.8265
2026,1331774695346823168,NCAA USA,2,1,100.16,123.48,0.8111
2026,1331774695346823168,NCAA USA,2,2,119.78,166.18,0.7208
2026,1331774695346823168,NCAA USA,2,3,172.82,234.26,0.7377
2026,1331774695346823168,NCAA USA,2,4,125.58,155.18,0.8093
2026,1331774695346823168,NCAA USA,2,5,118.62,170.52,0.6956
2026,1331774695346823168,NCAA USA,2,6,97.12,161.92,0.5998
2026,1331774695346823168,NCAA USA,2,7,198.18,216.68,0.9146
2026,1331774695346823168,NCAA USA,2,8,132.38,143.6,0.9219
2026,1331774695346823168,NCAA USA,2,9,85.14,123.84,0.6875
2026,1331774695346823168,NCAA USA,2,10,129.2,135.8,0.9514
2026,1331774695346823168,NCAA USA,2,11,110.58,133.78,0.8266
2026,1331774695346823168,NCAA USA,2,12,125.42,131.62,0.9529
2026,1331774454493122560,NCAA WILD,2,1,213.48,237.28,0.8997
2026,1331774454493122560,NCAA WILD,2,2,119.82,151.9,0.7888
2026,1331774454493122560,NCAA WILD,2,3,116.76,142.98,0.8166
2026,1331774454493122560,NCAA WILD,2,4,98.92,138.92,0.7121
2026,1331774454493122560,NCAA WILD,2,5,135.8,176.9,0.7677
2026,1331774454493122560,NCAA WILD,2,6,118.0,153.08,0.7708
2026,1331774454493122560,NCAA WILD,2,7,118.18,148.38,0.7965
2026,1331774454493122560,NCAA WILD,2,8,103.7,124.42,0.8335
2026,1331774454493122560,NCAA WILD,2,9,71.34,146.56,0.4868
2026,1331774454493122560,NCAA WILD,2,10,184.12,219.12,0.8403
2026,1331774454493122560,NCAA WILD,2,11,124.32,155.12,0.8014
2026,1331774454493122560,NCAA WILD,2,12,103.86,123.66,0.8399
2026,1331774915392577536,NCAA ACC,3,1,148.14,206.4,0.7177
2026,1331774915392577536,NCAA ACC,3,2,119.54,154.44,0.774
2026,1331774915392577536,NCAA ACC,3,3,159.48,194.48,0.82
2026,1331774915392577536,NCAA ACC,3,4,124.98,186.46,0.6703
2026,1331774915392577536,NCAA ACC,3,5,138.36,157.16,0.8804
2026,1331774915392577536,NCAA ACC,3,6,125.84,164.54,0.7648
2026,1331774915392577536,NCAA ACC,3,7,110.92,133.32,0.832
2026,1331774915392577536,NCAA ACC,3,8,113.36,157.54,0.7196
2026,1331774915392577536,NCAA ACC,3,9,100.34,146.44,0.6852
2026,1331774915392577536,NCAA ACC,3,10,149.4,154.6,0.9664
2026,1331774915392577536,NCAA ACC,3,11,117.56,145.46,0.8082
2026,1331774915392577536,NCAA ACC,3,12,186.44,198.44,0.9395
2026,1316899936696016896,NCAA BIG 10,3,1,122.82,141.52,0.8679
2026,1316899936696016896,NCAA BIG 10,3,2,133.52,185.5,0.7198
2026,1316899936696016896,NCAA BIG 10,3,3,126.04,165.28,0.7626
2026,1316899936696016896,NCAA BIG 10,3,4,79.34,104.04,0.7626
2026,1316899936696016896,NCAA BIG 10,3,5,98.94,134.14,0.7376
2026,1316899936696016896,NCAA BIG 10,3,6,89.94,167.64,0.5365
2026,1316899936696016896,NCAA BIG 10,3,7,158.56,169.4,0.936
2026,1316899936696016896,NCAA BIG 10,3,8,78.48,109.04,0.7197
2026,1316899936696016896,NCAA BIG 10,3,9,136.54,177.98,0.7672
2026,1316899936696016896,NCAA BIG 10,3,10,167.44,208.24,0.8041
2026,1316899936696016896,NCAA BIG 10,3,11,161.38,207.78,0.7767
2026,1316899936696016896,NCAA BIG 10,3,12,155.74,204.66,0.761
2026,1331774880181399552,NCAA BIG 12,3,1,75.66,140.2,0.5397
2026,1331774880181399552,NCAA BIG 12,3,2,126.64,177.32,0.7142
2026,1331774880181399552,NCAA BIG 12,3,3,99.88,145.48,0.6866
2026,1331774880181399552,NCAA BIG 12,3,4,172.34,199.34,0.8646
2026,1331774880181399552,NCAA BIG 12,3,5,174.18,229.5,0.759
2026,1331774880181399552,NCAA BIG 12,3,6,129.64,152.14,0.8521
2026,1331774880181399552,NCAA BIG 12,3,7,156.48,167.68,0.9332
2026,1331774880181399552,NCAA BIG 12,3,8,141.76,179.38,0.7903
2026,1331774880181399552,NCAA BIG 12,3,9,110.56,180.98,0.6109
2026,1331774880181399552,NCAA BIG 12,3,10,80.18,139.38,0.5753
2026,1331774880181399552,NCAA BIG 12,3,11,144.24,160.84,0.8968
2026,1331774880181399552,NCAA BIG 12,3,12,107.74,146.74,0.7342
2026,1331775206619885568,NCAA BIG EAST & CO.,3,1,142.02,197.64,0.7186
2026,1331775206619885568,NCAA BIG EAST & CO.,3,2,64.14,94.68,0.6774
2026,1331775206619885568,NCAA BIG EAST & CO.,3,3,121.1,158.84,0.7624
2026,1331775206619885568,NCAA BIG EAST & CO.,3,4,133.92,170.62,0.7849
2026,1331775206619885568,NCAA BIG EAST & CO.,3,5,116.18,161.28,0.7204
2026,1331775206619885568,NCAA BIG EAST & CO.,3,6,161.98,173.28,0.9348
2026,1331775206619885568,NCAA BIG EAST & CO.,3,7,177.74,213.94,0.8308
2026,1331775206619885568,NCAA BIG EAST & CO.,3,8,156.88,169.88,0.9235
2026,1331775206619885568,NCAA BIG EAST & CO.,3,9,135.9,155.5,0.874
2026,1331775206619885568,NCAA BIG EAST & CO.,3,10,111.3,188.54,0.5903
2026,1331775206619885568,NCAA BIG EAST & CO.,3,11,127.34,174.06,0.7316
2026,1331775206619885568,NCAA BIG EAST & CO.,3,12,110.96,159.98,0.6936
2026,1316899756005412864,NCAA BIG SKY,3,1,75.24,140.48,0.5356
2026,1316899756005412864,NCAA BIG SKY,3,2,124.72,170.92,0.7297
2026,1316899756005412864,NCAA BIG SKY,3,3,175.04,215.84,0.811
2026,1316899756005412864,NCAA BIG SKY,3,4,146.24,155.24,0.942
2026,1316899756005412864,NCAA BIG SKY,3,5,162.58,197.58,0.8229
2026,1316899756005412864,NCAA BIG SKY,3,6,152.14,209.34,0.7268
2026,1316899756005412864,NCAA BIG SKY,3,7,127.42,153.3,0.8312
2026,1316899756005412864,NCAA BIG SKY,3,8,156.56,196.06,0.7985
2026,1316899756005412864,NCAA BIG SKY,3,9,37.58,120.96,0.3107
2026,1316899756005412864,NCAA BIG SKY,3,10,67.8,117.4,0.5775
2026,1316899756005412864,NCAA BIG SKY,3,11,82.36,108.64,0.7581
2026,1316899756005412864,NCAA BIG SKY,3,12,174.3,218.54,0.7976
2026,1331774630620332032,NCAA HISTORICALLY BLACK,3,1,129.66,181.64,0.7138
2026,1331774630620332032,NCAA HISTORICALLY BLACK,3,2,101.16,148.88,0.6795
2026,1331774630620332032,NCAA HISTORICALLY BLACK,3,3,88.4,145.6,0.6071
2026,1331774630620332032,NCAA HISTORICALLY BLACK,3,4,143.84,202.46,0.7105
2026,1331774630620332032,NCAA HISTORICALLY BLACK,3,5,138.08,145.68,0.9478
2026,1331774630620332032,NCAA HISTORICALLY BLACK,3,6,122.04,174.9,0.6978
2026,1331774630620332032,NCAA HISTORICALLY BLACK,3,7,108.5,183.46,0.5914
2026,1331774630620332032,NCAA HISTORICALLY BLACK,3,8,143.98,164.58,0.8748
2026,1331774630620332032,NCAA HISTORICALLY BLACK,3,9,105.0,173.2,0.6062
2026,1331774630620332032,NCAA HISTORICALLY BLACK,3,10,110.34,142.02,0.7769
2026,1331774630620332032,NCAA HISTORICALLY BLACK,3,11,152.78,168.18,0.9084
2026,1331774630620332032,NCAA HISTORICALLY BLACK,3,12,137.38,175.64,0.7822
2026,1331774741488369664,NCAA IVY,3,1,127.98,192.08,0.6663
2026,1331774741488369664,NCAA IVY,3,2,127.84,168.1,0.7605
2026,1331774741488369664,NCAA IVY,3,3,125.1,173.08,0.7228
2026,1331774741488369664,NCAA IVY,3,4,133.14,159.44,0.835
2026,1331774741488369664,NCAA IVY,3,5,133.14,154.16,0.8636
2026,1331774741488369664,NCAA IVY,3,6,131.04,176.74,0.7414
2026,1331774741488369664,NCAA IVY,3,7,113.86,149.48,0.7617
2026,1331774741488369664,NCAA IVY,3,8,152.24,177.04,0.8599
2026,1331774741488369664,NCAA IVY,3,9,106.72,151.2,0.7058
2026,1331774741488369664,NCAA IVY,3,10,104.44,128.36,0.8136
2026,1331774741488369664,NCAA IVY,3,11,162.76,195.44,0.8328
2026,1331774741488369664,NCAA IVY,3,12,161.48,192.5,0.8389
2026,1331774599196585984,NCAA MOUNTAIN WEST,3,1,153.66,173.72,0.8845
2026,1331774599196585984,NCAA MOUNTAIN WEST,3,2,137.44,145.34,0.9456
2026,1331774599196585984,NCAA MOUNTAIN WEST,3,3,149.74,171.24,0.8744
2026,1331774599196585984,NCAA MOUNTAIN WEST,3,4,112.94,136.14,0.8296
2026,1331774599196585984,NCAA MOUNTAIN WEST,3,5,122.24,159.84,0.7648
2026,1331774599196585984,NCAA MOUNTAIN WEST,3,6,195.26,209.16,0.9335
2026,1331774599196585984,NCAA MOUNTAIN WEST,3,7,144.24,177.54,0.8124
2026,1331774599196585984,NCAA MOUNTAIN WEST,3,8,134.08,175.56,0.7637
2026,1331774599196585984,NCAA MOUNTAIN WEST,3,9,100.18,182.34,0.5494
2026,1331774599196585984,NCAA MOUNTAIN WEST,3,10,118.36,150.88,0.7845
2026,1331774599196585984,NCAA MOUNTAIN WEST,3,11,136.9,161.4,0.8482
2026,1331774599196585984,NCAA MOUNTAIN WEST,3,12,124.1,166.6,0.7449
2026,1331774544905510912,NCAA OHIO VALLEY,3,1,166.14,181.74,0.9142
2026,1331774544905510912,NCAA OHIO VALLEY,3,2,136.54,169.06,0.8076
2026,1331774544905510912,NCAA OHIO VALLEY,3,3,105.22,124.32,0.8464
2026,1331774544905510912,NCAA OHIO VALLEY,3,4,133.72,160.1,0.8352
2026,1331774544905510912,NCAA OHIO VALLEY,3,5,102.86,155.6,0.6611
2026,1331774544905510912,NCAA OHIO VALLEY,3,6,136.92,170.32,0.8039
2026,1331774544905510912,NCAA OHIO VALLEY,3,7,143.08,188.78,0.7579
2026,1331774544905510912,NCAA OHIO VALLEY,3,8,127.78,173.88,0.7349
2026,1331774544905510912,NCAA OHIO VALLEY,3,9,94.38,128.08,0.7369
2026,1331774544905510912,NCAA OHIO VALLEY,3,10,111.94,148.06,0.756
2026,1331774544905510912,NCAA OHIO VALLEY,3,11,143.46,185.04,0.7753
2026,1331774544905510912,NCAA OHIO VALLEY,3,12,161.04,216.54,0.7437
2026,1331775106527006720,NCAA PAC 12,3,1,121.54,144.94,0.8386
2026,1331775106527006720,NCAA PAC 12,3,2,132.68,166.72,0.7958
2026,1331775106527006720,NCAA PAC 12,3,3,119.78,143.78,0.8331
2026,1331775106527006720,NCAA PAC 12,3,4,165.88,196.6,0.8437
2026,1331775106527006720,NCAA PAC 12,3,5,137.58,169.38,0.8123
2026,1331775106527006720,NCAA PAC 12,3,6,143.84,171.8,0.8373
2026,1331775106527006720,NCAA PAC 12,3,7,145.64,188.98,0.7707
2026,1331775106527006720,NCAA PAC 12,3,8,183.96,207.22,0.8878
2026,1331775106527006720,NCAA PAC 12,3,9,80.54,134.44,0.5991
2026,1331775106527006720,NCAA PAC 12,3,10,89.7,153.7,0.5836
2026,1331775106527006720,NCAA PAC 12,3,11,123.86,153.16,0.8087
2026,1331775106527006720,NCAA PAC 12,3,12,122.18,157.08,0.7778
2026,1331774804222545920,NCAA PIONEER,3,1,121.94,166.64,0.7318
2026,1331774804222545920,NCAA PIONEER,3,2,138.38,182.4,0.7587
2026,1331774804222545920,NCAA PIONEER,3,3,148.6,183.04,0.8118
2026,1331774804222545920,NCAA PIONEER,3,4,124.14,178.06,0.6972
2026,1331774804222545920,NCAA PIONEER,3,5,113.56,138.54,0.8197
2026,1331774804222545920,NCAA PIONEER,3,6,145.92,180.06,0.8104
2026,1331774804222545920,NCAA PIONEER,3,7,111.86,141.44,0.7909
2026,1331774804222545920,NCAA PIONEER,3,8,123.04,160.24,0.7678
2026,1331774804222545920,NCAA PIONEER,3,9,122.94,152.04,0.8086
2026,1331774804222545920,NCAA PIONEER,3,10,130.4,174.08,0.7491
2026,1331774804222545920,NCAA PIONEER,3,11,169.86,197.1,0.8618
2026,1331774804222545920,NCAA PIONEER,3,12,131.32,177.18,0.7412
2026,1331775170712444928,NCAA SEC,3,1,73.32,129.12,0.5678
2026,1331775170712444928,NCAA SEC,3,2,138.56,175.56,0.7892
2026,1331775170712444928,NCAA SEC,3,3,132.94,149.04,0.892
2026,1331775170712444928,NCAA SEC,3,4,171.54,201.18,0.8527
2026,1331775170712444928,NCAA SEC,3,5,119.24,164.04,0.7269
2026,1331775170712444928,NCAA SEC,3,6,135.86,175.16,0.7756
2026,1331775170712444928,NCAA SEC,3,7,125.78,147.98,0.85
2026,1331775170712444928,NCAA SEC,3,8,145.76,205.08,0.7107
2026,1331775170712444928,NCAA SEC,3,9,82.38,112.02,0.7354
2026,1331775170712444928,NCAA SEC,3,10,142.1,216.5,0.6564
2026,1331775170712444928,NCAA SEC,3,11,92.64,160.44,0.5774
2026,1331775170712444928,NCAA SEC,3,12,93.96,177.84,0.5283
2026,1331774846710849536,NCAA SUN BELT,3,1,154.52,209.92,0.7361
2026,1331774846710849536,NCAA SUN BELT,3,2,124.84,175.0,0.7134
2026,1331774846710849536,NCAA SUN BELT,3,3,117.06,167.42,0.6992
2026,1331774846710849536,NCAA SUN BELT,3,4,89.26,110.16,0.8103
2026,1331774846710849536,NCAA SUN BELT,3,5,127.42,171.9,0.7412
2026,1331774846710849536,NCAA SUN BELT,3,6,130.58,174.06,0.7502
2026,1331774846710849536,NCAA SUN BELT,3,7,146.98,170.14,0.8639
2026,1331774846710849536,NCAA SUN BELT,3,8,135.88,156.58,0.8678
2026,1331774846710849536,NCAA SUN BELT,3,9,175.74,200.6,0.8761
2026,1331774846710849536,NCAA SUN BELT,3,10,100.28,160.68,0.6241
2026,1331774846710849536,NCAA SUN BELT,3,11,120.36,162.66,0.7399
2026,1331774846710849536,NCAA SUN BELT,3,12,121.04,148.14,0.8171
2026,1331774695346823168,NCAA USA,3,1,115.42,127.88,0.9026
2026,1331774695346823168,NCAA USA,3,2,118.48,165.36,0.7165
2026,1331774695346823168,NCAA USA,3,3,127.32,183.9,0.6923
2026,1331774695346823168,NCAA USA,3,4,205.38,217.98,0.9422
2026,1331774695346823168,NCAA USA,3,5,138.88,167.08,0.8312
2026,1331774695346823168,NCAA USA,3,6,111.06,149.36,0.7436
2026,1331774695346823168,NCAA USA,3,7,152.16,186.2,0.8172
2026,1331774695346823168,NCAA USA,3,8,157.74,182.94,0.8622
2026,1331774695346823168,NCAA USA,3,9,129.1,169.7,0.7608
2026,1331774695346823168,NCAA USA,3,10,104.34,136.94,0.7619
2026,1331774695346823168,NCAA USA,3,11,77.94,155.94,0.4998
2026,1331774695346823168,NCAA USA,3,12,131.98,161.88,0.8153
2026,1331774454493122560,NCAA WILD,3,1,210.24,229.6,0.9157
2026,1331774454493122560,NCAA WILD,3,2,124.34,166.92,0.7449
2026,1331774454493122560,NCAA WILD,3,3,86.82,152.88,0.5679
2026,1331774454493122560,NCAA WILD,3,4,155.14,166.44,0.9321
2026,1331774454493122560,NCAA WILD,3,5,101.6,167.82,0.6054
2026,1331774454493122560,NCAA WILD,3,6,145.9,190.0,0.7679
2026,1331774454493122560,NCAA WILD,3,7,105.5,146.8,0.7187
2026,1331774454493122560,NCAA WILD,3,8,110.54,146.82,0.7529
2026,1331774454493122560,NCAA WILD,3,9,111.2,171.04,0.6501
2026,1331774454493122560,NCAA WILD,3,10,126.26,169.66,0.7442
2026,1331774454493122560,NCAA WILD,3,11,111.84,135.84,0.8233
2026,1331774454493122560,NCAA WILD,3,12,126.08,177.48,0.7104
2026,1331774915392577536,NCAA ACC,4,1,121.02,143.62,0.8426
2026,1331774915392577536,NCAA ACC,4,2,161.66,183.16,0.8826
2026,1331774915392577536,NCAA ACC,4,3,127.02,157.92,0.8043
2026,1331774915392577536,NCAA ACC,4,4,143.58,195.38,0.7349
2026,1331774915392577536,NCAA ACC,4,5,144.02,182.08,0.791
2026,1331774915392577536,NCAA ACC,4,6,167.96,189.46,0.8865
2026,1331774915392577536,NCAA ACC,4,7,148.5,179.6,0.8268
2026,1331774915392577536,NCAA ACC,4,8,130.62,201.66,0.6477
2026,1331774915392577536,NCAA ACC,4,9,111.68,126.28,0.8844
2026,1331774915392577536,NCAA ACC,4,10,114.54,138.04,0.8298
2026,1331774915392577536,NCAA ACC,4,11,150.28,186.88,0.8042
2026,1331774915392577536,NCAA ACC,4,12,99.7,167.4,0.5956
2026,1316899936696016896,NCAA BIG 10,4,1,173.4,198.0,0.8758
2026,1316899936696016896,NCAA BIG 10,4,2,143.24,160.84,0.8906
2026,1316899936696016896,NCAA BIG 10,4,3,103.88,148.56,0.6992
2026,1316899936696016896,NCAA BIG 10,4,4,95.18,142.28,0.669
2026,1316899936696016896,NCAA BIG 10,4,5,114.86,176.96,0.6491
2026,1316899936696016896,NCAA BIG 10,4,6,97.2,156.5,0.6211
2026,1316899936696016896,NCAA BIG 10,4,7,107.12,149.18,0.7181
2026,1316899936696016896,NCAA BIG 10,4,8,91.08,105.28,0.8651
2026,1316899936696016896,NCAA BIG 10,4,9,120.1,169.62,0.7081
2026,1316899936696016896,NCAA BIG 10,4,10,176.08,183.18,0.9612
2026,1316899936696016896,NCAA BIG 10,4,11,201.62,251.78,0.8008
2026,1316899936696016896,NCAA BIG 10,4,12,168.12,193.06,0.8708
2026,1331774880181399552,NCAA BIG 12,4,1,140.02,196.0,0.7144
2026,1331774880181399552,NCAA BIG 12,4,2,99.18,154.0,0.644
2026,1331774880181399552,NCAA BIG 12,4,3,171.22,184.02,0.9304
2026,1331774880181399552,NCAA BIG 12,4,4,152.38,162.98,0.935
2026,1331774880181399552,NCAA BIG 12,4,5,156.28,212.38,0.7359
2026,1331774880181399552,NCAA BIG 12,4,6,134.0,177.4,0.7554
2026,1331774880181399552,NCAA BIG 12,4,7,144.32,191.12,0.7551
2026,1331774880181399552,NCAA BIG 12,4,8,159.38,183.46,0.8687
2026,1331774880181399552,NCAA BIG 12,4,9,170.86,178.06,0.9596
2026,1331774880181399552,NCAA BIG 12,4,10,111.72,154.26,0.7242
2026,1331774880181399552,NCAA BIG 12,4,11,109.36,141.52,0.7728
2026,1331774880181399552,NCAA BIG 12,4,12,110.06,151.96,0.7243
2026,1331775206619885568,NCAA BIG EAST & CO.,4,1,141.0,175.0,0.8057
2026,1331775206619885568,NCAA BIG EAST & CO.,4,2,115.66,121.26,0.9538
2026,1331775206619885568,NCAA BIG EAST & CO.,4,3,124.5,168.78,0.7376
2026,1331775206619885568,NCAA BIG EAST & CO.,4,4,111.68,146.16,0.7641
2026,1331775206619885568,NCAA BIG EAST & CO.,4,5,177.08,244.58,0.724
2026,1331775206619885568,NCAA BIG EAST & CO.,4,6,167.82,177.72,0.9443
2026,1331775206619885568,NCAA BIG EAST & CO.,4,7,192.4,202.9,0.9483
2026,1331775206619885568,NCAA BIG EAST & CO.,4,8,79.98,127.56,0.627
2026,1331775206619885568,NCAA BIG EAST & CO.,4,9,150.24,177.74,0.8453
2026,1331775206619885568,NCAA BIG EAST & CO.,4,10,104.8,153.38,0.6833
2026,1331775206619885568,NCAA BIG EAST & CO.,4,11,121.5,152.5,0.7967
2026,1331775206619885568,NCAA BIG EAST & CO.,4,12,142.22,193.62,0.7345
2026,1316899756005412864,NCAA BIG SKY,4,1,142.56,195.76,0.7282
2026,1316899756005412864,NCAA BIG SKY,4,2,128.38,137.38,0.9345
2026,1316899756005412864,NCAA BIG SKY,4,3,171.92,220.92,0.7782
2026,1316899756005412864,NCAA BIG SKY,4,4,157.06,182.16,0.8622
2026,1316899756005412864,NCAA BIG SKY,4,5,127.32,178.52,0.7132
2026,1316899756005412864,NCAA BIG SKY,4,6,145.08,184.38,0.7869
2026,1316899756005412864,NCAA BIG SKY,4,7,123.22,192.42,0.6404
2026,1316899756005412864,NCAA BIG SKY,4,8,142.42,181.02,0.7868
2026,1316899756005412864,NCAA BIG SKY,4,9,84.12,104.6,0.8042
2026,1316899756005412864,NCAA BIG SKY,4,10,65.52,83.44,0.7852
2026,1316899756005412864,NCAA BIG SKY,4,11,107.16,130.46,0.8214
2026,1316899756005412864,NCAA BIG SKY,4,12,163.58,200.58,0.8155
2026,1331774630620332032,NCAA HISTORICALLY BLACK,4,1,144.62,185.9,0.7779
2026,1331774630620332032,NCAA HISTORICALLY BLACK,4,2,74.38,111.08,0.6696
2026,1331774630620332032,NCAA HISTORICALLY BLACK,4,3,200.88,239.68,0.8381
2026,1331774630620332032,NCAA HISTORICALLY BLACK,4,4,179.88,197.68,0.91
2026,1331774630620332032,NCAA HISTORICALLY BLACK,4,5,113.28,163.58,0.6925
2026,1331774630620332032,NCAA HISTORICALLY BLACK,4,6,126.44,164.66,0.7679
2026,1331774630620332032,NCAA HISTORICALLY BLACK,4,7,86.8,132.52,0.655
2026,1331774630620332032,NCAA HISTORICALLY BLACK,4,8,101.28,155.88,0.6497
2026,1331774630620332032,NCAA HISTORICALLY BLACK,4,9,126.66,157.1,0.8062
2026,1331774630620332032,NCAA HISTORICALLY BLACK,4,10,123.2,181.6,0.6784
2026,1331774630620332032,NCAA HISTORICALLY BLACK,4,11,135.02,174.86,0.7722
2026,1331774630620332032,NCAA HISTORICALLY BLACK,4,12,121.4,164.56,0.7377
2026,1331774741488369664,NCAA IVY,4,1,163.12,215.86,0.7557
2026,1331774741488369664,NCAA IVY,4,2,116.68,145.96,0.7994
2026,1331774741488369664,NCAA IVY,4,3,161.48,180.5,0.8946
2026,1331774741488369664,NCAA IVY,4,4,121.52,155.08,0.7836
2026,1331774741488369664,NCAA IVY,4,5,238.4,241.4,0.9876
2026,1331774741488369664,NCAA IVY,4,6,116.2,145.8,0.797
2026,1331774741488369664,NCAA IVY,4,7,76.5,104.32,0.7333
2026,1331774741488369664,NCAA IVY,4,8,160.78,196.38,0.8187
2026,1331774741488369664,NCAA IVY,4,9,116.48,143.78,0.8101
2026,1331774741488369664,NCAA IVY,4,10,107.36,129.1,0.8316
2026,1331774741488369664,NCAA IVY,4,11,150.82,204.38,0.7379
2026,1331774741488369664,NCAA IVY,4,12,127.72,156.52,0.816
2026,1331774599196585984,NCAA MOUNTAIN WEST,4,1,182.52,203.08,0.8988
2026,1331774599196585984,NCAA MOUNTAIN WEST,4,2,100.48,140.7,0.7141
2026,1331774599196585984,NCAA MOUNTAIN WEST,4,3,106.92,170.08,0.6286
2026,1331774599196585984,NCAA MOUNTAIN WEST,4,4,94.46,113.86,0.8296
2026,1331774599196585984,NCAA MOUNTAIN WEST,4,5,109.48,142.86,0.7663
2026,1331774599196585984,NCAA MOUNTAIN WEST,4,6,116.68,181.08,0.6444
2026,1331774599196585984,NCAA MOUNTAIN WEST,4,7,157.3,186.2,0.8448
2026,1331774599196585984,NCAA MOUNTAIN WEST,4,8,163.52,251.32,0.6506
2026,1331774599196585984,NCAA MOUNTAIN WEST,4,9,93.68,142.76,0.6562
2026,1331774599196585984,NCAA MOUNTAIN WEST,4,10,142.42,179.16,0.7949
2026,1331774599196585984,NCAA MOUNTAIN WEST,4,11,150.34,217.96,0.6898
2026,1331774599196585984,NCAA MOUNTAIN WEST,4,12,101.44,152.0,0.6674
2026,1331774544905510912,NCAA OHIO VALLEY,4,1,168.7,173.8,0.9707
2026,1331774544905510912,NCAA OHIO VALLEY,4,2,152.7,189.1,0.8075
2026,1331774544905510912,NCAA OHIO VALLEY,4,3,132.88,159.48,0.8332
2026,1331774544905510912,NCAA OHIO VALLEY,4,4,117.86,145.36,0.8108
2026,1331774544905510912,NCAA OHIO VALLEY,4,5,124.58,175.42,0.7102
2026,1331774544905510912,NCAA OHIO VALLEY,4,6,126.22,165.12,0.7644
2026,1331774544905510912,NCAA OHIO VALLEY,4,7,137.48,164.16,0.8375
2026,1331774544905510912,NCAA OHIO VALLEY,4,8,121.7,174.8,0.6962
2026,1331774544905510912,NCAA OHIO VALLEY,4,9,150.12,160.22,0.937
2026,1331774544905510912,NCAA OHIO VALLEY,4,10,157.16,186.26,0.8438
2026,1331774544905510912,NCAA OHIO VALLEY,4,11,130.12,181.52,0.7168
2026,1331774544905510912,NCAA OHIO VALLEY,4,12,125.28,179.88,0.6965
2026,1331775106527006720,NCAA PAC 12,4,1,116.22,145.42,0.7992
2026,1331775106527006720,NCAA PAC 12,4,2,118.82,152.78,0.7777
2026,1331775106527006720,NCAA PAC 12,4,3,124.3,165.08,0.753
2026,1331775106527006720,NCAA PAC 12,4,4,189.84,210.8,0.9006
2026,1331775106527006720,NCAA PAC 12,4,5,178.36,205.76,0.8668
2026,1331775106527006720,NCAA PAC 12,4,6,105.58,150.28,0.7026
2026,1331775106527006720,NCAA PAC 12,4,7,166.0,189.76,0.8748
2026,1331775106527006720,NCAA PAC 12,4,8,135.26,182.06,0.7429
2026,1331775106527006720,NCAA PAC 12,4,9,96.24,117.16,0.8214
2026,1331775106527006720,NCAA PAC 12,4,10,79.28,185.22,0.428
2026,1331775106527006720,NCAA PAC 12,4,11,111.62,209.42,0.533
2026,1331775106527006720,NCAA PAC 12,4,12,130.62,154.32,0.8464
2026,1331774804222545920,NCAA PIONEER,4,1,98.36,167.48,0.5873
2026,1331774804222545920,NCAA PIONEER,4,2,120.94,164.08,0.7371
2026,1331774804222545920,NCAA PIONEER,4,3,112.9,146.42,0.7711
2026,1331774804222545920,NCAA PIONEER,4,4,160.76,192.52,0.835
2026,1331774804222545920,NCAA PIONEER,4,5,128.02,152.82,0.8377
2026,1331774804222545920,NCAA PIONEER,4,6,104.82,149.5,0.7011
2026,1331774804222545920,NCAA PIONEER,4,7,151.76,213.76,0.71
2026,1331774804222545920,NCAA PIONEER,4,8,156.08,175.18,0.891
2026,1331774804222545920,NCAA PIONEER,4,9,139.8,173.2,0.8072
2026,1331774804222545920,NCAA PIONEER,4,10,117.74,179.02,0.6577
2026,1331774804222545920,NCAA PIONEER,4,11,157.48,183.28,0.8592
2026,1331774804222545920,NCAA PIONEER,4,12,134.02,183.76,0.7293
2026,1331775170712444928,NCAA SEC,4,1,87.62,117.82,0.7437
2026,1331775170712444928,NCAA SEC,4,2,135.32,153.72,0.8803
2026,1331775170712444928,NCAA SEC,4,3,163.68,185.88,0.8806
2026,1331775170712444928,NCAA SEC,4,4,184.6,217.22,0.8498
2026,1331775170712444928,NCAA SEC,4,5,167.76,176.8,0.9489
2026,1331775170712444928,NCAA SEC,4,6,135.28,182.48,0.7413
2026,1331775170712444928,NCAA SEC,4,7,113.02,138.92,0.8136
2026,1331775170712444928,NCAA SEC,4,8,194.56,206.76,0.941
2026,1331775170712444928,NCAA SEC,4,9,65.42,110.1,0.5942
2026,1331775170712444928,NCAA SEC,4,10,144.0,205.36,0.7012
2026,1331775170712444928,NCAA SEC,4,11,102.98,178.58,0.5767
2026,1331775170712444928,NCAA SEC,4,12,118.2,166.86,0.7084
2026,1331774846710849536,NCAA SUN BELT,4,1,170.1,206.5,0.8237
2026,1331774846710849536,NCAA SUN BELT,4,2,115.18,176.88,0.6512
2026,1331774846710849536,NCAA SUN BELT,4,3,144.16,177.86,0.8105
2026,1331774846710849536,NCAA SUN BELT,4,4,124.38,147.68,0.8422
2026,1331774846710849536,NCAA SUN BELT,4,5,129.48,162.38,0.7974
2026,1331774846710849536,NCAA SUN BELT,4,6,178.58,209.52,0.8523
2026,1331774846710849536,NCAA SUN BELT,4,7,113.72,142.92,0.7957
2026,1331774846710849536,NCAA SUN BELT,4,8,121.82,159.52,0.7637
2026,1331774846710849536,NCAA SUN BELT,4,9,160.78,183.98,0.8739
2026,1331774846710849536,NCAA SUN BELT,4,10,70.66,115.36,0.6125
2026,1331774846710849536,NCAA SUN BELT,4,11,125.22,181.32,0.6906
2026,1331774846710849536,NCAA SUN BELT,4,12,149.96,170.46,0.8797
2026,1331774695346823168,NCAA USA,4,1,158.22,196.02,0.8072
2026,1331774695346823168,NCAA USA,4,2,99.1,148.1,0.6691
2026,1331774695346823168,NCAA USA,4,3,107.76,175.16,0.6152
2026,1331774695346823168,NCAA USA,4,4,117.62,132.36,0.8886
2026,1331774695346823168,NCAA USA,4,5,153.18,199.38,0.7683
2026,1331774695346823168,NCAA USA,4,6,141.92,195.12,0.7273
2026,1331774695346823168,NCAA USA,4,7,194.84,241.78,0.8059
2026,1331774695346823168,NCAA USA,4,8,169.66,197.26,0.8601
2026,1331774695346823168,NCAA USA,4,9,119.24,159.34,0.7483
2026,1331774695346823168,NCAA USA,4,10,79.28,100.78,0.7867
2026,1331774695346823168,NCAA USA,4,11,88.9,150.4,0.5911
2026,1331774695346823168,NCAA USA,4,12,140.28,152.08,0.9224
2026,1331774454493122560,NCAA WILD,4,1,106.1,162.6,0.6525
2026,1331774454493122560,NCAA WILD,4,2,151.78,192.26,0.7895
2026,1331774454493122560,NCAA WILD,4,3,171.72,186.72,0.9197
2026,1331774454493122560,NCAA WILD,4,4,104.16,119.28,0.8732
2026,1331774454493122560,NCAA WILD,4,5,144.22,177.62,0.812
2026,1331774454493122560,NCAA WILD,4,6,108.24,166.04,0.6519
2026,1331774454493122560,NCAA WILD,4,7,81.88,128.18,0.6388
2026,1331774454493122560,NCAA WILD,4,8,163.98,178.2,0.9202
2026,1331774454493122560,NCAA WILD,4,9,135.1,177.6,0.7607
2026,1331774454493122560,NCAA WILD,4,10,193.82,232.28,0.8344
2026,1331774454493122560,NCAA WILD,4,11,94.42,123.96,0.7617
2026,1331774454493122560,NCAA WILD,4,12,152.28,193.46,0.7871
