Year,CaptureDate,PlayerID,FantasyCalcID,Name,Position,DynastyValue,RedraftValue,MatchNote
2024,2024-09-04,6786,4835,CeeDee Lamb,WR,10005,10204,
2024,2024-09-04,7564,5856,Ja'Marr Chase,WR,9059,8601,
2024,2024-09-04,8155,4576,Breece Hall,RB,8637,8962,
2024,2024-09-04,4034,5494,Christian McCaffrey,RB,8418,10472,
2024,2024-09-04,6813,3046,Jonathan Taylor,RB,6142,7267,
2024,2024-09-04,4046,880,Patrick Mahomes,QB,6130,6272,
2024,2024-09-04,7526,1409,Jaylen Waddle,WR,4960,4511,
2024,2024-09-04,5846,5240,DK Metcalf,WR,4156,4113,
2024,2024-09-04,7553,280,Kyle Pitts,TE,3813,1866,
2024,2024-09-04,1466,2204,Travis Kelce,TE,3347,5506,
2024,2024-09-04,8183,5570,Brock Purdy,QB,2791,1420,
2024,2024-09-04,8139,3171,Zamir White,RB,2400,1484,
2024,2024-09-04,8148,1100,Jameson Williams,WR,2201,537,
2024,2024-09-04,6845,336,Zack Moss,RB,1893,1003,
2024,2024-09-04,8131,7402,Isaiah Likely,TE,1680,58,
2024,2024-09-04,6783,2427,Jerry Jeudy,WR,1618,276,
2024,2024-09-04,8230,8117,Ty Chandler,RB,1469,176,
2024,2024-09-04,9511,9982,Keaton Mitchell,RB,1408,0,
2024,2024-09-04,8119,7169,Jahan Dotson,WR,1196,21,
2024,2024-09-04,8126,4091,Wan'Dale Robinson,WR,1155,6,
2024,2024-09-04,11582,11717,Carson Steele,RB,1002,0,
2024,2024-09-04,6011,7783,Gardner Minshew,QB,941,110,
2024,2024-09-04,10226,9959,Andrei Iosivas,WR,872,0,
2024,2024-09-04,8117,2144,Jalen Tolbert,WR,818,0,
2024,2024-09-04,11651,11789,Isaac Guerendo,RB,632,0,
2024,2024-09-04,11616,11778,Jacob Cowing,WR,421,0,
2024,2024-09-04,8142,5433,Alec Pierce,WR,414,0,
2024,2024-09-04,11570,11727,Rasheen Ali,RB,378,0,
2024,2024-09-04,7610,4875,Trey Lance,QB,300,0,
2024,2024-09-04,7601,2214,Rondale Moore,WR,282,0,
2024,2024-09-04,11729,11958,Sione Vaki,RB,241,0,
2024,2024-09-04,7606,3404,Kadarius Toney,WR,237,0,
2024,2024-09-04,11557,11772,Joe Milton,QB,216,0,
2024,2024-09-04,11633,11755,Jamari Thrash,WR,171,0,
2024,2024-09-04,9227,9845,Israel Abanikanda,RB,151,0,
2024,2024-09-04,8168,1622,Skyy Moore,WR,140,0,
2024,2024-09-04,10228,9966,Charlie Jones,WR,0,0,
2024,2024-09-04,9483,9872,Zack Kuntz,TE,0,0,
2024,2024-09-04,10870,11024,Deneric Prince,RB,0,0,
2024,2024-09-04,,1038,Nyheim Hines,RB,0,0,no Sleeper match
2024,2024-09-04,6794,7569,Justin Jefferson,WR,10280,9499,
2024,2024-09-04,9509,9833,Bijan Robinson,RB,9256,9033,
2024,2024-09-04,8130,7325,Trey McBride,TE,4538,3477,
2024,2024-09-04,7525,6635,DeVonta Smith,WR,4494,4118,
2024,2024-09-04,11604,11702,Brock Bowers,TE,4151,542,
2024,2024-09-04,9229,9951,Anthony Richardson,QB,4097,3501,
2024,2024-09-04,8138,182,James Cook,RB,3915,4212,
2024,2024-09-04,10229,9929,Rashee Rice,WR,3607,2369,
2024,2024-09-04,11624,11736,Xavier Worthy,WR,3506,1203,
2024,2024-09-04,11631,11726,Brian Thomas,WR,3489,998,
2024,2024-09-04,7523,1086,Trevor Lawrence,QB,3044,1592,
2024,2024-09-04,4137,7447,James Conner,RB,2453,2808,
2024,2024-09-04,8167,5981,Christian Watson,WR,2251,900,
2024,2024-09-04,9508,9817,Tyjae Spears,RB,2207,832,
2024,2024-09-04,11581,11729,MarShawn Lloyd,RB,1768,45,
2024,2024-09-04,9486,9909,Dontayvion Wicks,WR,1739,102,
2024,2024-09-04,9757,9960,Kendre Miller,RB,1355,10,
2024,2024-09-04,9501,9840,DeMario Douglas,WR,1300,37,
2024,2024-09-04,11647,11790,Kimani Vidal,RB,1050,7,
2024,2024-09-04,11562,11719,Spencer Rattler,QB,692,0,
2024,2024-09-04,11592,11761,Erick All,TE,364,0,
2024,2024-09-04,11599,11695,Cade Stover,TE,353,0,
2024,2024-09-04,8225,2752,Daniel Bellinger,TE,349,0,
2024,2024-09-04,10866,11015,Aidan O'Connell,QB,312,0,
2024,2024-09-04,9505,9900,Deuce Vaughn,RB,232,0,
2024,2024-09-04,11571,11767,Isaiah Davis,RB,220,0,
2024,2024-09-04,11748,11896,Bub Means,WR,180,0,
2024,2024-09-04,8161,6888,Malik Willis,QB,163,0,
2024,2024-09-04,11603,11720,AJ Barner,TE,145,0,
2024,2024-09-04,11605,11741,Jaheim Bell,TE,144,0,
2024,2024-09-04,8206,8267,Skylar Thompson,QB,106,0,
2024,2024-09-04,11568,11703,Blake Watson,RB,69,0,
2024,2024-09-04,11615,11722,Ainias Smith,WR,55,0,
2024,2024-09-04,11598,11769,Tanner McLachlan,TE,0,0,
2024,2024-09-04,11590,11723,Jase McClellan,RB,0,0,
2024,2024-09-04,7543,3156,Travis Etienne,RB,5322,6363,
2024,2024-09-04,7569,5030,Nico Collins,WR,4730,4305,
2024,2024-09-04,8144,2548,Chris Olave,WR,4713,4471,
2024,2024-09-04,10236,9819,Dalton Kincaid,TE,4234,3115,
2024,2024-09-04,5850,1326,Josh Jacobs,RB,4045,5561,
2024,2024-09-04,6804,3651,Jordan Love,QB,3898,2707,
2024,2024-09-04,5872,2495,Deebo Samuel,WR,3560,4560,
2024,2024-09-04,11635,11766,Ladd McConkey,WR,2758,577,
2024,2024-09-04,11589,11758,Trey Benson,RB,2752,363,
2024,2024-09-04,8154,4174,Brian Robinson,RB,2476,1192,
2024,2024-09-04,5937,4373,Diontae Johnson,WR,2281,1266,
2024,2024-09-04,11625,11711,Adonai Mitchell,WR,2097,213,
2024,2024-09-04,11596,11746,Ben Sinnott,TE,1865,41,
2024,2024-09-04,9228,9944,Bryce Young,QB,1765,391,
2024,2024-09-04,7594,183,Chuba Hubbard,RB,1689,571,
2024,2024-09-04,11640,11698,Jermaine Burton,WR,1542,0,
2024,2024-09-04,1166,536,Kirk Cousins,QB,1500,940,
2024,2024-09-04,4082,3438,Curtis Samuel,WR,1470,317,
2024,2024-09-04,11579,11776,Audric Estime,RB,1351,0,
2024,2024-09-04,9494,9955,Marvin Mims,WR,1281,0,
2024,2024-09-04,8129,919,Dameon Pierce,RB,966,0,
2024,2024-09-04,,4476,Kenneth Gainwell,RB,649,0,no Sleeper match
2024,2024-09-04,4149,4085,Jamaal Williams,RB,494,0,
2024,2024-09-04,7527,6814,Mac Jones,QB,264,0,
2024,2024-09-04,4973,4362,Hayden Hurst,TE,256,0,
2024,2024-09-04,8125,4996,Calvin Austin,WR,239,0,
2024,2024-09-04,7602,164,Kylen Granson,TE,214,0,
2024,2024-09-04,10871,11006,Luke Schoonmaker,TE,113,0,
2024,2024-09-04,10867,11025,Jake Bobo,WR,102,0,
2024,2024-09-04,3634,5803,Kalif Raymond,WR,27,0,
2024,2024-09-04,5008,2741,Durham Smythe,TE,12,0,
2024,2024-09-04,7694,7388,Tommy Tremble,TE,0,0,
2024,2024-09-04,8159,548,Desmond Ridder,QB,0,0,
2024,2024-09-04,2325,6787,Nelson Agholor,WR,0,0,
2024,2024-09-04,3321,7958,Tyreek Hill,WR,6948,9922,
2024,2024-09-04,5859,4118,A.J. Brown,WR,6818,8221,
2024,2024-09-04,11632,11737,Malik Nabers,WR,6435,3225,
2024,2024-09-04,6819,8259,Michael Pittman,WR,3865,3868,
2024,2024-09-04,5012,4519,Mark Andrews,TE,3718,3164,
2024,2024-09-04,6801,5531,Tee Higgins,WR,3592,2879,
2024,2024-09-04,9997,9930,Zay Flowers,WR,3510,2402,
2024,2024-09-04,2216,7495,Mike Evans,WR,3078,4149,
2024,2024-09-04,4066,3648,Evan Engram,TE,2481,1367,
2024,2024-09-04,4950,8090,Christian Kirk,WR,2311,1767,
2024,2024-09-04,4988,4188,Nick Chubb,RB,2263,1342,
2024,2024-09-04,4033,6513,David Njoku,TE,2165,664,
2024,2024-09-04,8228,6285,Jaylen Warren,RB,2131,773,
2024,2024-09-04,11439,11676,Jaleel McLaughlin,RB,1637,177,
2024,2024-09-04,4017,3568,Deshaun Watson,QB,1616,583,
2024,2024-09-04,8408,5469,Jordan Mason,RB,1398,73,
2024,2024-09-04,9225,9925,Tank Bigsby,RB,1280,0,
2024,2024-09-04,7591,7191,Justin Fields,QB,1236,84,
2024,2024-09-04,1373,6305,Geno Smith,QB,1139,350,
2024,2024-09-04,4943,8007,Sam Darnold,QB,919,95,
2024,2024-09-04,4144,4185,Jonnu Smith,TE,914,0,
2024,2024-09-04,6938,2937,Cam Akers,RB,779,0,
2024,2024-09-04,7593,7028,Trey Sermon,RB,556,0,
2024,2024-09-04,10223,9895,Eric Gray,RB,555,0,
2024,2024-09-04,6828,3368,AJ Dillon,RB,401,0,
2024,2024-09-04,4111,5877,D'Onta Foreman,RB,329,0,
2024,2024-09-04,11595,11732,Jared Wiley,TE,323,0,
2024,2024-09-04,6271,205,Olamide Zaccheaus,WR,131,0,
2024,2024-09-04,4098,6621,Kareem Hunt,RB,36,0,
2024,2024-09-04,8123,6101,Hassan Haskins,RB,28,0,
2024,2024-09-04,8195,7362,Ronnie Rivers,RB,23,0,
2024,2024-09-04,9480,9948,Brenton Strange,TE,0,0,
2024,2024-09-04,6659,4829,Craig Reynolds,RB,0,0,
2024,2024-09-04,4455,436,Matt Breida,RB,0,0,
2024,2024-09-04,5046,5831,Royce Freeman,RB,0,0,
2024,2024-09-04,5880,831,Parris Campbell,WR,0,0,
2024,2024-09-04,5000,3120,Chase Edmonds,RB,0,0,
2024,2024-09-04,7547,1527,Amon-Ra St. Brown,WR,8722,9248,
2024,2024-09-04,11628,11734,Marvin Harrison Jr,WR,8060,6496,
2024,2024-09-04,8146,6813,Garrett Wilson,WR,6747,7116,
2024,2024-09-04,6770,1002,Joe Burrow,QB,4158,3661,
2024,2024-09-04,11566,11701,Jayden Daniels,QB,3650,1883,
2024,2024-09-04,5844,8215,T.J. Hockenson,TE,2853,736,
2024,2024-09-04,5892,7515,David Montgomery,RB,2669,2482,
2024,2024-09-04,6790,1574,D'Andre Swift,RB,2656,2340,
2024,2024-09-04,7528,7252,Najee Harris,RB,2498,1833,
2024,2024-09-04,4037,2505,Chris Godwin,WR,2358,1754,
2024,2024-09-04,9224,9967,Chase Brown,RB,2216,755,
2024,2024-09-04,9500,9936,Josh Downs,WR,1814,115,
2024,2024-09-04,11559,11739,Michael Penix,QB,1486,0,
2024,2024-09-04,7608,320,Khalil Herbert,RB,1274,14,
2024,2024-09-04,4381,6915,Taysom Hill,TE,1241,63,
2024,2024-09-04,5870,5,Daniel Jones,QB,1056,122,
2024,2024-09-04,6865,6289,Colby Parkinson,TE,839,0,
2024,2024-09-04,7587,7376,Dyami Brown,WR,783,0,
2024,2024-09-04,9497,9851,Jalin Hyatt,WR,760,0,
2024,2024-09-04,3257,2042,Jacoby Brissett,QB,673,0,
2024,2024-09-04,11834,11908,Devaughn Vele,WR,344,0,
2024,2024-09-04,7066,4545,K.J. Osborn,WR,293,0,
2024,2024-09-04,11783,11873,Ryan Flournoy,WR,226,0,
2024,2024-09-04,9487,9894,Parker Washington,WR,223,0,
2024,2024-09-04,5854,3577,Drew Lock,QB,200,0,
2024,2024-09-04,6111,438,Jake Browning,QB,165,0,
2024,2024-09-04,11306,11481,Xavier Gipson,WR,135,0,
2024,2024-09-04,7585,1246,Davis Mills,QB,35,0,
2024,2024-09-04,8174,5161,Kevin Harris,RB,0,0,
2024,2024-09-04,6694,4714,D'Ernest Johnson,RB,0,0,
2024,2024-09-04,3976,3691,Mitchell Trubisky,QB,0,0,
2024,2024-09-04,10219,9831,Chris Rodriguez,RB,0,0,
2024,2024-09-04,8118,2588,David Bell,WR,0,0,
2024,2024-09-04,10210,9888,Cameron Latu,TE,0,0,
2024,2024-09-04,5089,2288,Mike White,QB,0,0,
2024,2024-09-04,8112,998,Drake London,WR,5225,4491,
2024,2024-09-04,6904,6407,Jalen Hurts,QB,5048,5756,
2024,2024-09-04,11620,11763,Rome Odunze,WR,4715,1580,
2024,2024-09-04,8205,3777,Isiah Pacheco,RB,4558,5631,
2024,2024-09-04,4981,41,Calvin Ridley,WR,2348,1982,
2024,2024-09-04,8110,6785,Jake Ferguson,TE,2337,891,
2024,2024-09-04,11564,11696,Drake Maye,QB,2093,78,
2024,2024-09-04,11626,11718,Xavier Legette,WR,1880,143,
2024,2024-09-04,7670,2308,Joshua Palmer,WR,1812,436,
2024,2024-09-04,8134,8607,Khalil Shakir,WR,1708,459,
2024,2024-09-04,11576,11748,Braelon Allen,RB,1707,67,
2024,2024-09-04,6806,5149,J.K. Dobbins,RB,1620,254,
2024,2024-09-04,8676,2354,Rashid Shaheed,WR,1408,150,
2024,2024-09-04,,8015,Mike Williams,WR,1276,158,ambiguous
2024,2024-09-04,11623,11721,Jordan Whittington,WR,1139,0,
2024,2024-09-04,9484,9824,Tucker Kraft,TE,1107,0,
2024,2024-09-04,4029,7493,Dalvin Cook,RB,888,0,
2024,2024-09-04,11597,11749,Theo Johnson,TE,859,0,
2024,2024-09-04,3214,675,Hunter Henry,TE,699,0,
2024,2024-09-04,10863,9902,A.T. Perry,WR,418,0,
2024,2024-09-04,2306,794,Jameis Winston,QB,309,0,
2024,2024-09-04,8160,5730,Kenny Pickett,QB,213,0,
2024,2024-09-04,6149,6028,Darius Slayton,WR,206,0,
2024,2024-09-04,9506,9915,Sean Tucker,RB,155,0,
2024,2024-09-04,7568,6946,Brevin Jordan,TE,136,0,
2024,2024-09-04,6136,7992,Jarrett Stidham,QB,130,0,
2024,2024-09-04,5185,5460,Allen Lazard,WR,127,0,
2024,2024-09-04,11895,12233,Mason Tipton,WR,124,0,
2024,2024-09-04,3199,17,Michael Thomas,WR,110,0,
2024,2024-09-04,10218,9854,Xavier Hutchinson,WR,70,0,
2024,2024-09-04,10215,9846,Jake Haener,QB,0,0,
2024,2024-09-04,6886,3098,Chase Claypool,WR,0,0,
2024,2024-09-04,5917,3619,Mecole Hardman,WR,0,0,
2024,2024-09-04,11588,11705,Jawhar Jordan,RB,0,0,
2024,2024-09-04,9493,9822,Puka Nacua,WR,6175,6757,
2024,2024-09-04,8150,7315,Kyren Williams,RB,4533,6090,
2024,2024-09-04,4983,6110,DJ Moore,WR,4129,4237,
2024,2024-09-04,11583,11725,Jonathon Brooks,RB,3703,634,
2024,2024-09-04,4039,5586,Cooper Kupp,WR,3248,5060,
2024,2024-09-04,10222,9863,Jayden Reed,WR,2795,1285,
2024,2024-09-04,4217,5709,George Kittle,TE,2777,2118,
2024,2024-09-04,5927,4864,Terry McLaurin,WR,2759,2232,
2024,2024-09-04,7588,6963,Javonte Williams,RB,2689,1325,
2024,2024-09-04,11619,11700,Ja'Lynn Polk,WR,1945,128,
2024,2024-09-04,11565,11740,J.J. McCarthy,QB,1868,0,
2024,2024-09-04,8132,6408,Tyler Allgeier,RB,1547,243,
2024,2024-09-04,3164,2848,Ezekiel Elliott,RB,1382,608,
2024,2024-09-04,9754,9879,Quentin Johnston,WR,1293,19,
2024,2024-09-04,7571,7410,Rashod Bateman,WR,1225,4,
2024,2024-09-04,6945,7587,Antonio Gibson,RB,1175,34,
2024,2024-09-04,2028,1954,Derek Carr,QB,1089,233,
2024,2024-09-04,1234,8651,Russell Wilson,QB,874,197,
2024,2024-09-04,8135,2373,Treylon Burks,WR,825,0,
2024,2024-09-04,11621,11710,Brenden Rice,WR,543,0,
2024,2024-09-04,7562,8432,Tutu Atwell,WR,125,0,
2024,2024-09-04,6853,4927,Van Jefferson,WR,91,0,
2024,2024-09-04,5086,5958,Marquez Valdes-Scantling,WR,79,0,
2024,2024-09-04,10862,9945,Dorian Thompson-Robinson,QB,71,0,
2024,2024-09-04,10212,9961,Josh Whyle,TE,56,0,
2024,2024-09-04,11815,11952,Cornelius Johnson,WR,33,0,
2024,2024-09-04,5010,8420,Will Dissly,TE,28,0,
2024,2024-09-04,6039,607,Ty Johnson,RB,23,0,
2024,2024-09-04,6920,8335,Isaiah Hodgins,WR,0,0,
2024,2024-09-04,4602,7040,Robert Tonyan,TE,0,0,
2024,2024-09-04,6931,5634,DeeJay Dallas,RB,0,0,
2024,2024-09-04,10859,9843,Sam LaPorta,TE,5809,5027,
2024,2024-09-04,4881,3101,Lamar Jackson,QB,5052,5758,
2024,2024-09-04,6803,6429,Brandon Aiyuk,WR,4867,4700,
2024,2024-09-04,11637,11716,Keon Coleman,WR,2837,663,
2024,2024-09-04,9756,9847,Jordan Addison,WR,2818,766,
2024,2024-09-04,6768,6092,Tua Tagovailoa,QB,2585,1648,
2024,2024-09-04,5967,407,Tony Pollard,RB,2335,1557,
2024,2024-09-04,4199,2382,Aaron Jones,RB,2278,2724,
2024,2024-09-04,2749,6259,Raheem Mostert,RB,2078,2273,
2024,2024-09-04,9753,9921,Zach Charbonnet,RB,1830,223,
2024,2024-09-04,5045,818,Courtland Sutton,WR,1736,863,
2024,2024-09-04,5022,5988,Dallas Goedert,TE,1703,462,
2024,2024-09-04,11650,11788,Luke McCaffrey,WR,1333,0,
2024,2024-09-04,10235,9926,Roschon Johnson,RB,1278,0,
2024,2024-09-04,1689,4811,Adam Thielen,WR,1009,89,
2024,2024-09-04,5970,938,Greg Dortch,WR,821,0,
2024,2024-09-04,5987,7600,Alexander Mattison,RB,750,0,
2024,2024-09-04,8147,3812,John Metchie,WR,576,0,
2024,2024-09-04,,11715,Frank Gore,RB,295,0,ambiguous
2024,2024-09-04,7561,2660,Elijah Mitchell,RB,254,0,
2024,2024-09-04,9998,9881,Hendon Hooker,QB,216,0,
2024,2024-09-04,4080,3759,Zay Jones,WR,209,0,
2024,2024-09-04,7538,6731,Zach Wilson,QB,119,0,
2024,2024-09-04,7607,4611,Michael Carter,RB,83,0,
2024,2024-09-04,7565,1582,Terrace Marshall,WR,71,0,
2024,2024-09-04,1837,2899,Jimmy Garoppolo,QB,61,0,
2024,2024-09-04,7605,7922,Kyle Trask,QB,44,0,
2024,2024-09-04,5284,4282,Jeff Wilson,RB,17,0,
2024,2024-09-04,1992,8102,Allen Robinson,WR,17,0,
2024,2024-09-04,6847,7498,Devin Duvernay,WR,0,0,
2024,2024-09-04,6955,3401,James Robinson,RB,0,0,
2024,2024-09-04,6869,1119,Adam Trautman,TE,0,0,
2024,2024-09-04,7891,2766,Brock Wright,TE,0,0,
2024,2024-09-04,3202,2338,Austin Hooper,TE,0,0,
2024,2024-09-04,2251,5726,Logan Thomas,TE,0,0,
2024,2024-09-04,9226,9969,De'Von Achane,RB,5375,5626,
2024,2024-09-04,4866,7257,Saquon Barkley,RB,5259,7375,
2024,2024-09-04,9502,9950,Tank Dell,WR,3782,2921,
2024,2024-09-04,8136,2187,Rachaad White,RB,3702,4442,
2024,2024-09-04,6797,8448,Justin Herbert,QB,3314,1710,
2024,2024-09-04,6130,8347,Devin Singletary,RB,1897,1057,
2024,2024-09-04,11563,11728,Bo Nix,QB,1888,376,
2024,2024-09-04,11584,11779,Bucky Irving,RB,1715,27,
2024,2024-09-04,9481,9856,Luke Musgrave,TE,1514,53,
2024,2024-09-04,11627,11738,Troy Franklin,WR,1462,12,
2024,2024-09-04,11630,11750,Roman Wilson,WR,1432,9,
2024,2024-09-04,6943,8112,Gabe Davis,WR,1341,188,
2024,2024-09-04,8111,2021,Cade Otton,TE,1276,16,
2024,2024-09-04,96,715,Aaron Rodgers,QB,1194,1053,
2024,2024-09-04,2197,7088,Brandin Cooks,WR,1120,102,
2024,2024-09-04,5857,2677,Noah Fant,TE,1079,0,
2024,2024-09-04,5133,6147,Tyler Conklin,TE,998,3,
2024,2024-09-04,11577,11743,Will Shipley,RB,903,0,
2024,2024-09-04,4147,3463,Samaje Perine,RB,858,0,
2024,2024-09-04,3225,5860,Tyler Boyd,WR,714,0,
2024,2024-09-04,7002,5552,Juwan Johnson,TE,602,0,
2024,2024-09-04,5906,1787,Dawson Knox,TE,586,0,
2024,2024-09-04,11435,11422,Emanuel Wilson,RB,556,0,
2024,2024-09-04,6820,8140,Clyde Edwards-Helaire,RB,366,0,
2024,2024-09-04,3286,448,Demarcus Robinson,WR,360,0,
2024,2024-09-04,9492,9855,Trey Palmer,WR,317,0,
2024,2024-09-04,7828,865,Noah Gray,TE,176,0,
2024,2024-09-04,7049,2631,Jauan Jennings,WR,153,0,
2024,2024-09-04,2307,7818,Marcus Mariota,QB,80,0,
2024,2024-09-04,10216,9850,Kenny McIntosh,RB,53,0,
2024,2024-09-04,10234,9934,Derius Davis,WR,34,0,
2024,2024-09-04,4314,8408,Johnny Mundt,TE,32,0,
2024,2024-09-04,11210,11195,Malik Heath,WR,25,0,
2024,2024-09-04,9512,9832,DeWayne McBride,RB,0,0,
2024,2024-09-04,6074,4065,Donald Parham,TE,0,0,
2024,2024-09-04,6850,1857,Harrison Bryant,TE,0,0,
2024,2024-09-04,9495,9860,Rakim Jarrett,WR,0,0,
2024,2024-09-04,9221,9821,Jahmyr Gibbs,RB,7491,7866,
2024,2024-09-04,9758,9838,C.J. Stroud,QB,5394,4869,
2024,2024-09-04,8151,1749,Kenneth Walker,RB,4333,3815,
2024,2024-09-04,5849,3544,Kyler Murray,QB,3697,3062,
2024,2024-09-04,9488,9924,Jaxon Smith-Njigba,WR,3392,1089,
2024,2024-09-04,2133,1503,Davante Adams,WR,3308,5327,
2024,2024-09-04,11586,11747,Blake Corum,RB,2449,743,
2024,2024-09-04,3163,8587,Jared Goff,QB,2369,1495,
2024,2024-09-04,5001,4655,Dalton Schultz,TE,1703,431,
2024,2024-09-04,9999,9901,Will Levis,QB,1687,264,
2024,2024-09-04,7021,1465,Rico Dowdle,RB,1560,308,
2024,2024-09-04,10232,9952,Michael Wilson,WR,1431,24,
2024,2024-09-04,9482,9931,Michael Mayer,TE,1263,0,
2024,2024-09-04,10225,9867,Jonathan Mingo,WR,803,0,
2024,2024-09-04,11629,11777,Devontez Walker,WR,687,0,
2024,2024-09-04,7596,4250,Elijah Moore,WR,608,0,
2024,2024-09-04,8162,8210,Sam Howell,QB,588,0,
2024,2024-09-04,10213,9873,Tre Tucker,WR,543,0,
2024,2024-09-04,8180,3629,Jalen Nailor,WR,331,0,
2024,2024-09-04,2078,2245,Odell Beckham,WR,259,0,
2024,2024-09-04,8116,1312,Pierre Strong,RB,254,0,
2024,2024-09-04,4040,8033,JuJu Smith-Schuster,WR,224,0,
2024,2024-09-04,8204,7422,Bo Melton,WR,193,0,
2024,2024-09-04,3271,5467,Tyler Higbee,TE,190,0,
2024,2024-09-04,5096,6900,Ray-Ray McCloud,WR,170,0,
2024,2024-09-04,4234,1230,Noah Brown,WR,155,0,
2024,2024-09-04,11199,11170,Emari Demercado,RB,120,0,
2024,2024-09-04,9504,9939,Kayshon Boutte,WR,64,0,
2024,2024-09-04,5409,3343,Tanner Hudson,TE,59,0,
2024,2024-09-04,9490,9834,Tyler Scott,WR,54,0,
2024,2024-09-04,10217,9827,Clayton Tune,QB,9,0,
2024,2024-09-04,5121,1633,Braxton Berrios,WR,0,0,
2024,2024-09-04,7496,4872,Nick Westbrook-Ikhine,WR,0,0,
2024,2024-09-04,7537,8411,Jaret Patterson,RB,0,0,
2024,2024-09-04,5113,816,Cedrick Wilson,WR,0,0,
2024,2024-09-04,6126,4566,Irv Smith,TE,0,0,
2024,2024-09-04,4984,6170,Josh Allen,QB,6117,6902,
2024,2024-09-04,3198,5421,Derrick Henry,RB,3431,5974,
2024,2024-09-04,8137,1436,George Pickens,WR,3352,2128,
2024,2024-09-04,4018,4578,Joe Mixon,RB,2968,3522,
2024,2024-09-04,2449,3214,Stefon Diggs,WR,2837,4021,
2024,2024-09-04,7611,4294,Rhamondre Stevenson,RB,2592,1927,
2024,2024-09-04,2309,2301,Amari Cooper,WR,2479,2687,
2024,2024-09-04,1479,1334,Keenan Allen,WR,1962,2293,
2024,2024-09-04,,3950,Hollywood Brown,WR,1821,487,no Sleeper match
2024,2024-09-04,8121,2419,Romeo Doubs,WR,1810,489,
2024,2024-09-04,4663,1332,Austin Ekeler,RB,1783,707,
2024,2024-09-04,6826,4857,Cole Kmet,TE,1707,206,
2024,2024-09-04,5248,4539,Gus Edwards,RB,1661,736,
2024,2024-09-04,5947,2463,Jakobi Meyers,WR,1584,323,
2024,2024-09-04,1426,4681,DeAndre Hopkins,WR,1528,569,
2024,2024-09-04,421,3611,Matthew Stafford,QB,1434,1178,
2024,2024-09-04,11645,11782,Javon Baker,WR,1254,0,
2024,2024-09-04,8172,3550,Greg Dulcich,TE,1246,0,
2024,2024-09-04,,722,Chigoziem Okonkwo,TE,946,0,no Sleeper match
2024,2024-09-04,11610,11770,Malik Washington,WR,856,0,
2024,2024-09-04,6151,5455,Miles Sanders,RB,545,0,
2024,2024-09-04,1339,324,Zach Ertz,TE,521,0,
2024,2024-09-04,4951,6012,DJ Chark,WR,387,0,
2024,2024-09-04,4089,153,Gerald Everett,TE,213,0,
2024,2024-09-04,4454,1449,Kendrick Bourne,WR,166,0,
2024,2024-09-04,11567,11756,Jordan Travis,QB,159,0,
2024,2024-09-04,9479,9923,Darnell Washington,TE,110,0,
2024,2024-09-04,8188,5858,Tyquan Thornton,WR,109,0,
2024,2024-09-04,11636,11773,Johnny Wilson,WR,107,0,
2024,2024-09-04,8171,3707,Kyle Philips,WR,24,0,
2024,2024-09-04,6843,3894,Albert Okwuegbunam,TE,0,0,
2024,2024-09-04,9499,9849,Bryce Ford-Wheaton,WR,0,0,
2024,2024-09-04,11560,11708,Caleb Williams,QB,4520,2192,
2024,2024-09-04,4035,4144,Alvin Kamara,RB,2947,4278,
2024,2024-09-04,3294,6637,Dak Prescott,QB,2883,2636,
2024,2024-09-04,11643,11781,Jaylen Wright,RB,2230,166,
2024,2024-09-04,8143,8319,Jerome Ford,RB,1998,934,
2024,2024-09-04,11638,11752,Ricky Pearsall,WR,1787,49,
2024,2024-09-04,7600,2550,Pat Freiermuth,TE,1723,284,
2024,2024-09-04,11618,11754,Jalen McMillan,WR,1660,1,
2024,2024-09-04,4892,2737,Baker Mayfield,QB,1528,409,
2024,2024-09-04,11575,11699,Ray Davis,RB,1514,30,
2024,2024-09-04,7090,3901,Darnell Mooney,WR,1352,136,
2024,2024-09-04,11600,11714,Ja'Tavion Sanders,TE,1317,0,
2024,2024-09-04,11617,11744,Malachi Corley,WR,1214,0,
2024,2024-09-04,2374,2019,Tyler Lockett,WR,1207,333,
2024,2024-09-04,11655,12123,Tyrone Tracy,RB,1200,2,
2024,2024-09-04,5995,5156,Justice Hill,RB,865,0,
2024,2024-09-04,11574,11768,Dylan Laube,RB,858,0,
2024,2024-09-04,4993,7291,Mike Gesicki,TE,548,0,
2024,2024-09-04,10444,9904,Cedric Tillman,WR,230,0,
2024,2024-09-04,4171,5612,Josh Reynolds,WR,212,0,
2024,2024-09-04,1535,8318,Cordarrelle Patterson,RB,127,0,
2024,2024-09-04,9220,9885,Evan Hull,RB,26,0,
2024,2024-09-04,11606,11760,Dallin Holker,TE,0,0,
2024,2024-09-04,5955,4589,Hunter Renfrow,WR,0,0,
2024,2024-09-04,11821,11936,Tahj Washington,WR,0,0,
2024,2024-09-04,11762,11930,Anthony Gould,WR,0,0,
2024,2024-09-04,8756,7004,Brandon Johnson,WR,0,0,
2025,2025-09-19,9509,9833,Bijan Robinson,RB,10538,10278,
2025,2025-09-19,6794,7569,Justin Jefferson,WR,8995,7928,
2025,2025-09-19,11604,11702,Brock Bowers,TE,7319,5475,
2025,2025-09-19,11631,11726,Brian Thomas,WR,6033,5330,
2025,2025-09-19,8130,7325,Trey McBride,TE,5661,4828,
2025,2025-09-19,8138,182,James Cook,RB,5466,7149,
2025,2025-09-19,10229,9929,Rashee Rice,WR,4252,2996,
2025,2025-09-19,7525,6635,DeVonta Smith,WR,2749,1756,
2025,2025-09-19,12481,12643,Cam Skattebo,RB,2620,1163,
2025,2025-09-19,11637,11716,Keon Coleman,WR,2470,1160,
2025,2025-09-19,12490,12620,Bhayshul Tuten,RB,2395,956,
2025,2025-09-19,12506,12659,Harold Fannin,TE,2244,532,
2025,2025-09-19,4137,7447,James Conner,RB,2178,2490,
2025,2025-09-19,7523,1086,Trevor Lawrence,QB,1978,428,
2025,2025-09-19,9508,9817,Tyjae Spears,RB,1553,65,
2025,2025-09-19,8167,5981,Christian Watson,WR,1148,0,
2025,2025-09-19,9486,9909,Dontayvion Wicks,WR,1117,0,
2025,2025-09-19,9501,9840,DeMario Douglas,WR,1117,0,
2025,2025-09-19,12492,12634,Pat Bryant,WR,1103,0,
2025,2025-09-19,9757,9960,Kendre Miller,RB,985,0,
2025,2025-09-19,11562,11719,Spencer Rattler,QB,883,57,
2025,2025-09-19,9229,9951,Anthony Richardson,QB,863,0,
2025,2025-09-19,12544,12714,LeQuint Allen,RB,638,0,
2025,2025-09-19,19,2323,Joe Flacco,QB,620,24,
2025,2025-09-19,11581,11729,MarShawn Lloyd,RB,554,0,
2025,2025-09-19,11603,11720,AJ Barner,TE,521,0,
2025,2025-09-19,12542,12676,Efton Chism,WR,384,0,
2025,2025-09-19,11557,11772,Joe Milton,QB,316,0,
2025,2025-09-19,1166,536,Kirk Cousins,QB,297,0,
2025,2025-09-19,11571,11767,Isaiah Davis,RB,219,0,
2025,2025-09-19,12472,12641,Raheim Sanders,RB,147,0,
2025,2025-09-19,12634,13211,Jordan Watkins,WR,141,0,
2025,2025-09-19,12470,12613,Riley Leonard,QB,123,0,
2025,2025-09-19,12718,12826,Konata Mumpfield,WR,122,0,
2025,2025-09-19,11592,11761,Erick All,TE,80,0,
2025,2025-09-19,12520,12649,Xavier Restrepo,WR,79,0,
2025,2025-09-19,9230,9940,Tanner McKee,QB,56,0,
2025,2025-09-19,7564,5856,Ja'Marr Chase,WR,10411,9074,
2025,2025-09-19,6786,4835,CeeDee Lamb,WR,8739,9009,
2025,2025-09-19,6813,3046,Jonathan Taylor,RB,5938,8000,
2025,2025-09-19,4034,5494,Christian McCaffrey,RB,4925,9223,
2025,2025-09-19,12518,12592,Tyler Warren,TE,4697,2900,
2025,2025-09-19,8155,4576,Breece Hall,RB,4296,4314,
2025,2025-09-19,4046,880,Patrick Mahomes,QB,3763,2579,
2025,2025-09-19,,12617,Travis Hunter,WR,3577,1239,no Sleeper match
2025,2025-09-19,5846,5240,DK Metcalf,WR,3156,2797,
2025,2025-09-19,8148,1100,Jameson Williams,WR,2939,1939,
2025,2025-09-19,7526,1409,Jaylen Waddle,WR,2512,1458,
2025,2025-09-19,8183,5570,Brock Purdy,QB,2304,549,
2025,2025-09-19,7553,280,Kyle Pitts,TE,2147,810,
2025,2025-09-19,6783,2427,Jerry Jeudy,WR,2122,998,
2025,2025-09-19,8126,4091,Wan'Dale Robinson,WR,1823,840,
2025,2025-09-19,1466,2204,Travis Kelce,TE,1700,1692,
2025,2025-09-19,8131,7402,Isaiah Likely,TE,1640,60,
2025,2025-09-19,12535,12679,Isaac TeSlaa,WR,1376,18,
2025,2025-09-19,12474,12599,Woody Marks,RB,1370,17,
2025,2025-09-19,11646,11783,Jalen Coker,WR,1322,9,
2025,2025-09-19,12497,12637,Tory Horton,WR,1304,0,
2025,2025-09-19,12455,12591,Brashard Smith,RB,950,0,
2025,2025-09-19,12505,12671,Jalen Royals,WR,878,0,
2025,2025-09-19,12531,12703,Trevor Etienne,RB,829,0,
2025,2025-09-19,8142,5433,Alec Pierce,WR,668,0,
2025,2025-09-19,11651,11789,Isaac Guerendo,RB,608,0,
2025,2025-09-19,9511,9982,Keaton Mitchell,RB,579,0,
2025,2025-09-19,10226,9959,Andrei Iosivas,WR,320,0,
2025,2025-09-19,8117,2144,Jalen Tolbert,WR,193,0,
2025,2025-09-19,8139,3171,Zamir White,RB,182,0,
2025,2025-09-19,12462,12633,Damien Martinez,RB,181,0,
2025,2025-09-19,8119,7169,Jahan Dotson,WR,158,0,
2025,2025-09-19,11633,11755,Jamari Thrash,WR,93,0,
2025,2025-09-19,7601,2214,Rondale Moore,WR,64,0,
2025,2025-09-19,8168,1622,Skyy Moore,WR,36,0,
2025,2025-09-19,12048,12166,George Holani,RB,27,0,
2025,2025-09-19,10216,9850,Kenny McIntosh,RB,0,0,
2025,2025-09-19,11570,11727,Rasheen Ali,RB,0,0,
2025,2025-09-19,5937,4373,Diontae Johnson,WR,0,0,
2025,2025-09-19,7569,5030,Nico Collins,WR,5636,6137,
2025,2025-09-19,12526,12635,Tetairoa McMillan,WR,5365,3559,
2025,2025-09-19,11635,11766,Ladd McConkey,WR,5213,4546,
2025,2025-09-19,7594,183,Chuba Hubbard,RB,3659,4361,
2025,2025-09-19,7543,3156,Travis Etienne,RB,3179,3420,
2025,2025-09-19,6804,3651,Jordan Love,QB,3014,1648,
2025,2025-09-19,12501,12672,Matthew Golden,WR,2718,865,
2025,2025-09-19,9758,9838,C.J. Stroud,QB,2529,519,
2025,2025-09-19,5872,2495,Deebo Samuel,WR,2398,2680,
2025,2025-09-19,11589,11758,Trey Benson,RB,2282,750,
2025,2025-09-19,10236,9819,Dalton Kincaid,TE,2059,761,
2025,2025-09-19,12499,12623,Elic Ayomanor,WR,1993,516,
2025,2025-09-19,12469,12638,Dylan Sampson,RB,1858,613,
2025,2025-09-19,9228,9944,Bryce Young,QB,1557,190,
2025,2025-09-19,9494,9955,Marvin Mims,WR,1379,83,
2025,2025-09-19,11586,11747,Blake Corum,RB,1370,64,
2025,2025-09-19,8125,4996,Calvin Austin,WR,1299,194,
2025,2025-09-19,12521,12650,Elijah Arroyo,TE,1277,0,
2025,2025-09-19,12483,12626,Jack Bech,WR,1183,0,
2025,2025-09-19,,4476,Kenneth Gainwell,RB,1004,72,no Sleeper match
2025,2025-09-19,11625,11711,Adonai Mitchell,WR,980,0,
2025,2025-09-19,11596,11746,Ben Sinnott,TE,704,0,
2025,2025-09-19,12670,13019,KeAndre Lambert-Smith,WR,631,0,
2025,2025-09-19,11569,11707,Jarquez Hunter,RB,495,0,
2025,2025-09-19,12493,12576,Oronde Gadsden,TE,480,0,
2025,2025-09-19,8129,919,Dameon Pierce,RB,333,0,
2025,2025-09-19,12511,12619,Will Howard,QB,279,0,
2025,2025-09-19,11640,11698,Jermaine Burton,WR,179,0,
2025,2025-09-19,10871,11006,Luke Schoonmaker,TE,88,0,
2025,2025-09-19,4082,3438,Curtis Samuel,WR,77,0,
2025,2025-09-19,11806,12312,Casey Washington,WR,12,0,
2025,2025-09-19,7694,7388,Tommy Tremble,TE,0,0,
2025,2025-09-19,11579,11776,Audric Estime,RB,0,0,
2025,2025-09-19,9488,9924,Jaxon Smith-Njigba,WR,6328,6057,
2025,2025-09-19,8112,998,Drake London,WR,5855,5392,
2025,2025-09-19,12507,12573,Omarion Hampton,RB,4885,3076,
2025,2025-09-19,11620,11763,Rome Odunze,WR,4737,3859,
2025,2025-09-19,12529,12580,TreVeyon Henderson,RB,4524,2657,
2025,2025-09-19,6904,6407,Jalen Hurts,QB,4421,3878,
2025,2025-09-19,8151,1749,Kenneth Walker,RB,3472,3394,
2025,2025-09-19,3163,8587,Jared Goff,QB,2199,1091,
2025,2025-09-19,6806,5149,J.K. Dobbins,RB,2156,2051,
2025,2025-09-19,12519,12590,Luther Burden,WR,1984,0,
2025,2025-09-19,8110,6785,Jake Ferguson,TE,1944,833,
2025,2025-09-19,4981,41,Calvin Ridley,WR,1924,1030,
2025,2025-09-19,8205,3777,Isiah Pacheco,RB,1730,955,
2025,2025-09-19,12509,12593,Tre' Harris,WR,1685,0,
2025,2025-09-19,8676,2354,Rashid Shaheed,WR,1467,411,
2025,2025-09-19,12457,12622,Jaydon Blue,RB,1447,57,
2025,2025-09-19,12471,12656,DJ Giddens,RB,1363,34,
2025,2025-09-19,3214,675,Hunter Henry,TE,1291,193,
2025,2025-09-19,11626,11718,Xavier Legette,WR,1279,49,
2025,2025-09-19,7670,2308,Joshua Palmer,WR,1158,49,
2025,2025-09-19,11597,11749,Theo Johnson,TE,658,0,
2025,2025-09-19,9506,9915,Sean Tucker,RB,550,0,
2025,2025-09-19,12540,12693,Chimere Dike,WR,438,0,
2025,2025-09-19,11623,11721,Jordan Whittington,WR,321,0,
2025,2025-09-19,6149,6028,Darius Slayton,WR,265,0,
2025,2025-09-19,2306,794,Jameis Winston,QB,223,0,
2025,2025-09-19,12500,12648,Quinn Ewers,QB,164,0,
2025,2025-09-19,8160,5730,Kenny Pickett,QB,75,0,
2025,2025-09-19,10863,9902,A.T. Perry,WR,0,0,
2025,2025-09-19,5185,5460,Allen Lazard,WR,0,0,
2025,2025-09-19,7547,1527,Amon-Ra St. Brown,WR,7652,8486,
2025,2025-09-19,9226,9969,De'Von Achane,RB,5880,7580,
2025,2025-09-19,11566,11701,Jayden Daniels,QB,5551,3758,
2025,2025-09-19,11628,11734,Marvin Harrison Jr,WR,4527,2755,
2025,2025-09-19,5850,1326,Josh Jacobs,RB,4487,6049,
2025,2025-09-19,9224,9967,Chase Brown,RB,4411,5385,
2025,2025-09-19,8146,6813,Garrett Wilson,WR,4278,3970,
2025,2025-09-19,6770,1002,Joe Burrow,QB,3698,0,
2025,2025-09-19,5892,7515,David Montgomery,RB,2282,2100,
2025,2025-09-19,6790,1574,D'Andre Swift,RB,2197,1948,
2025,2025-09-19,5844,8215,T.J. Hockenson,TE,2015,875,
2025,2025-09-19,9500,9936,Josh Downs,WR,1947,531,
2025,2025-09-19,4037,2505,Chris Godwin,WR,1910,945,
2025,2025-09-19,5870,5,Daniel Jones,QB,1521,743,
2025,2025-09-19,7528,7252,Najee Harris,RB,1482,282,
2025,2025-09-19,8111,2021,Cade Otton,TE,1272,23,
2025,2025-09-19,7587,7376,Dyami Brown,WR,910,0,
2025,2025-09-19,6111,438,Jake Browning,QB,822,409,
2025,2025-09-19,12543,12688,Tahj Brooks,RB,765,0,
2025,2025-09-19,3161,7100,Carson Wentz,QB,597,72,
2025,2025-09-19,827,4418,Tyrod Taylor,QB,458,0,
2025,2025-09-19,12502,12640,Gunnar Helm,TE,425,0,
2025,2025-09-19,5995,5156,Justice Hill,RB,384,0,
2025,2025-09-19,11834,11908,Devaughn Vele,WR,292,0,
2025,2025-09-19,12516,12658,Kalel Mullings,RB,134,0,
2025,2025-09-19,12738,13156,Phil Mafah,RB,123,0,
2025,2025-09-19,7496,4872,Nick Westbrook-Ikhine,WR,122,0,
2025,2025-09-19,4381,6915,Taysom Hill,TE,110,0,
2025,2025-09-19,9497,9851,Jalin Hyatt,WR,86,0,
2025,2025-09-19,4972,4357,Mason Rudolph,QB,62,0,
2025,2025-09-19,4574,157,Cooper Rush,QB,57,0,
2025,2025-09-19,7585,1246,Davis Mills,QB,21,0,
2025,2025-09-19,5854,3577,Drew Lock,QB,19,0,
2025,2025-09-19,6865,6289,Colby Parkinson,TE,0,0,
2025,2025-09-19,11783,11873,Ryan Flournoy,WR,0,0,
2025,2025-09-19,7608,320,Khalil Herbert,RB,0,0,
2025,2025-09-19,11632,11737,Malik Nabers,WR,9035,8840,
2025,2025-09-19,9997,9930,Zay Flowers,WR,4163,3779,
2025,2025-09-19,5859,4118,A.J. Brown,WR,4074,4343,
2025,2025-09-19,12512,12632,Quinshon Judkins,RB,3886,1775,
2025,2025-09-19,6801,5531,Tee Higgins,WR,3573,2945,
2025,2025-09-19,8408,5469,Jordan Mason,RB,2610,2671,
2025,2025-09-19,8228,6285,Jaylen Warren,RB,2465,2466,
2025,2025-09-19,3321,7958,Tyreek Hill,WR,2449,3390,
2025,2025-09-19,2216,7495,Mike Evans,WR,2447,3298,
2025,2025-09-19,6819,8259,Michael Pittman,WR,2155,1170,
2025,2025-09-19,12508,12609,Jaxson Dart,QB,1858,30,
2025,2025-09-19,4033,6513,David Njoku,TE,1785,688,
2025,2025-09-19,7591,7191,Justin Fields,QB,1590,492,
2025,2025-09-19,4988,4188,Nick Chubb,RB,1532,1087,
2025,2025-09-19,5012,4519,Mark Andrews,TE,1450,497,
2025,2025-09-19,4066,3648,Evan Engram,TE,1391,370,
2025,2025-09-19,9480,9948,Brenton Strange,TE,1374,167,
2025,2025-09-19,9225,9925,Tank Bigsby,RB,1332,32,
2025,2025-09-19,4943,8007,Sam Darnold,QB,1320,223,
2025,2025-09-19,4950,8090,Christian Kirk,WR,1300,171,
2025,2025-09-19,4144,4185,Jonnu Smith,TE,1294,150,
2025,2025-09-19,1373,6305,Geno Smith,QB,1148,182,
2025,2025-09-19,4098,6621,Kareem Hunt,RB,853,85,
2025,2025-09-19,12524,12587,Shedeur Sanders,QB,607,0,
2025,2025-09-19,8698,3676,Jake Tonges,TE,556,0,
2025,2025-09-19,4219,4220,Jeremy McNichols,RB,288,0,
2025,2025-09-19,6271,205,Olamide Zaccheaus,WR,143,0,
2025,2025-09-19,8254,7607,Julius Chestnut,RB,122,0,
2025,2025-09-19,12539,12704,Arian Smith,WR,120,0,
2025,2025-09-19,11439,11676,Jaleel McLaughlin,RB,115,0,
2025,2025-09-19,4017,3568,Deshaun Watson,QB,59,0,
2025,2025-09-19,11370,11653,Chris Brooks,RB,58,0,
2025,2025-09-19,8123,6101,Hassan Haskins,RB,22,0,
2025,2025-09-19,10223,9895,Eric Gray,RB,0,0,
2025,2025-09-19,6963,2213,Patrick Taylor,RB,0,0,
2025,2025-09-19,11595,11732,Jared Wiley,TE,0,0,
2025,2025-09-19,9493,9822,Puka Nacua,WR,7989,8498,
2025,2025-09-19,8150,7315,Kyren Williams,RB,4257,4741,
2025,2025-09-19,7588,6963,Javonte Williams,RB,3000,3473,
2025,2025-09-19,4217,5709,George Kittle,TE,2945,2722,
2025,2025-09-19,4892,2737,Baker Mayfield,QB,2816,1921,
2025,2025-09-19,5927,4864,Terry McLaurin,WR,2698,2872,
2025,2025-09-19,4983,6110,DJ Moore,WR,2564,1686,
2025,2025-09-19,12504,12598,Kaleb Johnson,RB,2283,166,
2025,2025-09-19,9754,9879,Quentin Johnston,WR,2280,1096,
2025,2025-09-19,11565,11740,J.J. McCarthy,QB,2112,263,
2025,2025-09-19,10222,9863,Jayden Reed,WR,1954,89,
2025,2025-09-19,4039,5586,Cooper Kupp,WR,1618,1180,
2025,2025-09-19,8132,6408,Tyler Allgeier,RB,1518,272,
2025,2025-09-19,12541,12706,Dont'e Thornton,WR,1414,61,
2025,2025-09-19,11583,11725,Jonathon Brooks,RB,1381,0,
2025,2025-09-19,7571,7410,Rashod Bateman,WR,1077,69,
2025,2025-09-19,1234,8651,Russell Wilson,QB,885,200,
2025,2025-09-19,12476,12618,Devin Neal,RB,594,0,
2025,2025-09-19,11619,11700,Ja'Lynn Polk,WR,199,0,
2025,2025-09-19,6945,7587,Antonio Gibson,RB,148,0,
2025,2025-09-19,7562,8432,Tutu Atwell,WR,137,0,
2025,2025-09-19,5010,8420,Will Dissly,TE,104,0,
2025,2025-09-19,8135,2373,Treylon Burks,WR,95,0,
2025,2025-09-19,6039,607,Ty Johnson,RB,63,0,
2025,2025-09-19,4718,6640,Dare Ogunbowale,RB,17,0,
2025,2025-09-19,6869,1119,Adam Trautman,TE,9,0,
2025,2025-09-19,5086,5958,Marquez Valdes-Scantling,WR,3,0,
2025,2025-09-19,6853,4927,Van Jefferson,WR,0,0,
2025,2025-09-19,11621,11710,Brenden Rice,WR,0,0,
2025,2025-09-19,10212,9961,Josh Whyle,TE,0,0,
2025,2025-09-19,10862,9945,Dorian Thompson-Robinson,QB,0,0,
2025,2025-09-19,9221,9821,Jahmyr Gibbs,RB,8792,8973,
2025,2025-09-19,12514,12595,Emeka Egbuka,WR,4778,3026,
2025,2025-09-19,9484,9824,Tucker Kraft,TE,3319,2484,
2025,2025-09-19,11564,11696,Drake Maye,QB,3277,1569,
2025,2025-09-19,8144,2548,Chris Olave,WR,2902,1862,
2025,2025-09-19,5849,3544,Kyler Murray,QB,2294,1044,
2025,2025-09-19,8134,8607,Khalil Shakir,WR,1762,514,
2025,2025-09-19,4018,4578,Joe Mixon,RB,1730,348,
2025,2025-09-19,11576,11748,Braelon Allen,RB,1635,132,
2025,2025-09-19,8154,4174,Brian Robinson,RB,1607,380,
2025,2025-09-19,9504,9939,Kayshon Boutte,WR,1384,268,
2025,2025-09-19,5001,4655,Dalton Schultz,TE,936,0,
2025,2025-09-19,9482,9931,Michael Mayer,TE,917,0,
2025,2025-09-19,10213,9873,Tre Tucker,WR,824,0,
2025,2025-09-19,7021,1465,Rico Dowdle,RB,673,0,
2025,2025-09-19,10232,9952,Michael Wilson,WR,625,0,
2025,2025-09-19,10219,9831,Chris Rodriguez,RB,532,0,
2025,2025-09-19,12545,12686,Tyler Shough,QB,436,0,
2025,2025-09-19,9487,9894,Parker Washington,WR,301,0,
2025,2025-09-19,3271,5467,Tyler Higbee,TE,298,0,
2025,2025-09-19,4040,8033,JuJu Smith-Schuster,WR,276,0,
2025,2025-09-19,8180,3629,Jalen Nailor,WR,263,0,
2025,2025-09-19,7596,4250,Elijah Moore,WR,229,0,
2025,2025-09-19,8917,4302,KaVontae Turpin,WR,180,0,
2025,2025-09-19,12523,12600,Jimmy Horn,WR,162,0,
2025,2025-09-19,5096,6900,Ray-Ray McCloud,WR,135,0,
2025,2025-09-19,12515,12670,Donovan Edwards,RB,116,0,
2025,2025-09-19,10218,9854,Xavier Hutchinson,WR,115,0,
2025,2025-09-19,11599,11695,Cade Stover,TE,114,0,
2025,2025-09-19,11629,11777,Devontez Walker,WR,106,0,
2025,2025-09-19,8162,8210,Sam Howell,QB,93,0,
2025,2025-09-19,4234,1230,Noah Brown,WR,89,0,
2025,2025-09-19,11647,11790,Kimani Vidal,RB,81,0,
2025,2025-09-19,7610,4875,Trey Lance,QB,77,0,
2025,2025-09-19,12478,12621,Nick Nash,WR,69,0,
2025,2025-09-19,9999,9901,Will Levis,QB,61,0,
2025,2025-09-19,8208,4225,Tyler Badie,RB,37,0,
2025,2025-09-19,10225,9867,Jonathan Mingo,WR,0,0,
2025,2025-09-19,4171,5612,Josh Reynolds,WR,0,0,
2025,2025-09-19,4866,7257,Saquon Barkley,RB,7066,9467,
2025,2025-09-19,4881,3101,Lamar Jackson,QB,6158,6555,
2025,2025-09-19,10859,9843,Sam LaPorta,TE,3432,2146,
2025,2025-09-19,11624,11736,Xavier Worthy,WR,3059,1513,
2025,2025-09-19,9756,9847,Jordan Addison,WR,2914,1093,
2025,2025-09-19,5045,818,Courtland Sutton,WR,2350,2004,
2025,2025-09-19,9753,9921,Zach Charbonnet,RB,2307,1057,
2025,2025-09-19,5967,407,Tony Pollard,RB,2239,1937,
2025,2025-09-19,,12603,Cameron Ward,QB,2172,168,no Sleeper match
2025,2025-09-19,6803,6429,Brandon Aiyuk,WR,2124,318,
2025,2025-09-19,4199,2382,Aaron Jones,RB,1736,496,
2025,2025-09-19,12498,12642,Mason Taylor,TE,1413,0,
2025,2025-09-19,5022,5988,Dallas Goedert,TE,1395,347,
2025,2025-09-19,6768,6092,Tua Tagovailoa,QB,1344,137,
2025,2025-09-19,12503,12655,Isaiah Bond,WR,882,0,
2025,2025-09-19,1689,4811,Adam Thielen,WR,775,59,
2025,2025-09-19,7527,6814,Mac Jones,QB,665,66,
2025,2025-09-19,10235,9926,Roschon Johnson,RB,633,0,
2025,2025-09-19,2505,4485,Darren Waller,TE,355,0,
2025,2025-09-19,1837,2899,Jimmy Garoppolo,QB,208,0,
2025,2025-09-19,2749,6259,Raheem Mostert,RB,159,0,
2025,2025-09-19,8161,6888,Malik Willis,QB,129,0,
2025,2025-09-19,11650,11788,Luke McCaffrey,WR,120,0,
2025,2025-09-19,7538,6731,Zach Wilson,QB,104,0,
2025,2025-09-19,7561,2660,Elijah Mitchell,RB,78,0,
2025,2025-09-19,8147,3812,John Metchie,WR,58,0,
2025,2025-09-19,3202,2338,Austin Hooper,TE,40,0,
2025,2025-09-19,5970,938,Greg Dortch,WR,21,0,
2025,2025-09-19,11748,11896,Bub Means,WR,0,0,
2025,2025-09-19,,11715,Frank Gore,RB,0,0,ambiguous
2025,2025-09-19,4080,3759,Zay Jones,WR,0,0,
2025,2025-09-19,5987,7600,Alexander Mattison,RB,0,0,
2025,2025-09-19,9998,9881,Hendon Hooker,QB,0,0,
2025,2025-09-19,11584,11779,Bucky Irving,RB,5970,6535,
2025,2025-09-19,6797,8448,Justin Herbert,QB,3669,1968,
2025,2025-09-19,11563,11728,Bo Nix,QB,2939,1464,
2025,2025-09-19,12489,12601,RJ Harvey,RB,2867,1561,
2025,2025-09-19,11627,11738,Troy Franklin,WR,1939,503,
2025,2025-09-19,7049,2631,Jauan Jennings,WR,1858,913,
2025,2025-09-19,12484,12652,Jayden Higgins,WR,1833,75,
2025,2025-09-19,8136,2187,Rachaad White,RB,1620,412,
2025,2025-09-19,7002,5552,Juwan Johnson,TE,1569,899,
2025,2025-09-19,12534,12711,Kyle Monangai,RB,1305,35,
2025,2025-09-19,9502,9950,Tank Dell,WR,1168,0,
2025,2025-09-19,12487,12596,Terrance Ferguson,TE,1077,0,
2025,2025-09-19,96,715,Aaron Rodgers,QB,900,240,
2025,2025-09-19,9481,9856,Luke Musgrave,TE,764,0,
2025,2025-09-19,11577,11743,Will Shipley,RB,626,0,
2025,2025-09-19,11630,11750,Roman Wilson,WR,597,0,
2025,2025-09-19,12486,12646,Dillon Gabriel,QB,581,0,
2025,2025-09-19,2307,7818,Marcus Mariota,QB,560,0,
2025,2025-09-19,5857,2677,Noah Fant,TE,554,0,
2025,2025-09-19,12467,12657,Jordan James,RB,467,0,
2025,2025-09-19,12641,12946,Jaylin Lane,WR,435,0,
2025,2025-09-19,12482,12602,Savion Williams,WR,432,0,
2025,2025-09-19,7828,865,Noah Gray,TE,404,0,
2025,2025-09-19,5133,6147,Tyler Conklin,TE,272,0,
2025,2025-09-19,12496,12604,Tai Felton,WR,257,0,
2025,2025-09-19,11435,11422,Emanuel Wilson,RB,235,0,
2025,2025-09-19,12485,12667,Tez Johnson,WR,144,0,
2025,2025-09-19,6943,8112,Gabe Davis,WR,141,0,
2025,2025-09-19,5906,1787,Dawson Knox,TE,115,0,
2025,2025-09-19,6130,8347,Devin Singletary,RB,95,0,
2025,2025-09-19,2197,7088,Brandin Cooks,WR,95,0,
2025,2025-09-19,4147,3463,Samaje Perine,RB,79,0,
2025,2025-09-19,3286,448,Demarcus Robinson,WR,37,0,
2025,2025-09-19,10231,9825,Elijah Higgins,TE,15,0,
2025,2025-09-19,12849,13177,Traeshon Holden,WR,0,0,
2025,2025-09-19,12527,12612,Ashton Jeanty,RB,7269,5372,
2025,2025-09-19,11560,11708,Caleb Williams,QB,2874,774,
2025,2025-09-19,11638,11752,Ricky Pearsall,WR,2713,1458,
2025,2025-09-19,12517,12578,Colston Loveland,TE,2577,209,
2025,2025-09-19,11559,11739,Michael Penix,QB,2058,504,
2025,2025-09-19,3294,6637,Dak Prescott,QB,2002,1388,
2025,2025-09-19,11655,12123,Tyrone Tracy,RB,1759,859,
2025,2025-09-19,10444,9904,Cedric Tillman,WR,1607,457,
2025,2025-09-19,12495,12616,Ollie Gordon,RB,1596,99,
2025,2025-09-19,7090,3901,Darnell Mooney,WR,1510,314,
2025,2025-09-19,11600,11714,Ja'Tavion Sanders,TE,1413,2,
2025,2025-09-19,,12713,Kyle Williams,WR,1351,0,ambiguous
2025,2025-09-19,11618,11754,Jalen McMillan,WR,1231,0,
2025,2025-09-19,12536,12710,Jaylin Noel,WR,1218,0,
2025,2025-09-19,11575,11699,Ray Davis,RB,1119,0,
2025,2025-09-19,7600,2550,Pat Freiermuth,TE,1097,0,
2025,2025-09-19,8143,8319,Jerome Ford,RB,948,98,
2025,2025-09-19,5955,4589,Hunter Renfrow,WR,858,49,
2025,2025-09-19,11643,11781,Jaylen Wright,RB,745,0,
2025,2025-09-19,4993,7291,Mike Gesicki,TE,576,0,
2025,2025-09-19,2374,2019,Tyler Lockett,WR,296,0,
2025,2025-09-19,11617,11744,Malachi Corley,WR,72,0,
2025,2025-09-19,11616,11778,Jacob Cowing,WR,65,0,
2025,2025-09-19,11821,11936,Tahj Washington,WR,57,0,
2025,2025-09-19,3200,6747,Sterling Shepard,WR,39,0,
2025,2025-09-19,11645,11782,Javon Baker,WR,0,0,
2025,2025-09-19,13074,13218,Isaiah Neyor,WR,0,0,
2025,2025-09-19,4984,6170,Josh Allen,QB,6655,6851,
2025,2025-09-19,3198,5421,Derrick Henry,RB,4492,8236,
2025,2025-09-19,4035,4144,Alvin Kamara,RB,2915,4687,
2025,2025-09-19,8137,1436,George Pickens,WR,2869,1973,
2025,2025-09-19,12533,12697,Jacory Croskey-Merritt,RB,2684,2096,
2025,2025-09-19,2133,1503,Davante Adams,WR,2633,4138,
2025,2025-09-19,5947,2463,Jakobi Meyers,WR,2242,2439,
2025,2025-09-19,7611,4294,Rhamondre Stevenson,RB,1993,1393,
2025,2025-09-19,1479,1334,Keenan Allen,WR,1769,1820,
2025,2025-09-19,2449,3214,Stefon Diggs,WR,1672,938,
2025,2025-09-19,8121,2419,Romeo Doubs,WR,1532,338,
2025,2025-09-19,,3950,Hollywood Brown,WR,1409,588,no Sleeper match
2025,2025-09-19,1339,324,Zach Ertz,TE,1371,889,
2025,2025-09-19,8210,722,Chig Okonkwo,TE,1286,26,
2025,2025-09-19,421,3611,Matthew Stafford,QB,1100,207,
2025,2025-09-19,1426,4681,DeAndre Hopkins,WR,995,24,
2025,2025-09-19,11610,11770,Malik Washington,WR,924,0,
2025,2025-09-19,12510,12665,Jalen Milroe,QB,853,0,
2025,2025-09-19,6826,4857,Cole Kmet,TE,762,0,
2025,2025-09-19,8188,5858,Tyquan Thornton,WR,546,0,
2025,2025-09-19,6151,5455,Miles Sanders,RB,476,0,
2025,2025-09-19,4454,1449,Kendrick Bourne,WR,115,0,
2025,2025-09-19,11034,11113,Jalen Brooks,WR,0,0,
2025,2025-09-19,8172,3550,Greg Dulcich,TE,0,0,
2025,2025-09-19,4951,6012,DJ Chark,WR,0,0,
2025,2025-09-19,5248,4539,Gus Edwards,RB,0,0,
2025,2025-09-19,9479,9923,Darnell Washington,TE,0,0,
2025,2025-09-19,4351,4730,Tim Patrick,WR,0,0,
2025,2025-09-19,11636,11773,Johnny Wilson,WR,0,0,
