player_id,first_name,last_name,position,status,team
11533,Brandon,Aubrey,K,Active,DAL
9487,Parker,Washington,WR,Active,JAX
6918,Salvon,Ahmed,RB,Active,CHI
6786,CeeDee,Lamb,WR,Active,DAL
11584,Bucky,Irving,RB,Active,TB
11649,Kendall,Milton,RB,Active,CIN
6783,Jerry,Jeudy,WR,Active,CLE
13600,Tyren,Montgomery,WR,Active,TEN
11616,Jacob,Cowing,WR,Active,SF
4992,Dante,Pettis,WR,Active,SF
9504,Kayshon,Boutte,WR,Active,HOU
12507,Omarion,Hampton,RB,Active,LAC
11439,Jaleel,McLaughlin,RB,Active,CLE
13302,Adam,Randall,RB,Inactive,BAL
11629,Devontez,Walker,WR,Active,BAL
13295,Behren,Morton,QB,Active,NE
12493,Oronde,Gadsden,TE,Active,LAC
12699,LaJohntay,Wester,WR,Active,BAL
7553,Kyle,Pitts,TE,Active,ATL
5845,Dwayne,Haskins,QB,Active,PIT
11304,E.J.,Jenkins,TE,Active,PHI
19,Joe,Flacco,QB,Active,CIN
4054,Mo,Alie-Cox,TE,Active,IND
12848,Josh,Kelly,WR,Active,HOU
8698,Jake,Tonges,TE,Inactive,SF
12971,Ke'Shawn,Williams,WR,Active,CIN
6016,Dax,Raymond,TE,Active,PIT
11157,Brycen,Tremayne,WR,Active,CAR
8116,Pierre,Strong,RB,Active,GB
7585,Davis,Mills,QB,Active,HOU
8025,Adam,Prentice,FB,Active,DEN
2359,Ameer,Abdullah,RB,Active,JAX
5854,Drew,Lock,QB,Active,SEA
7593,Trey,Sermon,RB,Inactive,ATL
11579,Audric,Estime,RB,Active,MIN
HOU,Houston,Texans,DEF,,HOU
3294,Dak,Prescott,QB,Active,DAL
13301,Antonio,Williams,WR,Active,WAS
421,Matthew,Stafford,QB,Active,LAR
11636,Johnny,Wilson,WR,Inactive,PHI
8134,Khalil,Shakir,WR,Active,BUF
7828,Noah,Gray,TE,Active,KC
NE,New England,Patriots,DEF,,NE
11557,Joe,Milton,QB,Active,DAL
13898,Corey,Rucker,WR,Inactive,LV
5995,Justice,Hill,RB,Active,BAL
12925,Jamaal,Pritchett,WR,Active,NYJ
12517,Colston,Loveland,TE,Active,CHI
8138,James,Cook,RB,Active,BUF
7262,Jalen,Morton,QB,Active,IND
8119,Jahan,Dotson,WR,Active,ATL
13418,Robert,Henry,RB,Active,SEA
12542,Efton,Chism,WR,Active,NE
7049,Jauan,Jennings,WR,Active,MIN
8136,Rachaad,White,RB,Active,WAS
11610,Malik,Washington,WR,Active,MIA
4943,Sam,Darnold,QB,Active,SEA
10228,Charlie,Jones,WR,Active,NYG
829,Andy,Dalton,QB,Active,PHI
10222,Jayden,Reed,WR,Inactive,GB
11370,Chris,Brooks,RB,Active,GB
11574,Dylan,Laube,RB,Active,LV
6323,Andrew,Beck,RB,Active,NYJ
8111,Cade,Otton,TE,Active,TB
13957,Kenny,Fletcher,TE,Active,IND
3269,Chris,Moore,WR,Active,BAL
12374,Brenden,Bates,TE,Active,JAX
13554,CJ,Williams,WR,Active,JAX
13270,CJ,Daniels,WR,Active,LAR
11647,Kimani,Vidal,RB,Active,LAC
6045,Gary,Jennings,WR,Active,LAC
13273,Josh,Cuevas,TE,Active,BAL
13282,Jack,Endries,TE,Active,CIN
7608,Khalil,Herbert,RB,Active,ATL
4227,Harrison,Butker,K,Active,KC
8484,Ko,Kieft,TE,Active,TB
2471,Michael,Burton,FB,Active,CLE
9488,Jaxon,Smith-Njigba,WR,Active,SEA
9510,Lew,Nichols,RB,Active,PIT
11571,Isaiah,Davis,RB,Active,NYJ
7526,Jaylen,Waddle,WR,Active,DEN
13079,Jahdae,Walker,WR,Active,CHI
13047,Jacardia,Wright,RB,Active,SEA
13318,Noah,Thomas,WR,Active,CIN
BAL,Baltimore,Ravens,DEF,,BAL
13380,Brenen,Thompson,WR,Active,LAC
2944,Matt,LaCosse,TE,Active,NE
13400,Justin,Joly,TE,Active,MIA
2197,Brandin,Cooks,WR,Active,SF
5870,Daniel,Jones,QB,Active,IND
13421,Eli,Raridon,TE,Active,NE
5844,T.J.,Hockenson,TE,Active,MIN
12961,Ryan,Fitzgerald,K,Active,CAR
10955,Chad,Ryland,K,Active,ARI
12529,TreVeyon,Henderson,RB,Active,NE
7933,Alex,Kessman,K,Active,CAR
13431,Miles,Kitselman,TE,Active,DET
13310,Miller,Moss,QB,Active,CHI
5957,Isaac,Nauta,TE,Inactive,GB
13268,Elijah,Sarratt,WR,Active,BAL
12535,Isaac,TeSlaa,WR,Active,DET
6790,D'Andre,Swift,RB,Active,CHI
1373,Geno,Smith,QB,Active,NYJ
12491,Corey,Kiner,RB,Active,NE
6768,Tua,Tagovailoa,QB,Active,ATL
6130,Devin,Singletary,RB,Active,NYG
5004,Ito,Smith,RB,Active,DAL
12356,Jabari,Small,RB,Active,DET
6904,Jalen,Hurts,QB,Active,PHI
13905,Omari,Evans,WR,Active,KC
7538,Zach,Wilson,QB,Active,NO
11635,Ladd,McConkey,WR,Active,LAC
13347,Demond,Claiborne,RB,Active,MIN
12475,Ricky,White,WR,Active,SEA
8154,Brian,Robinson,RB,Active,ATL
11806,Casey,Washington,WR,Active,CAR
11273,Ben,VanSumeren,RB,Active,KC
7583,Sam,Ehlinger,QB,Active,DEN
13438,DeaMonte,Trayanum,RB,Inactive,NYJ
11510,Hunter,Luepke,FB,Active,DAL
4744,Barrett,Burns,TE,Active,BAL
11620,Rome,Odunze,WR,Active,CHI
10232,Michael,Wilson,WR,Active,ARI
PIT,Pittsburgh,Steelers,DEF,,PIT
6804,Jordan,Love,QB,Active,GB
5121,Braxton,Berrios,WR,Inactive,NYG
7093,Adrian,Killins,RB,Inactive,DEN
6083,Matt,Gay,K,Active,LV
IND,Indianapolis,Colts,DEF,,IND
8147,John,Metchie,WR,Active,CAR
13342,John Michael,Gyllenborg,TE,Inactive,KC
11592,Erick,All,TE,Active,CIN
7496,Nick,Westbrook-Ikhine,WR,Active,IND
3634,Kalif,Raymond,WR,Active,CHI
11520,Lucky,Jackson,WR,Active,DET
13833,Dominic,Zvada,K,Active,NYG
4574,Cooper,Rush,QB,Active,ATL
9998,Hendon,Hooker,QB,Active,TEN
8500,John,FitzPatrick,TE,Active,CLE
4037,Chris,Godwin,WR,Active,TB
13516,Max,Bredeson,RB,Active,MIN
5906,Dawson,Knox,TE,Active,BUF
7812,Simi,Fehoko,WR,Active,ARI
12908,Chandler,Brayboy,WR,Active,NE
7066,K.J.,Osborn,WR,Active,TEN
1979,Blake,Bortles,QB,Active,NO
260,Josh,Johnson,QB,Active,CIN
13557,Athan,Kaliakmanis,QB,Active,WAS
13846,Jack,Velling,TE,Active,ATL
8259,Cameron,Dicker,K,Active,LAC
10220,Will,Mallory,TE,Inactive,IND
13249,Thomas,Gordon,TE,Active,DET
8205,Isiah,Pacheco,RB,Inactive,DET
1166,Kirk,Cousins,QB,Active,LV
8110,Jake,Ferguson,TE,Active,DAL
7842,Luke,Farrell,TE,Active,SF
7048,Benny,LeMay,RB,Active,CLE
3239,Bronson,Kaufusi,TE,Active,GB
1339,Zach,Ertz,TE,Active,PHI
11280,Brady,Russell,RB,Active,SEA
11589,Trey,Benson,RB,Inactive,ARI
13173,Jimmy,Holiday,WR,Inactive,KC
10867,Jake,Bobo,WR,Inactive,SEA
8131,Isaiah,Likely,TE,Active,NYG
4046,Patrick,Mahomes,QB,Active,KC
ARI,Arizona,Cardinals,DEF,,ARI
3286,Demarcus,Robinson,WR,Inactive,SF
11608,Isaiah,Williams,WR,Active,NYJ
12524,Shedeur,Sanders,QB,Active,CLE
SEA,Seattle,Seahawks,DEF,,SEA
7564,Ja'Marr,Chase,WR,Active,CIN
8177,Grant,Calcaterra,TE,Inactive,PHI
8125,Calvin,Austin,WR,Inactive,NYG
7746,Austin,Trammell,WR,Active,JAX
7587,Dyami,Brown,WR,Active,WAS
13422,Jaren,Kanak,TE,Inactive,TEN
LV,Las Vegas,Raiders,DEF,,LV
7839,Evan,McPherson,K,Active,CIN
8117,Jalen,Tolbert,WR,Active,MIA
6797,Justin,Herbert,QB,Active,LAC
5781,Malik,Turner,WR,Active,SF
6801,Tee,Higgins,WR,Active,CIN
10859,Sam,LaPorta,TE,Active,DET
12792,Garrett,Greene,QB,Active,TB
812,Lee,Smith,TE,Active,ATL
13964,Myles,Montgomery,RB,Inactive,NE
6386,Alex,Bachman,WR,Active,LAR
4443,Pharaoh,Brown,TE,Active,IND
11237,Jacob,Saylors,RB,Active,DET
8414,Britain,Covey,WR,Active,PHI
8523,Nick,Muse,TE,Active,ATL
9501,DeMario,Douglas,WR,Active,NE
8180,Jalen,Nailor,WR,Active,LV
1737,Case,Keenum,QB,Active,CHI
12519,Luther,Burden,WR,Active,CHI
9486,Dontayvion,Wicks,WR,Active,PHI
NYJ,New York,Jets,DEF,,NYJ
13199,Montorie,Foster,WR,Active,SEA
12455,Brashard,Smith,RB,Active,KC
4881,Lamar,Jackson,QB,Active,BAL
13428,Joey,Aguilar,QB,Active,JAX
13349,Eli,Stowers,TE,Inactive,PHI
11618,Jalen,McMillan,WR,Inactive,TB
4219,Jeremy,McNichols,RB,Inactive,WAS
10983,Sean,Clifford,QB,Active,CIN
2133,Davante,Adams,WR,Active,LAR
96,Aaron,Rodgers,QB,Active,PIT
5872,Deebo,Samuel,WR,Active,SF
9480,Brenton,Strange,TE,Active,JAX
12545,Tyler,Shough,QB,Active,NO
827,Tyrod,Taylor,QB,Active,GB
6650,Chase,McLaughlin,K,Active,TB
4892,Baker,Mayfield,QB,Active,TB
4137,James,Conner,RB,Inactive,ARI
13432,Khalil,Dinkins,TE,Active,SF
8145,Jeremy,Ruckert,TE,Active,NYJ
12518,Tyler,Warren,TE,Active,IND
11261,Andre,Szmyt,K,Active,CLE
13264,Dohnte,Meyers,WR,Active,CIN
13330,Kenyon,Sadiq,TE,Active,NYJ
9506,Sean,Tucker,RB,Active,TB
7607,Michael,Carter,RB,Active,TEN
8167,Christian,Watson,WR,Active,GB
12897,Nate,Carter,RB,Active,KC
5223,Caleb,Scott,WR,Active,TEN
9999,Will,Levis,QB,Active,NYJ
12509,Tre',Harris,WR,Active,LAC
5947,Jakobi,Meyers,WR,Active,JAX
14026,DJ,Herman,RB,Active,MIA
11651,Isaac,Guerendo,RB,Active,SF
14020,Dean,Patterson,WR,Active,TB
13272,Carson,Beck,QB,Active,ARI
12700,Gavin,Bartholomew,TE,Active,MIN
3271,Tyler,Higbee,TE,Active,LAR
12761,Jordan,Moore,WR,Active,CIN
11638,Ricky,Pearsall,WR,Inactive,SF
12514,Emeka,Egbuka,WR,Active,TB
13292,Lake,McRee,TE,Active,PIT
7569,Nico,Collins,WR,Active,HOU
13582,Anthony,Smith,WR,Active,DAL
6659,Craig,Reynolds,RB,Active,WAS
9228,Bryce,Young,QB,Active,CAR
12487,Terrance,Ferguson,TE,Inactive,LAR
DAL,Dallas,Cowboys,DEF,,DAL
5973,Josh,Oliver,TE,Inactive,MIN
8408,Jordan,Mason,RB,Inactive,MIN
12884,Quincy,Skinner,WR,Active,GB
13603,Gregory,Desrosiers,RB,Active,LAC
11650,Luke,McCaffrey,WR,Active,WAS
4195,Jake,Elliott,K,Active,PHI
13296,Caleb,Douglas,WR,Active,MIA
7021,Rico,Dowdle,RB,Active,PIT
11895,Mason,Tipton,WR,Active,NO
11630,Roman,Wilson,WR,Active,PIT
7083,Tyler,Huntley,QB,Active,BAL
12735,Caleb,Lohner,TE,Inactive,DEN
8137,George,Pickens,WR,Active,DAL
8135,Treylon,Burks,WR,Active,WAS
7694,Tommy,Tremble,TE,Active,CAR
9484,Tucker,Kraft,TE,Active,GB
10215,Jake,Haener,QB,Active,NYG
11597,Theo,Johnson,TE,Active,NYG
11576,Braelon,Allen,RB,Active,NYJ
13325,Jordan,Hudson,WR,Active,DAL
7596,Elijah,Moore,WR,Active,PHI
8799,Zaire,Mitchell-Paden,TE,Active,HOU
8146,Garrett,Wilson,WR,Active,NYJ
4663,Austin,Ekeler,RB,Active,WAS
9511,Keaton,Mitchell,RB,Active,LAC
13311,Chris,Bell,WR,Active,MIA
7521,Chris,Blair,WR,Active,ATL
12543,Tahj,Brooks,RB,Active,CIN
13299,Nate,Boerkircher,TE,Active,JAX
8208,Tyler,Badie,RB,Active,DEN
1604,Nick,Williams,WR,Active,DEN
WAS,Washington,Commanders,DEF,,WAS
11586,Blake,Corum,RB,Active,LAR
8225,Daniel,Bellinger,TE,Active,TEN
5938,Lil'Jordan,Humphrey,WR,Active,DEN
12504,Kaleb,Johnson,RB,Active,GB
12079,Treyton,Welch,TE,Active,NO
12474,Woody,Marks,RB,Active,HOU
11644,Cody,Schrader,RB,Active,DEN
6465,Thomas,Ives,WR,Inactive,CHI
8206,Skylar,Thompson,QB,Inactive,BAL
12171,British,Brooks,RB,Inactive,HOU
8013,Tim,Jones,WR,Active,JAX
13074,Isaiah,Neyor,WR,Active,GB
13415,Haynes,King,QB,Active,CAR
6185,Easton,Stick,QB,Active,TB
LAC,Los Angeles,Chargers,DEF,,LAC
2216,Mike,Evans,WR,Active,SF
7562,Tutu,Atwell,WR,Active,LAR
7149,Tommy,Stevens,TE,Active,NYG
8132,Tyler,Allgeier,RB,Active,ARI
12523,Jimmy,Horn,WR,Active,CLE
13401,Michael,Trigg,TE,Active,DAL
8254,Julius,Chestnut,RB,Active,TEN
5288,Donnie,Ernsberger,TE,Inactive,TEN
8107,Nikola,Kalinic,TE,Inactive,CHI
12489,RJ,Harvey,RB,Active,DEN
8223,Velus,Jones,WR,Active,SEA
7535,Hunter,Long,TE,Active,ARI
12482,Savion,Williams,WR,Inactive,GB
8088,Kalif,Jackson,TE,Active,MIA
11384,Owen,Wright,RB,Active,LV
13423,Eli,Heidenreich,RB,Active,PIT
13424,Seth,McGowan,RB,Active,IND
8253,Deven,Thompkins,WR,Active,LV
8861,Irv,Charles,WR,Inactive,SEA
4351,Tim,Patrick,WR,Inactive,NYJ
12909,Eli,Pancol,WR,Active,IND
13335,Cole,Payton,QB,Active,PHI
9220,Evan,Hull,RB,Active,ARI
11596,Ben,Sinnott,TE,Active,WAS
1706,Jack,Doyle,TE,Active,IND
3198,Derrick,Henry,RB,Active,BAL
4926,Nick,Schuessler,QB,Active,PIT
12522,Cam,Ward,QB,Active,TEN
12496,Tai,Felton,WR,Active,MIN
12656,Robbie,Ouzts,RB,Inactive,SEA
6847,Devin,Duvernay,WR,Active,ARI
14071,Grant,Finley,FB,Active,NYG
9493,Puka,Nacua,WR,Active,LAR
13321,Dan,Villari,TE,Active,LAR
13968,Drew,Stevens,K,Active,WAS
10226,Andrei,Iosivas,WR,Inactive,CIN
13116,Tre,Watson,TE,Active,MIA
12765,Keleki,Latu,TE,Active,BUF
11617,Malachi,Corley,WR,Active,CLE
TB,Tampa Bay,Buccaneers,DEF,,TB
4981,Calvin,Ridley,WR,Active,TEN
7946,Jack,Stoll,TE,Active,SF
13417,De'Zhaun,Stribling,WR,Inactive,SF
10224,Brayden,Willis,TE,Active,SF
8160,Kenny,Pickett,QB,Active,CAR
9479,Darnell,Washington,TE,Active,PIT
11577,Will,Shipley,RB,Active,PHI
12540,Chimere,Dike,WR,Active,TEN
CLE,Cleveland,Browns,DEF,,CLE
13307,Marlin,Klein,TE,Active,HOU
5859,A.J.,Brown,WR,Inactive,NE
4034,Christian,McCaffrey,RB,Active,SF
6699,Gunner,Olszewski,WR,Inactive,NYG
4263,Elijah,McGuire,RB,Active,KC
7591,Justin,Fields,QB,Active,KC
4866,Saquon,Barkley,RB,Active,PHI
8170,James,Mitchell,TE,Active,DAL
5119,Jason,Sanders,K,Active,NYJ
5967,Tony,Pollard,RB,Active,TEN
8076,Michael,Bandy,WR,Active,DEN
12756,Stephen,Gosnell,WR,Active,BUF
12048,George,Holani,RB,Active,SEA
12888,Dalen,Cambre,WR,Active,NYG
13353,Chris,Brazzell,WR,Inactive,CAR
12641,Jaylin,Lane,WR,Active,WAS
10213,Tre,Tucker,WR,Active,LV
13696,Ja'Mori,Maclin,WR,Active,BUF
8130,Trey,McBride,TE,Active,ARI
13286,Jadarian,Price,RB,Inactive,SEA
7536,Quintin,Morris,TE,Active,JAX
13339,Davon,Booth,RB,Active,IND
8142,Alec,Pierce,WR,Inactive,IND
11648,Kedon,Slovis,QB,Active,GB
3214,Hunter,Henry,TE,Active,NE
3976,Mitchell,Trubisky,QB,Active,TEN
13416,Roman,Hemby,RB,Active,LV
13356,Trebor,Pena,WR,Active,JAX
7523,Trevor,Lawrence,QB,Active,JAX
12508,Jaxson,Dart,QB,Inactive,NYG
4066,Evan,Engram,TE,Active,DEN
13670,Harrison,Wallace,WR,Active,ARI
12533,Jacory,Croskey-Merritt,RB,Active,WAS
3048,Chris,Manhertz,TE,Active,NYG
12787,Josh,Williams,RB,Active,TB
8227,Teagan,Quitoriano,TE,Active,ARI
11565,J.J.,McCarthy,QB,Active,NYG
8220,Sincere,McCormick,RB,Active,SF
8676,Rashid,Shaheed,WR,Active,SEA
13285,Malachi,Fields,WR,Active,NYG
6271,Olamide,Zaccheaus,WR,Active,ATL
13392,Jeff,Caldwell,WR,Inactive,KC
6866,KJ,Hill,WR,Active,LAC
11792,Will,Reichard,K,Active,MIN
6920,Isaiah,Hodgins,WR,Active,PIT
12527,Ashton,Jeanty,RB,Active,LV
10225,Jonathan,Mingo,WR,Active,DAL
12470,Riley,Leonard,QB,Active,IND
12473,Mitchell,Evans,TE,Active,CAR
ATL,Atlanta,Falcons,DEF,,ATL
10219,Chris,Rodriguez,RB,Active,JAX
13277,CJ,Donaldson,RB,Active,NO
4983,DJ,Moore,WR,Active,BUF
12460,Antwane,Wells,WR,Active,ATL
5022,Dallas,Goedert,TE,Active,PHI
CAR,Carolina,Panthers,DEF,,CAR
13042,Xavier,Guillory,WR,Active,BAL
13414,Kaelon,Black,RB,Active,SF
8755,Kaden,Davis,WR,Active,CHI
12495,Ollie,Gordon,RB,Active,MIA
4602,Robert,Tonyan,TE,Active,PIT
4189,Eric,Saubert,TE,Active,SEA
12863,Andrew,Armstrong,WR,Active,KC
5133,Tyler,Conklin,TE,Active,DET
8917,KaVontae,Turpin,WR,Active,DAL
11655,Tyrone,Tracy,RB,Active,NYG
12775,Max,Brosmer,QB,Active,MIN
12901,Patrick,Herbert,TE,Active,LAC
10229,Rashee,Rice,WR,Active,KC
3050,Myles,White,WR,Active,NYJ
JAX,Jacksonville,Jaguars,DEF,,JAX
9226,De'Von,Achane,RB,Inactive,MIA
9494,Marvin,Mims,WR,Active,DEN
11559,Michael,Penix,QB,Active,ATL
13279,Carnell,Tate,WR,Active,TEN
4993,Mike,Gesicki,TE,Active,CIN
LAR,Los Angeles,Rams,DEF,,LAR
12928,Amar,Johnson,RB,Active,LAC
12113,Thomas,Yassmin,TE,Inactive,GB
11627,Troy,Franklin,WR,Active,DEN
1592,Darren,Fells,TE,Active,TB
3868,Jalen,Richard,RB,Active,LV
13151,Nick,Kallerup,TE,Active,SEA
13287,Jeremiyah,Love,RB,Active,ARI
6869,Adam,Trautman,TE,Active,DEN
13830,Kyle,Dixon,WR,Active,NE
9509,Bijan,Robinson,RB,Active,ATL
7525,DeVonta,Smith,WR,Active,PHI
11292,Tommy,DeVito,QB,Active,NE
12476,Devin,Neal,RB,Active,MIN
12511,Will,Howard,QB,Active,PIT
8002,Shane,Buechele,QB,Active,BUF
13355,DJ,Rogers,TE,Inactive,DAL
8207,Tyler,Goodson,RB,Active,DAL
12490,Bhayshul,Tuten,RB,Active,JAX
1945,Chris,Boswell,K,Active,PIT
12457,Jaydon,Blue,RB,Active,PHI
12548,Lenny,Krieg,K,Active,GB
7039,Cody,White,WR,Active,LV
8112,Drake,London,WR,Active,ATL
11632,Malik,Nabers,WR,Active,NYG
4177,Mack,Hollins,WR,Active,NE
13825,Malik,McClain,WR,Active,NYJ
12983,Brock,Lampe,FB,Active,BUF
5848,Marquise,Brown,WR,Active,PHI
11371,Julian,Hill,TE,Inactive,NE
8250,Tay,Martin,WR,Active,DET
13662,Will,Pauling,WR,Active,SF
12715,Thomas,Fidone,TE,Active,NYG
10857,Stetson,Bennett,QB,Active,LAR
9229,Anthony,Richardson,QB,Active,IND
6770,Joe,Burrow,QB,Active,CIN
11624,Xavier,Worthy,WR,Active,KC
11994,Kameron,Johnson,WR,Active,TB
10227,Payne,Durham,TE,Active,TB
10214,Davis,Allen,TE,Active,LAR
4179,Joshua,Dobbs,QB,Active,DET
10866,Aidan,O'Connell,QB,Active,LV
6037,Brett,Rypien,QB,Active,TB
12499,Elic,Ayomanor,WR,Active,TEN
13013,Mark,Redman,TE,Active,GB
11201,Blake,Whiteheart,TE,Active,CLE
13595,Cash,Jones,RB,Active,ATL
11299,Zavier,Scott,RB,Active,CHI
9221,Jahmyr,Gibbs,RB,Active,DET
13779,Al-Jay,Henderson,RB,Active,NYJ
3163,Jared,Goff,QB,Active,DET
4039,Cooper,Kupp,WR,Active,SEA
7610,Trey,Lance,QB,Active,LAC
12483,Jack,Bech,WR,Inactive,LV
NO,New Orleans,Saints,DEF,,NO
13313,Emmanuel,Henderson,WR,Active,SEA
7568,Brevin,Jordan,TE,Active,HOU
5985,Foster,Moreau,TE,Active,HOU
GB,Green Bay,Packers,DEF,,GB
13429,Seydou,Traore,TE,Active,MIA
3702,Andy,Jones,WR,Inactive,NYG
10234,Derius,Davis,WR,Active,LAC
7531,Feleipe,Franks,TE,Active,CAR
11786,Cam,Little,K,Active,JAX
8148,Jameson,Williams,WR,Active,DET
10444,Cedric,Tillman,WR,Active,NO
7090,Darnell,Mooney,WR,Active,NYG
6677,Joe,Forson,WR,Practice Squad,KC
4217,George,Kittle,TE,Active,SF
12480,Moliki,Matavao,TE,Inactive,NO
11628,Marvin,Harrison,WR,Active,ARI
4353,Patrick,Ricard,FB,Active,NYG
10210,Cameron,Latu,TE,Active,NE
2306,Jameis,Winston,QB,Active,NYG
4924,Zach,Terrell,QB,Active,BAL
13032,Marshall,Lang,TE,Active,MIN
1479,Keenan,Allen,WR,Active,IND
3258,Nick,Vannett,TE,Active,BAL
12477,Kurtis,Rourke,QB,Active,SF
7204,Reggie,Gilliam,RB,Active,NE
13394,Josh,Cameron,WR,Active,JAX
6167,Jordan,Scarlett,RB,Inactive,MIA
11595,Jared,Wiley,TE,Active,KC
12531,Trevor,Etienne,RB,Inactive,CAR
13705,Ty,Pezza,TE,Active,BAL
13545,Trey,Smack,K,Active,GB
12539,Arian,Smith,WR,Inactive,NYJ
6147,Clayton,Thorson,QB,Active,NYG
13275,Ty,Simpson,QB,Active,LAR
7087,Jonathan,Ward,RB,Active,BAL
12969,Lan,Larison,RB,Active,NE
8423,Brittain,Brown,RB,Inactive,CHI
11653,Charlie,Smyth,K,Active,NO
8183,Brock,Purdy,QB,Active,SF
13320,Zachariah,Branch,WR,Active,ATL
12541,Dont'e,Thornton,WR,Inactive,LV
12732,Dominic,Lovett,WR,Active,DET
7891,Brock,Wright,TE,Active,DET
13269,Fernando,Mendoza,QB,Active,LV
13420,Bryce,Lance,WR,Active,NO
11593,Brevyn,Spann-Ford,TE,Active,DAL
12512,Quinshon,Judkins,RB,Active,CLE
12634,Jordan,Watkins,WR,Active,SF
13124,Jeremiah,Webb,WR,Inactive,NE
7103,Tavien,Feaster,RB,Active,ARI
4930,Franko,House,TE,Active,CHI
13405,Kaytron,Allen,RB,Active,WAS
8181,Connor,Heyward,RB,Active,LV
8151,Kenneth,Walker,RB,Active,KC
10236,Dalton,Kincaid,TE,Active,BUF
12062,Cam,Grandy,TE,Active,MIN
7547,Amon-Ra,St. Brown,WR,Active,DET
11474,Dylan,Drummond,WR,Active,ATL
13413,Cyrus,Allen,WR,Active,KC
12829,Coleman,Owen,WR,Active,GB
12773,DJ,Uiagalelei,QB,Active,LAC
12718,Konata,Mumpfield,WR,Active,LAR
9481,Luke,Musgrave,TE,Active,GB
13419,Jaydn,Ott,RB,Active,KC
12939,Anthony,Tyus,RB,Active,CAR
8129,Dameon,Pierce,RB,Active,PHI
13281,Jordyn,Tyson,WR,Inactive,NO
11581,MarShawn,Lloyd,RB,Active,GB
13303,Cade,Klubnik,QB,Active,NYJ
13962,Cameron,Dorner,WR,Active,NE
4147,Samaje,Perine,RB,Active,CIN
14058,Malick,Meiga,WR,Active,SEA
12538,Brady,Cook,QB,Active,MIA
13010,Jordan,Waters,RB,Active,LAR
7720,Kene,Nwangwu,RB,Active,NYJ
13726,Camden,Brown,WR,Active,DAL
12536,Jaylin,Noel,WR,Active,HOU
10223,Eric,Gray,RB,Active,CLE
12492,Pat,Bryant,WR,Active,DEN
6826,Cole,Kmet,TE,Active,CHI
12526,Tetairoa,McMillan,WR,Active,CAR
11058,Blake,Grupe,K,Active,NYJ
13276,Omar,Cooper,WR,Inactive,NYJ
11210,Malik,Heath,WR,Active,ATL
13121,Ben,Yurosek,TE,Inactive,MIN
3678,Wil,Lutz,K,Active,DEN
1984,Allen,Hurns,WR,Active,MIA
13760,Jaden,Bradley,WR,Active,WAS
11563,Bo,Nix,QB,Active,DEN
2449,Stefon,Diggs,WR,Active,WAS
7567,Kenny,Gainwell,RB,Active,TB
6540,DeAndre,Thompkins,WR,Inactive,GB
7543,Travis,Etienne,RB,Inactive,NO
12217,Shawn,Bowman,TE,Active,ARI
13804,Kansei,Matsuzawa,K,Active,LV
6001,Drew,Sample,TE,Active,CIN
7757,Ben,Skowronek,WR,Active,PIT
8583,Stone,Smartt,TE,Active,NO
13343,Vinny,Anthony,WR,Active,ATL
6109,Alec,Ingold,FB,Active,LAC
11260,Robert,Burns,FB,Active,CHI
12984,CJ,Dippre,TE,Active,TB
9508,Tyjae,Spears,RB,Active,TEN
11570,Rasheen,Ali,RB,Active,BAL
12534,Kyle,Monangai,RB,Active,CHI
8195,Ronnie,Rivers,RB,Inactive,LAR
13890,Michael,Briscoe,WR,Active,MIN
1642,Levine,Toilolo,TE,Inactive,NYG
13597,Matthew,Caldwell,QB,Inactive,LAR
8849,Tanner,Conner,TE,Active,NE
13533,Barion,Brown,WR,Active,NO
5189,Eddy,Pineiro,K,Active,SF
13337,Emmett,Johnson,RB,Active,KC
13101,Gage,Larvadain,WR,Active,BAL
11631,Brian,Thomas,WR,Active,JAX
5892,David,Montgomery,RB,Active,HOU
2118,Eric,Ebron,TE,Inactive,PIT
13150,Darius,Cooper,WR,Active,PHI
11583,Jonathon,Brooks,RB,Inactive,CAR
5127,Kyle,Allen,QB,Active,BUF
12497,Tory,Horton,WR,Active,SEA
12469,Dylan,Sampson,RB,Inactive,CLE
13336,Dane,Key,WR,Active,DEN
4274,David,Moore,WR,Active,CAR
13179,Ja'seem,Reed,WR,Active,CAR
13834,Cody,Hardy,TE,Active,NYJ
13425,Jalon,Daniels,QB,Active,TB
8219,Jelani,Woods,TE,Active,NYJ
MIA,Miami,Dolphins,DEF,,MIA
13297,Reggie,Virgil,WR,Active,ARI
7075,Charlie,Woerner,TE,Active,ATL
12502,Gunnar,Helm,TE,Active,TEN
7571,Rashod,Bateman,WR,Active,BAL
13577,Dallen,Bentley,TE,Active,DEN
8924,Thomas,Odukoya,TE,Active,KC
11306,Xavier,Gipson,WR,Active,PHI
5927,Terry,McLaurin,WR,Active,WAS
4199,Aaron,Jones,RB,Active,MIN
4950,Christian,Kirk,WR,Inactive,SF
12472,Raheim,Sanders,RB,Active,CLE
12865,AJ,Henning,WR,Active,MIA
11646,Jalen,Coker,WR,Active,CAR
13316,Eric,Rivers,WR,Active,TB
4454,Kendrick,Bourne,WR,Active,ARI
12498,Mason,Taylor,TE,Active,NYJ
12481,Cam,Skattebo,RB,Active,NYG
10218,Xavier,Hutchinson,WR,Active,HOU
6154,David,Sills,WR,Inactive,TB
6931,DeeJay,Dallas,RB,Active,MIN
11623,Jordan,Whittington,WR,Active,LAR
4995,Ian,Thomas,TE,Active,LV
9225,Tank,Bigsby,RB,Inactive,PHI
DET,Detroit,Lions,DEF,,DET
4018,Joe,Mixon,RB,Active,SEA
13411,Zavion,Thomas,WR,Active,CHI
11603,AJ,Barner,TE,Active,SEA
13407,Carson,Towt,TE,Inactive,IND
13348,J'Mari,Taylor,RB,Active,JAX
BUF,Buffalo,Bills,DEF,,BUF
9757,Kendre,Miller,RB,Active,NO
7670,Joshua,Palmer,WR,Active,BUF
7611,Rhamondre,Stevenson,RB,Active,NE
12547,Kyle,Williams,WR,Active,NE
3333,Temarrick,Hemingway,TE,Active,WAS
8150,Kyren,Williams,RB,Active,LAR
PHI,Philadelphia,Eagles,DEF,,PHI
8121,Romeo,Doubs,WR,Active,NE
3161,Carson,Wentz,QB,Active,MIN
12705,Graham,Mertz,QB,Inactive,HOU
7600,Pat,Freiermuth,TE,Active,PIT
8527,Dareke,Young,WR,Active,LV
11199,Emari,Demercado,RB,Active,DAL
12860,Theo,Wease,WR,Active,LAC
4922,Garrett,Scantling,WR,Active,ATL
12486,Dillon,Gabriel,QB,Inactive,CLE
10212,Josh,Whyle,TE,Active,GB
11381,Travis,Vokolek,TE,Active,ARI
8161,Malik,Willis,QB,Active,MIA
11729,Sione,Vaki,RB,Active,DET
8228,Jaylen,Warren,RB,Active,PIT
11562,Spencer,Rattler,QB,Active,NO
8230,Ty,Chandler,RB,Inactive,NO
6011,Gardner,Minshew,QB,Active,ARI
SF,San Francisco,49ers,DEF,,SF
6136,Jarrett,Stidham,QB,Active,DEN
12494,Kyle,McCord,QB,Active,MIA
11626,Xavier,Legette,WR,Inactive,CAR
11582,Carson,Steele,RB,Active,PHI
11637,Keon,Coleman,WR,Active,BUF
11573,Frank,Gore,RB,Active,BUF
13408,Tanner,Koziol,TE,Active,JAX
12817,Jake,Briningstool,TE,Active,KC
5857,Noah,Fant,TE,Active,NO
12500,Quinn,Ewers,QB,Active,JAX
5154,Trent,Sherfield,WR,Active,BUF
9224,Chase,Brown,RB,Active,CIN
12520,Xavier,Restrepo,WR,Active,TEN
8204,Bo,Melton,WR,Active,GB
13477,Colbie,Young,WR,Active,CIN
12521,Elijah,Arroyo,TE,Active,SEA
4914,Glen,Coffee,RB,Active,SF
5012,Mark,Andrews,TE,Active,BAL
12484,Jayden,Higgins,WR,Inactive,HOU
7595,Tylan,Wallace,WR,Active,CLE
13645,Michael,Wortham,WR,Active,JAX
13404,Garrett,Nussmeier,QB,Active,KC
5282,Duplicate,Player,WR,Inactive,CHI
11942,Colson,Yankoff,TE,Active,WAS
13436,Kentrel,Bullock,RB,Active,CIN
3202,Austin,Hooper,TE,Active,ATL
6794,Justin,Jefferson,WR,Active,MIN
11377,Tyrell,Shavers,WR,Active,BUF
11600,Ja'Tavion,Sanders,TE,Active,CAR
12713,Andy,Borregales,K,Active,NE
9230,Tanner,McKee,QB,Active,PHI
5008,Durham,Smythe,TE,Active,BAL
9754,Quentin,Johnston,WR,Active,LAC
NYG,New York,Giants,DEF,,NYG
13288,Nicholas,Singleton,RB,Active,TEN
6453,D.J.,Montgomery,WR,Inactive,IND
12503,Isaiah,Bond,WR,Active,CLE
TEN,Tennessee,Titans,DEF,,TEN
13433,Riley,Nowakowski,TE,Active,PIT
13210,Drake,Dabney,TE,Active,GB
7618,Micah,Simon,WR,Active,CAR
11625,Adonai,Mitchell,WR,Active,NYJ
12389,Hayden,Rucci,TE,Active,LAC
13274,Germie,Bernard,WR,Active,PIT
12471,DJ,Giddens,RB,Active,IND
12467,Jordan,James,RB,Active,SF
8144,Chris,Olave,WR,Active,NO
13305,Mike,Washington,RB,Active,LV
6529,Chris,Myarick,TE,Active,LV
4984,Josh,Allen,QB,Active,BUF
12938,Jackson,Meeks,TE,Active,DET
4937,Al,Riles,WR,Active,IND
650,Nick,Folk,K,Active,ATL
9500,Josh,Downs,WR,Active,IND
11762,Anthony,Gould,WR,Active,IND
7602,Kylen,Granson,TE,Active,TEN
12516,Kalel,Mullings,RB,Active,TEN
12357,David,Martin-Robinson,TE,Active,TEN
3668,Joshua,Perkins,TE,Active,NYJ
13315,Dean,Connors,RB,Active,LAR
6039,Ty,Johnson,RB,Active,BUF
6803,Brandon,Aiyuk,WR,Active,SF
12544,LeQuint,Allen,RB,Active,JAX
9997,Zay,Flowers,WR,Active,BAL
8172,Greg,Dulcich,TE,Active,MIA
12506,Harold,Fannin,TE,Active,CLE
11421,Ryan,Miller,WR,Active,MIA
7050,Josiah,Deguara,TE,Active,PHI
4144,Jonnu,Smith,TE,Active,GB
13346,Denzel,Boston,WR,Active,CLE
8126,Wan'Dale,Robinson,WR,Active,TEN
8249,Lucas,Krull,TE,Active,DEN
13712,Hayden,Large,TE,Inactive,CHI
13345,Jonah,Coleman,RB,Inactive,DEN
6853,Van,Jefferson,WR,Active,WAS
13293,Ja'Kobi,Lane,WR,Inactive,BAL
8489,Drew,Ogletree,TE,Active,IND
4451,Isaac,Whitney,WR,Inactive,ARI
6528,Joey,Slye,K,Active,TEN
13122,Carter,Runyon,TE,Inactive,LV
8168,Skyy,Moore,WR,Active,GB
5045,Courtland,Sutton,WR,Active,DEN
9497,Jalin,Hyatt,WR,Active,NYG
1379,Kyle,Juszczyk,FB,Active,SF
CHI,Chicago,Bears,DEF,,CHI
9492,Trey,Palmer,WR,Active,NO
8122,Zonovan,Knight,RB,Active,ARI
7594,Chuba,Hubbard,RB,Active,CAR
11508,Princeton,Fant,TE,Inactive,DAL
11834,Devaughn,Vele,WR,Active,NO
13208,Kyrese,Rowan,WR,Active,NO
13402,Skyler,Bell,WR,Active,BUF
8127,Charlie,Kolar,TE,Active,LAC
12001,Lawrence,Keys,WR,Active,DET
3200,Sterling,Shepard,WR,Active,NYJ
6175,Kerrith,Whyte,RB,Active,GB
4718,Dare,Ogunbowale,RB,Active,HOU
7559,Ihmir,Smith-Marsette,WR,Active,CAR
11748,Bub,Means,WR,Active,CLE
5744,Eldridge,Massington,WR,Active,NO
8200,Kevin,Austin,WR,Active,NO
7528,Najee,Harris,RB,Active,NYG
CIN,Cincinnati,Bengals,DEF,,CIN
12711,Tyler,Loop,K,Active,BAL
9482,Michael,Mayer,TE,Active,LV
138,Ben,Roethlisberger,QB,Active,PIT
2020,Cairo,Santos,K,Active,CHI
7042,Tyler,Bass,K,Active,BUF
8800,Malik,Davis,RB,Inactive,DAL
13278,Max,Klare,TE,Active,LAR
11558,Sam,Hartman,QB,Active,WAS
10235,Roschon,Johnson,RB,Active,CHI
3451,Ka'imi,Fairbairn,K,Active,HOU
3155,Laquon,Treadwell,WR,Active,IND
8162,Sam,Howell,QB,Active,DAL
11560,Caleb,Williams,QB,Active,CHI
13434,Will,Kacmarek,TE,Active,MIA
6012,Travis,Homer,RB,Active,PIT
9490,Tyler,Scott,WR,Active,LV
4349,Taquan,Mizzell,RB,Inactive,NYG
6798,Jalen,Reagor,WR,Active,MIA
4035,Alvin,Kamara,RB,Active,NO
8756,Brandon,Johnson,WR,Active,PIT
11569,Jarquez,Hunter,RB,Active,MIA
11320,Nikko,Remigio,WR,Active,KC
13308,Bauer,Sharp,TE,Active,TB
11716,Tip,Reiman,TE,Active,ARI
13319,Oscar,Delp,TE,Active,NO
11783,Ryan,Flournoy,WR,Active,DAL
13862,Treyvhon,Saunders,WR,Active,HOU
4683,Aaron,Bailey,QB,Active,BAL
10871,Luke,Schoonmaker,TE,Active,DAL
11435,Emanuel,Wilson,RB,Active,SEA
12746,JP,Richardson,WR,Active,CHI
2747,Jason,Myers,K,Active,SEA
3257,Jacoby,Brissett,QB,Active,ARI
9758,C.J.,Stroud,QB,Active,HOU
10231,Elijah,Higgins,TE,Active,ARI
4972,Mason,Rudolph,QB,Active,PIT
9227,Israel,Abanikanda,RB,Active,DAL
11113,Joel,Wilson,TE,Active,TEN
5970,Greg,Dortch,WR,Active,BUF
13075,Myles,Price,WR,Active,MIN
DEN,Denver,Broncos,DEF,,DEN
11433,Nate,Adkins,TE,Active,DEN
9502,Tank,Dell,WR,Inactive,HOU
2307,Marcus,Mariota,QB,Active,WAS
11539,Jake,Bates,K,Active,DET
11056,Jared,Wayne,WR,Active,HOU
1466,Travis,Kelce,TE,Active,KC
6149,Darius,Slayton,WR,Active,IND
8214,Cole,Turner,TE,Inactive,MIA
4017,Deshaun,Watson,QB,Active,CLE
4464,Nick,Mullens,QB,Active,JAX
13011,Brennan,Presley,WR,Active,LAR
13329,Malik,Benson,WR,Active,LV
8139,Zamir,White,RB,Active,NO
11588,Jawhar,Jordan,RB,Active,HOU
5095,Daniel,Carlson,K,Active,NO
13630,Evan,Svoboda,TE,Active,LAC
12510,Jalen,Milroe,QB,Active,SEA
2505,Darren,Waller,TE,Active,CAR
11963,Chris,Collier,RB,Inactive,LV
11034,Jalen,Brooks,WR,Active,ARI
12045,Jack,Westover,TE,Active,WAS
6451,Stephen,Carlson,TE,Active,CHI
8210,Chig,Okonkwo,TE,Active,WAS
12670,KeAndre,Lambert-Smith,WR,Inactive,LAC
13306,Taylen,Green,QB,Active,CLE
11256,Tyson,Bagent,QB,Active,CHI
13770,J. Michael,Sturdivant,WR,Active,GB
5086,Marquez,Valdes-Scantling,WR,Active,LAC
4490,Wyatt,Houston,TE,Active,CAR
13317,Ted,Hurst,WR,Active,TB
13435,Joe,Royer,TE,Active,CLE
7865,Brandon,Smith,WR,Active,PIT
13580,Carsen,Ryan,TE,Active,CLE
5850,Josh,Jacobs,RB,Active,GB
9753,Zach,Charbonnet,RB,Inactive,SEA
12267,Qadir,Ismail,WR,Active,CHI
4314,Johnny,Mundt,TE,Active,PHI
7527,Mac,Jones,QB,Active,SF
13350,Joe,Fagnano,QB,Active,BAL
13491,Kaden,Wetjen,WR,Active,PIT
13289,Drew,Allar,QB,Active,PIT
11604,Brock,Bowers,TE,Active,LV
12826,Ulysses,Bentley,RB,Active,NO
11566,Jayden,Daniels,QB,Active,WAS
6588,Tom,Kennedy,WR,Active,DET
13338,Kevin,Coleman,WR,Active,MIA
13322,Sam,Roush,TE,Active,CHI
12015,Harrison,Mevis,K,Active,LAR
12185,Spencer,Shrader,K,Active,IND
13314,Luke,Altmyer,QB,Active,DET
5001,Dalton,Schultz,TE,Active,HOU
11643,Jaylen,Wright,RB,Active,MIA
13827,Tanner,Arkin,TE,Active,NE
12658,Jackson,Hawes,TE,Active,BUF
13602,Jack,Strand,QB,Active,ATL
12788,Will,Sheppard,WR,Active,MIA
11506,Jalen,Cropper,WR,Active,NO
12797,Ahmani,Marshall,RB,Active,CAR
9756,Jordan,Addison,WR,Active,MIN
4033,David,Njoku,TE,Inactive,LAC
13621,Dillon,Bell,WR,Active,MIN
13324,Matt,Hibner,TE,Active,BAL
13298,KC,Concepcion,WR,Active,CLE
13861,Daniel,Sobkowicz,WR,Active,HOU
5849,Kyler,Murray,QB,Active,MIN
5409,Tanner,Hudson,TE,Active,CIN
13663,Wesley,Grimes,WR,Active,SF
12889,Beaux,Collins,WR,Inactive,ATL
6960,Tyler,Johnson,WR,Active,NYJ
11068,Mitch,Tinsley,WR,Active,CIN
6819,Michael,Pittman,WR,Active,PIT
11575,Ray,Davis,RB,Active,BUF
7002,Juwan,Johnson,TE,Active,NO
12485,Tez,Johnson,WR,Active,TB
13981,Kolbe,Katsis,WR,Active,DEN
13541,Lewis,Bond,WR,Active,HOU
13913,Patrick,Gurd,TE,Active,LV
12738,Phil,Mafah,RB,Active,NYG
5846,DK,Metcalf,WR,Active,PIT
8155,Breece,Hall,RB,Active,NYJ
13879,Jameson,Geers,TE,Inactive,ARI
13437,Noah,Whittington,RB,Active,HOU
KC,Kansas City,Chiefs,DEF,,KC
6992,Michael,Warren,RB,Inactive,DET
7716,John,Bates,TE,Active,WAS
13333,Deion,Burks,WR,Active,IND
7868,Mason,Stokke,FB,Active,CAR
5638,Shaq,Roland,WR,Active,CHI
6427,Ashton,Dulin,WR,Active,IND
6806,J.K.,Dobbins,RB,Active,DEN
6813,Jonathan,Taylor,RB,Active,IND
11564,Drake,Maye,QB,Active,NE
6828,AJ,Dillon,RB,Active,CAR
11820,Devin,Culp,TE,Active,TB
7588,Javonte,Williams,RB,Active,DAL
MIN,Minnesota,Vikings,DEF,,MIN
11599,Cade,Stover,TE,Active,HOU
8188,Tyquan,Thornton,WR,Active,KC
4936,Skyler,Howard,QB,Active,SEA
2334,Phillip,Dorsett,WR,Active,LV
6865,Colby,Parkinson,TE,Active,LAR
13294,Makai,Lemon,WR,Active,PHI
7922,Riley,Patterson,K,Active,MIA
12505,Jalen,Royals,WR,Active,KC
12501,Matthew,Golden,WR,Active,GB
3309,Wendell,Smallwood,RB,Active,WAS
13412,Kendrick,Law,WR,Inactive,DET
