Year,LeagueID,LeagueName,RosterID,PSV,LastFinalRank,PSVPct,LastFinalPct,Prior,Basis,Dynasty,Wk1Proj,Wk1ProjPct,DynastyPct,LastFinalRankPct,Inputs
2026,1316899756005412864,NCAA BIG SKY,1,,83,,,0.6769,week-1 projections TeamProjectionsWk1_Historic.csv; final order 2025,,142.03,0.7039,,0.5419,wk1_proj+last_final
2026,1316899756005412864,NCAA BIG SKY,10,,176,,,0.0037,week-1 projections TeamProjectionsWk1_Historic.csv; final order 2025,,67.84,0.0,,0.0223,wk1_proj+last_final
2026,1316899756005412864,NCAA BIG SKY,11,,161,,,0.1015,week-1 projections TeamProjectionsWk1_Historic.csv; final order 2025,,108.94,0.1006,,0.1061,wk1_proj+last_final
2026,1316899756005412864,NCAA BIG SKY,12,,21,,,0.9302,week-1 projections TeamProjectionsWk1_Historic.csv; final order 2025,,156.73,0.9385,,0.8883,wk1_proj+last_final
2026,1316899756005412864,NCAA BIG SKY,2,,110,,,0.4097,week-1 projections TeamProjectionsWk1_Historic.csv; final order 2025,,129.72,0.4134,,0.3911,wk1_proj+last_final
2026,1316899756005412864,NCAA BIG SKY,3,,11,,,0.9488,week-1 projections TeamProjectionsWk1_Historic.csv; final order 2025,,157.62,0.9497,,0.9441,wk1_proj+last_final
2026,1316899756005412864,NCAA BIG SKY,4,,115,,,0.1769,week-1 projections TeamProjectionsWk1_Historic.csv; final order 2025,,112.95,0.1397,,0.3631,wk1_proj+last_final
2026,1316899756005412864,NCAA BIG SKY,5,,162,,,0.1983,week-1 projections TeamProjectionsWk1_Historic.csv; final order 2025,,120.38,0.2179,,0.1006,wk1_proj+last_final
2026,1316899756005412864,NCAA BIG SKY,6,,13,,,0.9004,week-1 projections TeamProjectionsWk1_Historic.csv; final order 2025,,153.07,0.8939,,0.933,wk1_proj+last_final
2026,1316899756005412864,NCAA BIG SKY,7,,66,,,0.5764,week-1 projections TeamProjectionsWk1_Historic.csv; final order 2025,,135.56,0.5642,,0.6369,wk1_proj+last_final
2026,1316899756005412864,NCAA BIG SKY,8,,7,,,0.9804,week-1 projections TeamProjectionsWk1_Historic.csv; final order 2025,,164.55,0.9832,,0.9665,wk1_proj+last_final
2026,1316899756005412864,NCAA BIG SKY,9,,172,,,0.0168,week-1 projections TeamProjectionsWk1_Historic.csv; final order 2025,,70.93,0.0112,,0.0447,wk1_proj+last_final
2026,1316899936696016896,NCAA BIG 10,1,,145,,,0.5261,week-1 projections TeamProjectionsWk1_Historic.csv; final order 2025,,136.92,0.5922,,0.1955,wk1_proj+last_final
2026,1316899936696016896,NCAA BIG 10,10,,114,,,0.4385,week-1 projections TeamProjectionsWk1_Historic.csv; final order 2025,,131.0,0.4525,,0.3687,wk1_proj+last_final
2026,1316899936696016896,NCAA BIG 10,11,,45,,,0.8194,week-1 projections TeamProjectionsWk1_Historic.csv; final order 2025,,148.2,0.8324,,0.7542,wk1_proj+last_final
2026,1316899936696016896,NCAA BIG 10,12,,44,,,0.8063,week-1 projections TeamProjectionsWk1_Historic.csv; final order 2025,,148.05,0.8156,,0.7598,wk1_proj+last_final
2026,1316899936696016896,NCAA BIG 10,2,,32,,,0.8641,week-1 projections TeamProjectionsWk1_Historic.csv; final order 2025,,151.24,0.8715,,0.8268,wk1_proj+last_final
2026,1316899936696016896,NCAA BIG 10,3,,171,,,0.0503,week-1 projections TeamProjectionsWk1_Historic.csv; final order 2025,,98.15,0.0503,,0.0503,wk1_proj+last_final
2026,1316899936696016896,NCAA BIG 10,4,,147,,,0.175,week-1 projections TeamProjectionsWk1_Historic.csv; final order 2025,,117.65,0.1732,,0.1844,wk1_proj+last_final
2026,1316899936696016896,NCAA BIG 10,5,,128,,,0.3976,week-1 projections TeamProjectionsWk1_Historic.csv; final order 2025,,129.81,0.419,,0.2905,wk1_proj+last_final
2026,1316899936696016896,NCAA BIG 10,6,,64,,,0.378,week-1 projections TeamProjectionsWk1_Historic.csv; final order 2025,,127.03,0.324,,0.648,wk1_proj+last_final
2026,1316899936696016896,NCAA BIG 10,7,,8,,,0.9842,week-1 projections TeamProjectionsWk1_Historic.csv; final order 2025,,165.67,0.9888,,0.9609,wk1_proj+last_final
2026,1316899936696016896,NCAA BIG 10,8,,131,,,0.1667,week-1 projections TeamProjectionsWk1_Historic.csv; final order 2025,,113.81,0.1453,,0.2737,wk1_proj+last_final
2026,1316899936696016896,NCAA BIG 10,9,,35,,,0.3911,week-1 projections TeamProjectionsWk1_Historic.csv; final order 2025,,126.28,0.3073,,0.8101,wk1_proj+last_final
2026,1331774454493122560,NCAA WILD,1,,2,,,0.9665,week-1 projections TeamProjectionsWk1_Historic.csv; final order 2025,,161.73,0.9609,,0.9944,wk1_proj+last_final
2026,1331774454493122560,NCAA WILD,10,,9,,,0.9879,week-1 projections TeamProjectionsWk1_Historic.csv; final order 2025,,166.94,0.9944,,0.9553,wk1_proj+last_final
2026,1331774454493122560,NCAA WILD,11,,87,,,0.4078,week-1 projections TeamProjectionsWk1_Historic.csv; final order 2025,,128.94,0.3855,,0.5196,wk1_proj+last_final
2026,1331774454493122560,NCAA WILD,12,,120,,,0.6006,week-1 projections TeamProjectionsWk1_Historic.csv; final order 2025,,139.34,0.6536,,0.3352,wk1_proj+last_final
2026,1331774454493122560,NCAA WILD,2,,46,,,0.7393,week-1 projections TeamProjectionsWk1_Historic.csv; final order 2025,,143.42,0.7374,,0.7486,wk1_proj+last_final
2026,1331774454493122560,NCAA WILD,3,,113,,,0.3696,week-1 projections TeamProjectionsWk1_Historic.csv; final order 2025,,128.32,0.3687,,0.3743,wk1_proj+last_final
2026,1331774454493122560,NCAA WILD,4,,150,,,0.0419,week-1 projections TeamProjectionsWk1_Historic.csv; final order 2025,,80.73,0.0168,,0.1676,wk1_proj+last_final
2026,1331774454493122560,NCAA WILD,5,,101,,,0.4646,week-1 projections TeamProjectionsWk1_Historic.csv; final order 2025,,131.7,0.4693,,0.4413,wk1_proj+last_final
2026,1331774454493122560,NCAA WILD,6,,62,,,0.5056,week-1 projections TeamProjectionsWk1_Historic.csv; final order 2025,,131.74,0.4749,,0.6592,wk1_proj+last_final
2026,1331774454493122560,NCAA WILD,7,,168,,,0.0903,week-1 projections TeamProjectionsWk1_Historic.csv; final order 2025,,107.17,0.095,,0.067,wk1_proj+last_final
2026,1331774454493122560,NCAA WILD,8,,85,,,0.4469,week-1 projections TeamProjectionsWk1_Historic.csv; final order 2025,,130.58,0.4302,,0.5307,wk1_proj+last_final
2026,1331774454493122560,NCAA WILD,9,,158,,,0.067,week-1 projections TeamProjectionsWk1_Historic.csv; final order 2025,,99.16,0.0559,,0.1229,wk1_proj+last_final
2026,1331774544905510912,NCAA OHIO VALLEY,1,,84,,,0.3873,week-1 projections TeamProjectionsWk1_Historic.csv; final order 2025,,127.84,0.3575,,0.5363,wk1_proj+last_final
2026,1331774544905510912,NCAA OHIO VALLEY,10,,91,,,0.4926,week-1 projections TeamProjectionsWk1_Historic.csv; final order 2025,,132.27,0.4916,,0.4972,wk1_proj+last_final
2026,1331774544905510912,NCAA OHIO VALLEY,11,,43,,,0.8352,week-1 projections TeamProjectionsWk1_Historic.csv; final order 2025,,149.41,0.8492,,0.7654,wk1_proj+last_final
2026,1331774544905510912,NCAA OHIO VALLEY,12,,60,,,0.7612,week-1 projections TeamProjectionsWk1_Historic.csv; final order 2025,,145.4,0.7793,,0.6704,wk1_proj+last_final
2026,1331774544905510912,NCAA OHIO VALLEY,2,,19,,,0.7225,week-1 projections TeamProjectionsWk1_Historic.csv; final order 2025,,140.51,0.6872,,0.8994,wk1_proj+last_final
2026,1331774544905510912,NCAA OHIO VALLEY,3,,138,,,0.1136,week-1 projections TeamProjectionsWk1_Historic.csv; final order 2025,,107.06,0.0894,,0.2346,wk1_proj+last_final
2026,1331774544905510912,NCAA OHIO VALLEY,4,,18,,,0.8911,week-1 projections TeamProjectionsWk1_Historic.csv; final order 2025,,153.01,0.8883,,0.905,wk1_proj+last_final
2026,1331774544905510912,NCAA OHIO VALLEY,5,,52,,,0.6778,week-1 projections TeamProjectionsWk1_Historic.csv; final order 2025,,139.89,0.6704,,0.7151,wk1_proj+last_final
2026,1331774544905510912,NCAA OHIO VALLEY,6,,68,,,0.3929,week-1 projections TeamProjectionsWk1_Historic.csv; final order 2025,,127.53,0.3464,,0.6257,wk1_proj+last_final
2026,1331774544905510912,NCAA OHIO VALLEY,7,,143,,,0.5652,week-1 projections TeamProjectionsWk1_Historic.csv; final order 2025,,138.85,0.6369,,0.2067,wk1_proj+last_final
2026,1331774544905510912,NCAA OHIO VALLEY,8,,167,,,0.1611,week-1 projections TeamProjectionsWk1_Historic.csv; final order 2025,,117.86,0.1788,,0.0726,wk1_proj+last_final
2026,1331774544905510912,NCAA OHIO VALLEY,9,,137,,,0.2565,week-1 projections TeamProjectionsWk1_Historic.csv; final order 2025,,124.64,0.2598,,0.2402,wk1_proj+last_final
2026,1331774599196585984,NCAA MOUNTAIN WEST,1,,5,,,0.9497,week-1 projections TeamProjectionsWk1_Historic.csv; final order 2025,,156.87,0.9441,,0.9777,wk1_proj+last_final
2026,1331774599196585984,NCAA MOUNTAIN WEST,10,,42,,,0.5847,week-1 projections TeamProjectionsWk1_Historic.csv; final order 2025,,134.59,0.5475,,0.7709,wk1_proj+last_final
2026,1331774599196585984,NCAA MOUNTAIN WEST,11,,22,,,0.6546,week-1 projections TeamProjectionsWk1_Historic.csv; final order 2025,,137.34,0.6089,,0.8827,wk1_proj+last_final
2026,1331774599196585984,NCAA MOUNTAIN WEST,12,,106,,,0.7346,week-1 projections TeamProjectionsWk1_Historic.csv; final order 2025,,145.98,0.7989,,0.4134,wk1_proj+last_final
2026,1331774599196585984,NCAA MOUNTAIN WEST,2,,99,,,0.2849,week-1 projections TeamProjectionsWk1_Historic.csv; final order 2025,,124.42,0.2514,,0.4525,wk1_proj+last_final
2026,1331774599196585984,NCAA MOUNTAIN WEST,3,,53,,,0.4907,week-1 projections TeamProjectionsWk1_Historic.csv; final order 2025,,130.99,0.4469,,0.7095,wk1_proj+last_final
2026,1331774599196585984,NCAA MOUNTAIN WEST,4,,173,,,0.0112,week-1 projections TeamProjectionsWk1_Historic.csv; final order 2025,,70.01,0.0056,,0.0391,wk1_proj+last_final
2026,1331774599196585984,NCAA MOUNTAIN WEST,5,,144,,,0.1639,week-1 projections TeamProjectionsWk1_Historic.csv; final order 2025,,116.15,0.1564,,0.2011,wk1_proj+last_final
2026,1331774599196585984,NCAA MOUNTAIN WEST,6,,93,,,0.7793,week-1 projections TeamProjectionsWk1_Historic.csv; final order 2025,,148.29,0.838,,0.486,wk1_proj+last_final
2026,1331774599196585984,NCAA MOUNTAIN WEST,7,,135,,,0.3724,week-1 projections TeamProjectionsWk1_Historic.csv; final order 2025,,129.3,0.3966,,0.2514,wk1_proj+last_final
2026,1331774599196585984,NCAA MOUNTAIN WEST,8,,119,,,0.6108,week-1 projections TeamProjectionsWk1_Historic.csv; final order 2025,,139.71,0.6648,,0.3408,wk1_proj+last_final
2026,1331774599196585984,NCAA MOUNTAIN WEST,9,,72,,,0.6918,week-1 projections TeamProjectionsWk1_Historic.csv; final order 2025,,142.43,0.7095,,0.6034,wk1_proj+last_final
2026,1331774630620332032,NCAA HISTORICALLY BLACK,1,,33,,,0.6862,week-1 projections TeamProjectionsWk1_Historic.csv; final order 2025,,139.45,0.6592,,0.8212,wk1_proj+last_final
2026,1331774630620332032,NCAA HISTORICALLY BLACK,10,,77,,,0.3613,week-1 projections TeamProjectionsWk1_Historic.csv; final order 2025,,127.0,0.3184,,0.5754,wk1_proj+last_final
2026,1331774630620332032,NCAA HISTORICALLY BLACK,11,,79,,,0.5689,week-1 projections TeamProjectionsWk1_Historic.csv; final order 2025,,135.81,0.5698,,0.5642,wk1_proj+last_final
2026,1331774630620332032,NCAA HISTORICALLY BLACK,12,,65,,,0.568,week-1 projections TeamProjectionsWk1_Historic.csv; final order 2025,,134.8,0.5531,,0.6425,wk1_proj+last_final
2026,1331774630620332032,NCAA HISTORICALLY BLACK,2,,177,,,0.068,week-1 projections TeamProjectionsWk1_Historic.csv; final order 2025,,104.92,0.0782,,0.0168,wk1_proj+last_final
2026,1331774630620332032,NCAA HISTORICALLY BLACK,3,,80,,,0.5819,week-1 projections TeamProjectionsWk1_Historic.csv; final order 2025,,136.51,0.5866,,0.5587,wk1_proj+last_final
2026,1331774630620332032,NCAA HISTORICALLY BLACK,4,,94,,,0.4176,week-1 projections TeamProjectionsWk1_Historic.csv; final order 2025,,129.41,0.405,,0.4804,wk1_proj+last_final
2026,1331774630620332032,NCAA HISTORICALLY BLACK,5,,14,,,0.8156,week-1 projections TeamProjectionsWk1_Historic.csv; final order 2025,,145.63,0.7933,,0.9274,wk1_proj+last_final
2026,1331774630620332032,NCAA HISTORICALLY BLACK,6,,121,,,0.2714,week-1 projections TeamProjectionsWk1_Historic.csv; final order 2025,,124.64,0.2598,,0.3296,wk1_proj+last_final
2026,1331774630620332032,NCAA HISTORICALLY BLACK,7,,146,,,0.2272,week-1 projections TeamProjectionsWk1_Historic.csv; final order 2025,,122.79,0.2346,,0.1899,wk1_proj+last_final
2026,1331774630620332032,NCAA HISTORICALLY BLACK,8,,29,,,0.8901,week-1 projections TeamProjectionsWk1_Historic.csv; final order 2025,,153.15,0.8994,,0.8436,wk1_proj+last_final
2026,1331774630620332032,NCAA HISTORICALLY BLACK,9,,163,,,0.2672,week-1 projections TeamProjectionsWk1_Historic.csv; final order 2025,,126.13,0.3017,,0.095,wk1_proj+last_final
2026,1331774695346823168,NCAA USA,1,,69,,,0.7924,week-1 projections TeamProjectionsWk1_Historic.csv; final order 2025,,148.07,0.8268,,0.6201,wk1_proj+last_final
2026,1331774695346823168,NCAA USA,10,,126,,,0.3436,week-1 projections TeamProjectionsWk1_Historic.csv; final order 2025,,127.66,0.352,,0.3017,wk1_proj+last_final
2026,1331774695346823168,NCAA USA,11,,117,,,0.2449,week-1 projections TeamProjectionsWk1_Historic.csv; final order 2025,,121.58,0.2235,,0.352,wk1_proj+last_final
2026,1331774695346823168,NCAA USA,12,,174,,,0.0289,week-1 projections TeamProjectionsWk1_Historic.csv; final order 2025,,89.04,0.0279,,0.0335,wk1_proj+last_final
2026,1331774695346823168,NCAA USA,2,,55,,,0.6844,week-1 projections TeamProjectionsWk1_Historic.csv; final order 2025,,140.17,0.6816,,0.6983,wk1_proj+last_final
2026,1331774695346823168,NCAA USA,3,,10,,,0.8287,week-1 projections TeamProjectionsWk1_Historic.csv; final order 2025,,146.77,0.8045,,0.9497,wk1_proj+last_final
2026,1331774695346823168,NCAA USA,4,,154,,,0.527,week-1 projections TeamProjectionsWk1_Historic.csv; final order 2025,,137.3,0.6034,,0.1453,wk1_proj+last_final
2026,1331774695346823168,NCAA USA,5,,82,,,0.7151,week-1 projections TeamProjectionsWk1_Historic.csv; final order 2025,,143.99,0.7486,,0.5475,wk1_proj+last_final
2026,1331774695346823168,NCAA USA,6,,40,,,0.5959,week-1 projections TeamProjectionsWk1_Historic.csv; final order 2025,,134.87,0.5587,,0.7821,wk1_proj+last_final
2026,1331774695346823168,NCAA USA,7,,98,,,0.7328,week-1 projections TeamProjectionsWk1_Historic.csv; final order 2025,,145.49,0.7877,,0.4581,wk1_proj+last_final
2026,1331774695346823168,NCAA USA,8,,48,,,0.5419,week-1 projections TeamProjectionsWk1_Historic.csv; final order 2025,,133.51,0.5028,,0.7374,wk1_proj+last_final
2026,1331774695346823168,NCAA USA,9,,95,,,0.3119,week-1 projections TeamProjectionsWk1_Historic.csv; final order 2025,,125.09,0.2793,,0.4749,wk1_proj+last_final
2026,1331774741488369664,NCAA IVY,1,,108,,,0.6723,week-1 projections TeamProjectionsWk1_Historic.csv; final order 2025,,142.99,0.7263,,0.4022,wk1_proj+last_final
2026,1331774741488369664,NCAA IVY,10,,178,,,0.2439,week-1 projections TeamProjectionsWk1_Historic.csv; final order 2025,,125.94,0.2905,,0.0112,wk1_proj+last_final
2026,1331774741488369664,NCAA IVY,11,,41,,,0.7672,week-1 projections TeamProjectionsWk1_Historic.csv; final order 2025,,144.98,0.7654,,0.7765,wk1_proj+last_final
2026,1331774741488369664,NCAA IVY,12,,37,,,0.7523,week-1 projections TeamProjectionsWk1_Historic.csv; final order 2025,,143.49,0.743,,0.7989,wk1_proj+last_final
2026,1331774741488369664,NCAA IVY,2,,166,,,0.1899,week-1 projections TeamProjectionsWk1_Historic.csv; final order 2025,,120.32,0.2123,,0.0782,wk1_proj+last_final
2026,1331774741488369664,NCAA IVY,3,,125,,,0.433,week-1 projections TeamProjectionsWk1_Historic.csv; final order 2025,,131.35,0.4581,,0.3073,wk1_proj+last_final
2026,1331774741488369664,NCAA IVY,4,,24,,,0.5736,week-1 projections TeamProjectionsWk1_Historic.csv; final order 2025,,133.8,0.514,,0.8715,wk1_proj+last_final
2026,1331774741488369664,NCAA IVY,5,,17,,,0.9153,week-1 projections TeamProjectionsWk1_Historic.csv; final order 2025,,154.55,0.9162,,0.9106,wk1_proj+last_final
2026,1331774741488369664,NCAA IVY,6,,25,,,0.5121,week-1 projections TeamProjectionsWk1_Historic.csv; final order 2025,,130.93,0.4413,,0.8659,wk1_proj+last_final
2026,1331774741488369664,NCAA IVY,7,,133,,,0.1508,week-1 projections TeamProjectionsWk1_Historic.csv; final order 2025,,111.89,0.1285,,0.2626,wk1_proj+last_final
2026,1331774741488369664,NCAA IVY,8,,31,,,0.4553,week-1 projections TeamProjectionsWk1_Historic.csv; final order 2025,,128.88,0.3799,,0.8324,wk1_proj+last_final
2026,1331774741488369664,NCAA IVY,9,,86,,,0.73,week-1 projections TeamProjectionsWk1_Historic.csv; final order 2025,,145.38,0.7709,,0.5251,wk1_proj+last_final
2026,1331774804222545920,NCAA PIONEER,1,,139,,,0.392,week-1 projections TeamProjectionsWk1_Historic.csv; final order 2025,,129.92,0.4246,,0.2291,wk1_proj+last_final
2026,1331774804222545920,NCAA PIONEER,10,,27,,,0.6406,week-1 projections TeamProjectionsWk1_Historic.csv; final order 2025,,136.99,0.5978,,0.8547,wk1_proj+last_final
2026,1331774804222545920,NCAA PIONEER,11,,26,,,0.9395,week-1 projections TeamProjectionsWk1_Historic.csv; final order 2025,,157.74,0.9553,,0.8603,wk1_proj+last_final
2026,1331774804222545920,NCAA PIONEER,12,,159,,,0.1918,week-1 projections TeamProjectionsWk1_Historic.csv; final order 2025,,120.11,0.2067,,0.1173,wk1_proj+last_final
2026,1331774804222545920,NCAA PIONEER,2,,49,,,0.6341,week-1 projections TeamProjectionsWk1_Historic.csv; final order 2025,,137.49,0.6145,,0.7318,wk1_proj+last_final
2026,1331774804222545920,NCAA PIONEER,3,,23,,,0.6862,week-1 projections TeamProjectionsWk1_Historic.csv; final order 2025,,139.19,0.648,,0.8771,wk1_proj+last_final
2026,1331774804222545920,NCAA PIONEER,4,,102,,,0.5102,week-1 projections TeamProjectionsWk1_Historic.csv; final order 2025,,134.09,0.5251,,0.4358,wk1_proj+last_final
2026,1331774804222545920,NCAA PIONEER,5,,160,,,0.0466,week-1 projections TeamProjectionsWk1_Historic.csv; final order 2025,,94.28,0.0335,,0.1117,wk1_proj+last_final
2026,1331774804222545920,NCAA PIONEER,6,,111,,,0.5484,week-1 projections TeamProjectionsWk1_Historic.csv; final order 2025,,135.97,0.581,,0.3855,wk1_proj+last_final
2026,1331774804222545920,NCAA PIONEER,7,,96,,,0.2412,week-1 projections TeamProjectionsWk1_Historic.csv; final order 2025,,119.65,0.1955,,0.4693,wk1_proj+last_final
2026,1331774804222545920,NCAA PIONEER,8,,50,,,0.8333,week-1 projections TeamProjectionsWk1_Historic.csv; final order 2025,,149.63,0.8547,,0.7263,wk1_proj+last_final
2026,1331774804222545920,NCAA PIONEER,9,,92,,,0.608,week-1 projections TeamProjectionsWk1_Historic.csv; final order 2025,,138.54,0.6313,,0.4916,wk1_proj+last_final
2026,1331774846710849536,NCAA SUN BELT,1,,89,,,0.8529,week-1 projections TeamProjectionsWk1_Historic.csv; final order 2025,,155.23,0.9218,,0.5084,wk1_proj+last_final
2026,1331774846710849536,NCAA SUN BELT,10,,169,,,0.0428,week-1 projections TeamProjectionsWk1_Historic.csv; final order 2025,,94.44,0.0391,,0.0615,wk1_proj+last_final
2026,1331774846710849536,NCAA SUN BELT,11,,71,,,0.5065,week-1 projections TeamProjectionsWk1_Historic.csv; final order 2025,,132.21,0.486,,0.6089,wk1_proj+last_final
2026,1331774846710849536,NCAA SUN BELT,12,,76,,,0.325,week-1 projections TeamProjectionsWk1_Historic.csv; final order 2025,,124.99,0.2737,,0.581,wk1_proj+last_final
2026,1331774846710849536,NCAA SUN BELT,2,,90,,,0.1862,week-1 projections TeamProjectionsWk1_Historic.csv; final order 2025,,111.81,0.1229,,0.5028,wk1_proj+last_final
2026,1331774846710849536,NCAA SUN BELT,3,,136,,,0.3156,week-1 projections TeamProjectionsWk1_Historic.csv; final order 2025,,127.04,0.3296,,0.2458,wk1_proj+last_final
2026,1331774846710849536,NCAA SUN BELT,4,,175,,,0.1024,week-1 projections TeamProjectionsWk1_Historic.csv; final order 2025,,110.4,0.1173,,0.0279,wk1_proj+last_final
2026,1331774846710849536,NCAA SUN BELT,5,,142,,,0.6453,week-1 projections TeamProjectionsWk1_Historic.csv; final order 2025,,143.4,0.7318,,0.2123,wk1_proj+last_final
2026,1331774846710849536,NCAA SUN BELT,6,,51,,,0.5205,week-1 projections TeamProjectionsWk1_Historic.csv; final order 2025,,131.98,0.4804,,0.7207,wk1_proj+last_final
2026,1331774846710849536,NCAA SUN BELT,7,,34,,,0.7318,week-1 projections TeamProjectionsWk1_Historic.csv; final order 2025,,142.73,0.7151,,0.8156,wk1_proj+last_final
2026,1331774846710849536,NCAA SUN BELT,8,,61,,,0.8836,week-1 projections TeamProjectionsWk1_Historic.csv; final order 2025,,155.46,0.9274,,0.6648,wk1_proj+last_final
2026,1331774846710849536,NCAA SUN BELT,9,,141,,,0.4879,week-1 projections TeamProjectionsWk1_Historic.csv; final order 2025,,134.5,0.5419,,0.2179,wk1_proj+last_final
2026,1331774880181399552,NCAA BIG 12,1,,155,,,0.4702,week-1 projections TeamProjectionsWk1_Historic.csv; final order 2025,,134.25,0.5363,,0.1397,wk1_proj+last_final
2026,1331774880181399552,NCAA BIG 12,10,,180,,,0.0512,week-1 projections TeamProjectionsWk1_Historic.csv; final order 2025,,100.53,0.0615,,0.0,wk1_proj+last_final
2026,1331774880181399552,NCAA BIG 12,11,,70,,,0.7309,week-1 projections TeamProjectionsWk1_Historic.csv; final order 2025,,144.64,0.7542,,0.6145,wk1_proj+last_final
2026,1331774880181399552,NCAA BIG 12,12,,130,,,0.3841,week-1 projections TeamProjectionsWk1_Historic.csv; final order 2025,,129.41,0.405,,0.2793,wk1_proj+last_final
2026,1331774880181399552,NCAA BIG 12,2,,129,,,0.1173,week-1 projections TeamProjectionsWk1_Historic.csv; final order 2025,,106.63,0.0838,,0.2849,wk1_proj+last_final
2026,1331774880181399552,NCAA BIG 12,3,,88,,,0.5,week-1 projections TeamProjectionsWk1_Historic.csv; final order 2025,,133.19,0.4972,,0.514,wk1_proj+last_final
2026,1331774880181399552,NCAA BIG 12,4,,28,,,0.8771,week-1 projections TeamProjectionsWk1_Historic.csv; final order 2025,,152.76,0.8827,,0.8492,wk1_proj+last_final
2026,1331774880181399552,NCAA BIG 12,5,,6,,,0.9953,week-1 projections TeamProjectionsWk1_Historic.csv; final order 2025,,169.89,1.0,,0.9721,wk1_proj+last_final
2026,1331774880181399552,NCAA BIG 12,6,,127,,,0.1611,week-1 projections TeamProjectionsWk1_Historic.csv; final order 2025,,112.61,0.1341,,0.2961,wk1_proj+last_final
2026,1331774880181399552,NCAA BIG 12,7,,56,,,0.8324,week-1 projections TeamProjectionsWk1_Historic.csv; final order 2025,,149.97,0.8603,,0.6927,wk1_proj+last_final
2026,1331774880181399552,NCAA BIG 12,8,,58,,,0.3929,week-1 projections TeamProjectionsWk1_Historic.csv; final order 2025,,127.24,0.3352,,0.6816,wk1_proj+last_final
2026,1331774880181399552,NCAA BIG 12,9,,100,,,0.2654,week-1 projections TeamProjectionsWk1_Historic.csv; final order 2025,,121.8,0.2291,,0.4469,wk1_proj+last_final
2026,1331774915392577536,NCAA ACC,1,,63,,,0.7421,week-1 projections TeamProjectionsWk1_Historic.csv; final order 2025,,144.91,0.7598,,0.6536,wk1_proj+last_final
2026,1331774915392577536,NCAA ACC,10,,39,,,0.8343,week-1 projections TeamProjectionsWk1_Historic.csv; final order 2025,,149.13,0.8436,,0.7877,wk1_proj+last_final
2026,1331774915392577536,NCAA ACC,11,,74,,,0.4013,week-1 projections TeamProjectionsWk1_Historic.csv; final order 2025,,128.16,0.3631,,0.5922,wk1_proj+last_final
2026,1331774915392577536,NCAA ACC,12,,3,,,0.9423,week-1 projections TeamProjectionsWk1_Historic.csv; final order 2025,,156.47,0.933,,0.9888,wk1_proj+last_final
2026,1331774915392577536,NCAA ACC,2,,118,,,0.3045,week-1 projections TeamProjectionsWk1_Historic.csv; final order 2025,,126.11,0.2961,,0.3464,wk1_proj+last_final
2026,1331774915392577536,NCAA ACC,3,,104,,,0.3547,week-1 projections TeamProjectionsWk1_Historic.csv; final order 2025,,127.29,0.3408,,0.4246,wk1_proj+last_final
2026,1331774915392577536,NCAA ACC,4,,140,,,0.3631,week-1 projections TeamProjectionsWk1_Historic.csv; final order 2025,,129.06,0.3911,,0.2235,wk1_proj+last_final
2026,1331774915392577536,NCAA ACC,5,,112,,,0.6266,week-1 projections TeamProjectionsWk1_Historic.csv; final order 2025,,139.98,0.676,,0.3799,wk1_proj+last_final
2026,1331774915392577536,NCAA ACC,6,,75,,,0.4842,week-1 projections TeamProjectionsWk1_Historic.csv; final order 2025,,131.66,0.4637,,0.5866,wk1_proj+last_final
2026,1331774915392577536,NCAA ACC,7,,59,,,0.8669,week-1 projections TeamProjectionsWk1_Historic.csv; final order 2025,,153.44,0.905,,0.676,wk1_proj+last_final
2026,1331774915392577536,NCAA ACC,8,,149,,,0.6108,week-1 projections TeamProjectionsWk1_Historic.csv; final order 2025,,141.28,0.6983,,0.1732,wk1_proj+last_final
2026,1331774915392577536,NCAA ACC,9,,132,,,0.1704,week-1 projections TeamProjectionsWk1_Historic.csv; final order 2025,,115.79,0.1508,,0.2682,wk1_proj+last_final
2026,1331775106527006720,NCAA PAC 12,1,,179,,,0.0615,week-1 projections TeamProjectionsWk1_Historic.csv; final order 2025,,102.31,0.0726,,0.0056,wk1_proj+last_final
2026,1331775106527006720,NCAA PAC 12,10,,47,,,0.1425,week-1 projections TeamProjectionsWk1_Historic.csv; final order 2025,,84.58,0.0223,,0.743,wk1_proj+last_final
2026,1331775106527006720,NCAA PAC 12,11,,97,,,0.5964,week-1 projections TeamProjectionsWk1_Historic.csv; final order 2025,,137.82,0.6229,,0.4637,wk1_proj+last_final
2026,1331775106527006720,NCAA PAC 12,12,,36,,,0.865,week-1 projections TeamProjectionsWk1_Historic.csv; final order 2025,,151.89,0.8771,,0.8045,wk1_proj+last_final
2026,1331775106527006720,NCAA PAC 12,2,,54,,,0.5503,week-1 projections TeamProjectionsWk1_Historic.csv; final order 2025,,134.02,0.5196,,0.7039,wk1_proj+last_final
2026,1331775106527006720,NCAA PAC 12,3,,73,,,0.3045,week-1 projections TeamProjectionsWk1_Historic.csv; final order 2025,,123.9,0.2458,,0.5978,wk1_proj+last_final
2026,1331775106527006720,NCAA PAC 12,4,,4,,,0.9227,week-1 projections TeamProjectionsWk1_Historic.csv; final order 2025,,153.64,0.9106,,0.9832,wk1_proj+last_final
2026,1331775106527006720,NCAA PAC 12,5,,123,,,0.5885,week-1 projections TeamProjectionsWk1_Historic.csv; final order 2025,,139.05,0.6425,,0.3184,wk1_proj+last_final
2026,1331775106527006720,NCAA PAC 12,6,,134,,,0.3035,week-1 projections TeamProjectionsWk1_Historic.csv; final order 2025,,126.36,0.3128,,0.257,wk1_proj+last_final
2026,1331775106527006720,NCAA PAC 12,7,,1,,,0.9814,week-1 projections TeamProjectionsWk1_Historic.csv; final order 2025,,163.89,0.9777,,1.0,wk1_proj+last_final
2026,1331775106527006720,NCAA PAC 12,8,,148,,,0.6071,week-1 projections TeamProjectionsWk1_Historic.csv; final order 2025,,141.05,0.6927,,0.1788,wk1_proj+last_final
2026,1331775106527006720,NCAA PAC 12,9,,165,,,0.0698,week-1 projections TeamProjectionsWk1_Historic.csv; final order 2025,,100.89,0.067,,0.0838,wk1_proj+last_final
2026,1331775170712444928,NCAA SEC,1,,152,,,0.1797,week-1 projections TeamProjectionsWk1_Historic.csv; final order 2025,,118.12,0.1844,,0.1564,wk1_proj+last_final
2026,1331775170712444928,NCAA SEC,10,,20,,,0.5121,week-1 projections TeamProjectionsWk1_Historic.csv; final order 2025,,130.6,0.4358,,0.8939,wk1_proj+last_final
2026,1331775170712444928,NCAA SEC,11,,78,,,0.2533,week-1 projections TeamProjectionsWk1_Historic.csv; final order 2025,,119.3,0.1899,,0.5698,wk1_proj+last_final
2026,1331775170712444928,NCAA SEC,12,,122,,,0.5731,week-1 projections TeamProjectionsWk1_Historic.csv; final order 2025,,137.82,0.6229,,0.324,wk1_proj+last_final
2026,1331775170712444928,NCAA SEC,2,,38,,,0.8073,week-1 projections TeamProjectionsWk1_Historic.csv; final order 2025,,147.13,0.8101,,0.7933,wk1_proj+last_final
2026,1331775170712444928,NCAA SEC,3,,124,,,0.2197,week-1 projections TeamProjectionsWk1_Historic.csv; final order 2025,,119.78,0.2011,,0.3128,wk1_proj+last_final
2026,1331775170712444928,NCAA SEC,4,,57,,,0.7151,week-1 projections TeamProjectionsWk1_Historic.csv; final order 2025,,142.77,0.7207,,0.6872,wk1_proj+last_final
2026,1331775170712444928,NCAA SEC,5,,116,,,0.148,week-1 projections TeamProjectionsWk1_Historic.csv; final order 2025,,109.51,0.1061,,0.3575,wk1_proj+last_final
2026,1331775170712444928,NCAA SEC,6,,12,,,0.9618,week-1 projections TeamProjectionsWk1_Historic.csv; final order 2025,,162.19,0.9665,,0.9385,wk1_proj+last_final
2026,1331775170712444928,NCAA SEC,7,,170,,,0.2095,week-1 projections TeamProjectionsWk1_Historic.csv; final order 2025,,123.34,0.2402,,0.0559,wk1_proj+last_final
2026,1331775170712444928,NCAA SEC,8,,151,,,0.6764,week-1 projections TeamProjectionsWk1_Historic.csv; final order 2025,,145.4,0.7793,,0.162,wk1_proj+last_final
2026,1331775170712444928,NCAA SEC,9,,156,,,0.1155,week-1 projections TeamProjectionsWk1_Historic.csv; final order 2025,,109.98,0.1117,,0.1341,wk1_proj+last_final
2026,1331775206619885568,NCAA BIG EAST & CO.,1,,107,,,0.3799,week-1 projections TeamProjectionsWk1_Historic.csv; final order 2025,,128.41,0.3743,,0.4078,wk1_proj+last_final
2026,1331775206619885568,NCAA BIG EAST & CO.,10,,109,,,0.2058,week-1 projections TeamProjectionsWk1_Historic.csv; final order 2025,,117.47,0.1676,,0.3966,wk1_proj+last_final
2026,1331775206619885568,NCAA BIG EAST & CO.,11,,164,,,0.2523,week-1 projections TeamProjectionsWk1_Historic.csv; final order 2025,,125.64,0.2849,,0.0894,wk1_proj+last_final
2026,1331775206619885568,NCAA BIG EAST & CO.,12,,30,,,0.5633,week-1 projections TeamProjectionsWk1_Historic.csv; final order 2025,,133.66,0.5084,,0.838,wk1_proj+last_final
2026,1331775206619885568,NCAA BIG EAST & CO.,2,,157,,,0.0587,week-1 projections TeamProjectionsWk1_Historic.csv; final order 2025,,94.72,0.0447,,0.1285,wk1_proj+last_final
2026,1331775206619885568,NCAA BIG EAST & CO.,3,,103,,,0.2067,week-1 projections TeamProjectionsWk1_Historic.csv; final order 2025,,117.2,0.162,,0.4302,wk1_proj+last_final
2026,1331775206619885568,NCAA BIG EAST & CO.,4,,16,,,0.8371,week-1 projections TeamProjectionsWk1_Historic.csv; final order 2025,,148.06,0.8212,,0.9162,wk1_proj+last_final
2026,1331775206619885568,NCAA BIG EAST & CO.,5,,81,,,0.5345,week-1 projections TeamProjectionsWk1_Historic.csv; final order 2025,,134.12,0.5307,,0.5531,wk1_proj+last_final
2026,1331775206619885568,NCAA BIG EAST & CO.,6,,67,,,0.8268,week-1 projections TeamProjectionsWk1_Historic.csv; final order 2025,,150.59,0.8659,,0.6313,wk1_proj+last_final
2026,1331775206619885568,NCAA BIG EAST & CO.,7,,15,,,0.9637,week-1 projections TeamProjectionsWk1_Historic.csv; final order 2025,,162.27,0.9721,,0.9218,wk1_proj+last_final
2026,1331775206619885568,NCAA BIG EAST & CO.,8,,105,,,0.2933,week-1 projections TeamProjectionsWk1_Historic.csv; final order 2025,,124.82,0.2682,,0.419,wk1_proj+last_final
2026,1331775206619885568,NCAA BIG EAST & CO.,9,,153,,,0.5047,week-1 projections TeamProjectionsWk1_Historic.csv; final order 2025,,135.96,0.5754,,0.1508,wk1_proj+last_final
