Year,PollType,ThroughWeek,AppliesToWeek,Rank,Tied,Team,LeagueID,LeagueName,League,RosterID
2026,Top25,4,5,1,False,Hawaii,1331774599196585984,NCAA MOUNTAIN WEST,Mountain West,1
2026,Top25,4,5,2,False,William & Mary,1316899756005412864,NCAA BIG SKY,Big Sky,3
2026,Top25,4,5,3,False,Auburn,1331775170712444928,NCAA SEC,SEC,4
2026,Top25,4,5,4,False,Washington State,1331775106527006720,NCAA PAC 12,PAC 12,4
2026,Top25,4,5,5,False,Youngstown State,1316899756005412864,NCAA BIG SKY,Big Sky,12
2026,Top25,4,5,6,False,Middle Tennessee State,1331774695346823168,NCAA USA,CUSA,7
2026,Top25,4,5,7,False,Old Dominion,1331774454493122560,NCAA WILD,Wild,10
2026,Top25,4,5,8,False,Baylor,1331774880181399552,NCAA BIG 12,Big 12,5
2026,Top25,4,5,9,False,Arizona State,1331775106527006720,NCAA PAC 12,PAC 12,7
2026,Top25,4,5,10,False,Southern Miss,1331774846710849536,NCAA SUN BELT,Sun Belt,9
2026,Top25,4,5,11,False,Dartmouth,1331774741488369664,NCAA IVY,Ivy,11
2026,Top25,4,5,12,False,Syracuse,1331775206619885568,NCAA BIG EAST & CO.,Big East,7
2026,Top25,4,5,13,False,Kansas State,1331774880181399552,NCAA BIG 12,Big 12,7
2026,Top25,4,5,14,False,Georgetown,1331774741488369664,NCAA IVY,Ivy,5
2026,Top25,4,5,15,False,FSU,1331774915392577536,NCAA ACC,ACC,5
2026,Top25,4,5,16,False,South Carolina,1331775170712444928,NCAA SEC,SEC,10
2026,Top25,4,5,17,False,Minnesota,1316899936696016896,NCAA BIG 10,Big 10,7
2026,Top25,4,5,18,False,Iowa,1316899936696016896,NCAA BIG 10,Big 10,11
2026,Top25,4,5,19,False,Kentucky,1331775170712444928,NCAA SEC,SEC,8
2026,Top25,4,5,20,False,Southern,1331774630620332032,NCAA HISTORICALLY BLACK,HBCU,4
2026,Top25,4,5,21,False,BYU,1331774599196585984,NCAA MOUNTAIN WEST,Mountain West,6
2026,Top25,4,5,22,False,South Alabama,1331774695346823168,NCAA USA,CUSA,4
2026,Top25,4,5,23,False,Coastal Carolina,1331775206619885568,NCAA BIG EAST & CO.,Big East,6
2026,Top25,4,5,24,False,Colorado,1331775106527006720,NCAA PAC 12,PAC 12,8
2026,Top25,4,5,25,False,Purdue,1316899936696016896,NCAA BIG 10,Big 10,1
