Season,Event,Round,RoundName,Week,Bowl,TeamA,SeedA,TeamB,SeedB,ScoreA,ScoreB,Winner,Notes
2019,CCG,1,Conference Championship,12,ACC,Clemson,,Georgia Tech,,134.32,93.6,Clemson,scores from Sleeper week-12 matchup (history backfill)
2019,CCG,1,Conference Championship,12,Big 10,Northwestern,,Michigan State,,174.96,163.22,Northwestern,scores from Sleeper week-12 matchup (history backfill)
2019,CCG,1,Conference Championship,12,Big 12,Texas Tech,,Kansas State,,131.24,111.88,Texas Tech,scores from Sleeper week-12 matchup (history backfill)
2019,CCG,1,Conference Championship,12,Big East,Army,,Notre Dame,,119.96,93.5,Army,scores from Sleeper week-12 matchup (history backfill)
2019,CCG,1,Conference Championship,12,Ivy,Bucknell,,Harvard,,200.8,77.18,Bucknell,scores from Sleeper week-12 matchup (history backfill)
2019,CCG,1,Conference Championship,12,Mountain West,New Mexico,,Nevada,,112.2,74.54,New Mexico,scores from Sleeper week-12 matchup (history backfill)
2019,CCG,1,Conference Championship,12,PAC 12,Washington,,Utah,,139.36,118.12,Washington,scores from Sleeper week-12 matchup (history backfill)
2019,CCG,1,Conference Championship,12,SEC,Kentucky,,Auburn,,116,63.18,Kentucky,scores from Sleeper week-12 matchup (history backfill); opponent's roster slot maps to Mississippi State in today's Teams.csv (slot names may have differed in 2019) - verify runner-up
2019,CCG,1,Conference Championship,12,Sun Belt,Memphis,,Louisiana Tech,,162.64,135.82,Memphis,scores from Sleeper week-12 matchup (history backfill)
2019,CCG,1,Conference Championship,12,Wild,Citadel,,North Dakota State,,141.64,111.36,Citadel,scores from Sleeper week-12 matchup (history backfill); opponent's roster slot maps to Wichita State in today's Teams.csv (slot names may have differed in 2019) - verify runner-up
2019,Playoff,1,Sweet 16,,,Washington,1,Maryland,16,,,Maryland,2019: Chris not yet in league; verify
2019,Playoff,1,Sweet 16,,,Northwestern,8,Clemson,9,,,Northwestern,2019: Chris not yet in league; verify
2019,Playoff,1,Sweet 16,,,Memphis,4,Virginia Tech,13,,,Virginia Tech,2019: Chris not yet in league; verify
2019,Playoff,1,Sweet 16,,,Texas Tech,5,Georgia Tech,12,,,Georgia Tech,2019: Chris not yet in league; verify
2019,Playoff,1,Sweet 16,,,Bucknell,2,Washington State,15,,,Bucknell,2019: Chris not yet in league; verify
2019,Playoff,1,Sweet 16,,,New Mexico,7,Kentucky,10,,,Kentucky,2019: Chris not yet in league; verify
2019,Playoff,1,Sweet 16,,,Army,3,Kansas State,14,,,Army,2019: Chris not yet in league; verify
2019,Playoff,1,Sweet 16,,,Citadel,6,Ohio,11,,,Citadel,2019: Chris not yet in league; verify
2019,Playoff,2,Elite 8,,Sugar Bowl,Maryland,,Northwestern,,,,Maryland,2019: Chris not yet in league; verify
2019,Playoff,2,Elite 8,,Peach Bowl,Virginia Tech,,Georgia Tech,,,,Virginia Tech,2019: Chris not yet in league; verify
2019,Playoff,2,Elite 8,,Orange Bowl,Bucknell,,Kentucky,,,,Kentucky,2019: Chris not yet in league; verify
2019,Playoff,2,Elite 8,,Cotton Bowl,Army,,Citadel,,,,Army,2019: Chris not yet in league; verify
2019,Playoff,3,Final Four,,Fiesta Bowl,Maryland,,Virginia Tech,,,,Maryland,2019: Chris not yet in league; verify
2019,Playoff,3,Final Four,,Rose Bowl,Kentucky,,Army,,,,Army,2019: Chris not yet in league; verify
2019,Playoff,4,National Championship,,,Maryland,,Army,,,,Army,2019: Chris not yet in league; verify
2019,NIT,5,Final,,,Vanderbilt,,,,,,Vanderbilt,"champion only, from draft-order sheet (matches summary)"
2019,Bowl,1,Bowl,,,Stanford,,,,,,Stanford,"bowl winner only, from Chris's draft-order sheet; opponent/score/bowl unknown"
2019,Bowl,1,Bowl,,,USC,,,,,,USC,"bowl winner only, from Chris's draft-order sheet; opponent/score/bowl unknown"
2019,Bowl,1,Bowl,,,California,,,,,,California,"bowl winner only, from Chris's draft-order sheet; opponent/score/bowl unknown"
2019,Bowl,1,Bowl,,,South Dakota State,,,,,,South Dakota State,"bowl winner only, from Chris's draft-order sheet; opponent/score/bowl unknown"
2019,Bowl,1,Bowl,,,NC State,,,,,,NC State,"bowl winner only, from Chris's draft-order sheet; opponent/score/bowl unknown"
2019,Bowl,1,Bowl,,,North Carolina,,,,,,North Carolina,"bowl winner only, from Chris's draft-order sheet; opponent/score/bowl unknown"
2019,Bowl,1,Bowl,,,Duke,,,,,,Duke,"bowl winner only, from Chris's draft-order sheet; opponent/score/bowl unknown"
2019,Bowl,1,Bowl,,,Ole Miss,,,,,,Ole Miss,"bowl winner only, from Chris's draft-order sheet; opponent/score/bowl unknown"
2019,Bowl,1,Bowl,,,Wisconsin,,,,,,Wisconsin,"bowl winner only, from Chris's draft-order sheet; opponent/score/bowl unknown"
2019,Bowl,1,Bowl,,,Purdue,,,,,,Purdue,"bowl winner only, from Chris's draft-order sheet; opponent/score/bowl unknown"
2019,Bowl,1,Bowl,,,Michigan State,,,,,,Michigan State,"bowl winner only, from Chris's draft-order sheet; opponent/score/bowl unknown"
2019,Bowl,1,Bowl,,,Oklahoma,,,,,,Oklahoma,"bowl winner only, from Chris's draft-order sheet; opponent/score/bowl unknown"
2019,Bowl,1,Bowl,,,Texas A&M,,,,,,Texas A&M,"bowl winner only, from Chris's draft-order sheet; opponent/score/bowl unknown"
2019,Bowl,1,Bowl,,,Baylor,,,,,,Baylor,"bowl winner only, from Chris's draft-order sheet; opponent/score/bowl unknown"
2019,Bowl,1,Bowl,,,Idaho,,,,,,Idaho,"bowl winner only, from Chris's draft-order sheet; opponent/score/bowl unknown"
2019,Bowl,1,Bowl,,,San Diego State,,,,,,San Diego State,"bowl winner only, from Chris's draft-order sheet; opponent/score/bowl unknown"
2019,Bowl,1,Bowl,,,UTEP,,,,,,UTEP,"bowl winner only, from Chris's draft-order sheet; opponent/score/bowl unknown"
2019,Bowl,1,Bowl,,,Rice,,,,,,Rice,"bowl winner only, from Chris's draft-order sheet; opponent/score/bowl unknown"
2019,Bowl,1,Bowl,,,Louisiana Tech,,,,,,Louisiana Tech,"bowl winner only, from Chris's draft-order sheet; opponent/score/bowl unknown"
2019,Bowl,1,Bowl,,,UNC Charlotte,,,,,,UNC Charlotte,"bowl winner only, from Chris's draft-order sheet; opponent/score/bowl unknown"
2019,Bowl,1,Bowl,,,Eastern Michigan,,,,,,Eastern Michigan,"bowl winner only, from Chris's draft-order sheet; opponent/score/bowl unknown"
2019,Bowl,1,Bowl,,,Wichita State,,,,,,Wichita State,"bowl winner only, from Chris's draft-order sheet; opponent/score/bowl unknown"
2019,Bowl,1,Bowl,,,Brown,,,,,,Brown,"bowl winner only, from Chris's draft-order sheet; opponent/score/bowl unknown"
2020,CCG,1,Conference Championship,12,ACC,Clemson,,Virginia Tech,,152.14,124.08,Clemson,scores from Sleeper week-12 matchup (history backfill)
2020,CCG,1,Conference Championship,12,Big 10,Michigan,,Wisconsin,,157.28,137.8,Michigan,scores from Sleeper week-12 matchup (history backfill)
2020,CCG,1,Conference Championship,12,Big 12,West Virginia,,Oklahoma,,131.1,127.78,West Virginia,scores from Sleeper week-12 matchup (history backfill)
2020,CCG,1,Conference Championship,12,Big East,UCF,,Syracuse,,158.2,108.6,UCF,scores from Sleeper week-12 matchup (history backfill)
2020,CCG,1,Conference Championship,12,Big Sky,Villanova,,Maine,,220.08,146.6,Villanova,scores from Sleeper week-12 matchup (history backfill)
2020,CCG,1,Conference Championship,12,CUSA,Louisiana,,Troy,,147.28,127.24,Louisiana,scores from Sleeper week-12 matchup (history backfill)
2020,CCG,1,Conference Championship,12,HBCU,Mississippi Valley State,,Jackson State,,198.12,155.58,Mississippi Valley State,scores from Sleeper week-12 matchup (history backfill)
2020,CCG,1,Conference Championship,12,Ivy,Penn,,Lehigh,,195.22,172.98,Penn,scores from Sleeper week-12 matchup (history backfill)
2020,CCG,1,Conference Championship,12,Mountain West,Utah State,,Nevada,,199.68,163.28,Utah State,scores from Sleeper week-12 matchup (history backfill)
2020,CCG,1,Conference Championship,12,PAC 12,Utah,,California,,208.92,147.88,Utah,scores from Sleeper week-12 matchup (history backfill)
2020,CCG,1,Conference Championship,12,Pioneer,SE Missouri State,,Campbell,,186,151,SE Missouri State,scores from Sleeper week-12 matchup (history backfill)
2020,CCG,1,Conference Championship,12,SEC,Ole Miss,,Vanderbilt,,195.78,193.2,Ole Miss,scores from Sleeper week-12 matchup (history backfill)
2020,CCG,1,Conference Championship,12,Sun Belt,Rice,,Tulane,,172.8,137.66,Rice,scores from Sleeper week-12 matchup (history backfill)
2020,CCG,1,Conference Championship,12,Wild,Citadel,,Wichita State,,150.5,100.68,Citadel,scores from Sleeper week-12 matchup (history backfill); opponent's roster slot maps to North Dakota State in today's Teams.csv (slot names may have differed in 2020) - verify runner-up
2020,Playoff,1,Group Stage,,,Utah | Wisconsin | Jackson State | Louisiana Tech,1 | 16 | 17 | 32,,,,,Jackson State,4-team group; winner advances. Scoring: group winner = 1 playoff win; all 4 = playoff appearance
2020,Playoff,1,Group Stage,,,Villanova | Dixie State | Iowa | Campbell,8 | 9 | 24 | 25,,,,,Campbell,4-team group; winner advances. Scoring: group winner = 1 playoff win; all 4 = playoff appearance | Dixie State (later Utah Tech) slot no longer active (league contraction to 180)
2020,Playoff,1,Group Stage,,,Ole Miss | UCF | Lehigh | Nebraska,4 | 13 | 20 | 29,,,,,Lehigh,4-team group; winner advances. Scoring: group winner = 1 playoff win; all 4 = playoff appearance
2020,Playoff,1,Group Stage,,,Clemson | Michigan | NC State | California,5 | 12 | 21 | 28,,,,,NC State,4-team group; winner advances. Scoring: group winner = 1 playoff win; all 4 = playoff appearance
2020,Playoff,1,Group Stage,,,Utah State | Mississippi Valley State | Syracuse | North Carolina A&T,2 | 15 | 18 | 31,,,,,Utah State,4-team group; winner advances. Scoring: group winner = 1 playoff win; all 4 = playoff appearance
2020,Playoff,1,Group Stage,,,SE Missouri State | Louisiana | Harvard | Tulane,7 | 10 | 23 | 26,,,,,Harvard,4-team group; winner advances. Scoring: group winner = 1 playoff win; all 4 = playoff appearance
2020,Playoff,1,Group Stage,,,Citadel | West Virginia | Troy | Virginia Tech,3 | 14 | 19 | 30,,,,,Virginia Tech,4-team group; winner advances. Scoring: group winner = 1 playoff win; all 4 = playoff appearance
2020,Playoff,1,Group Stage,,,Rice | Penn | Vanderbilt | Oklahoma,6 | 11 | 22 | 27,,,,,Vanderbilt,4-team group; winner advances. Scoring: group winner = 1 playoff win; all 4 = playoff appearance
2020,Playoff,2,Elite 8,,Sugar Bowl,Jackson State,,Campbell,,,,Campbell,
2020,Playoff,2,Elite 8,,Peach Bowl,Lehigh,,NC State,,,,Lehigh,
2020,Playoff,2,Elite 8,,Orange Bowl,Utah State,,Harvard,,,,Harvard,
2020,Playoff,2,Elite 8,,Cotton Bowl,Virginia Tech,,Vanderbilt,,,,Virginia Tech,
2020,Playoff,3,Final Four,,Fiesta Bowl,Campbell,,Lehigh,,,,Campbell,
2020,Playoff,3,Final Four,,Rose Bowl,Harvard,,Virginia Tech,,,,Virginia Tech,
2020,Playoff,4,National Championship,,,Campbell,,Virginia Tech,,,,Campbell,
2020,NIT,5,Final,,,South Dakota,,,,,,South Dakota,"champion only, from draft-order sheet (matches summary)"
2020,Bowl,1,Bowl,,,Arizona,,,,,,Arizona,"bowl winner only, from Chris's draft-order sheet; opponent/score/bowl unknown"
2020,Bowl,1,Bowl,,,Pittsburgh,,,,,,Pittsburgh,"bowl winner only, from Chris's draft-order sheet; opponent/score/bowl unknown"
2020,Bowl,1,Bowl,,,Rutgers,,,,,,Rutgers,"bowl winner only, from Chris's draft-order sheet; opponent/score/bowl unknown"
2020,Bowl,1,Bowl,,,Army,,,,,,Army,"bowl winner only, from Chris's draft-order sheet; opponent/score/bowl unknown"
2020,Bowl,1,Bowl,,,Georgia Tech,,,,,,Georgia Tech,"bowl winner only, from Chris's draft-order sheet; opponent/score/bowl unknown"
2020,Bowl,1,Bowl,,,North Carolina,,,,,,North Carolina,"bowl winner only, from Chris's draft-order sheet; opponent/score/bowl unknown"
2020,Bowl,1,Bowl,,,Mississippi State,,,,,,Mississippi State,"bowl winner only, from Chris's draft-order sheet; opponent/score/bowl unknown"
2020,Bowl,1,Bowl,,,Indiana,,,,,,Indiana,"bowl winner only, from Chris's draft-order sheet; opponent/score/bowl unknown"
2020,Bowl,1,Bowl,,,Northwestern,,,,,,Northwestern,"bowl winner only, from Chris's draft-order sheet; opponent/score/bowl unknown"
2020,Bowl,1,Bowl,,,Kansas State,,,,,,Kansas State,"bowl winner only, from Chris's draft-order sheet; opponent/score/bowl unknown"
2020,Bowl,1,Bowl,,,Colorado State,,,,,,Colorado State,"bowl winner only, from Chris's draft-order sheet; opponent/score/bowl unknown"
2020,Bowl,1,Bowl,,,Air Force,,,,,,Air Force,"bowl winner only, from Chris's draft-order sheet; opponent/score/bowl unknown"
2020,Bowl,1,Bowl,,,Wyoming,,,,,,Wyoming,"bowl winner only, from Chris's draft-order sheet; opponent/score/bowl unknown"
2020,Bowl,1,Bowl,,,Nevada,,,,,,Nevada,"bowl winner only, from Chris's draft-order sheet; opponent/score/bowl unknown"
2020,Bowl,1,Bowl,,,UTEP,,,,,,UTEP,"bowl winner only, from Chris's draft-order sheet; opponent/score/bowl unknown"
2020,Bowl,1,Bowl,,,Wichita State,,,,,,Wichita State,"bowl winner only, from Chris's draft-order sheet; opponent/score/bowl unknown"
2020,Bowl,1,Bowl,,,Central Arkansas,,,,,,Central Arkansas,"bowl winner only, from Chris's draft-order sheet; opponent/score/bowl unknown"
2020,Bowl,1,Bowl,,,UNC Charlotte,,,,,,UNC Charlotte,"bowl winner only, from Chris's draft-order sheet; opponent/score/bowl unknown"
2020,Bowl,1,Bowl,,,North Dakota State,,,,,,North Dakota State,"bowl winner only, from Chris's draft-order sheet; opponent/score/bowl unknown"
2020,Bowl,1,Bowl,,,Bucknell,,,,,,Bucknell,"bowl winner only, from Chris's draft-order sheet; opponent/score/bowl unknown"
2020,Bowl,1,Bowl,,,Yale,,,,,,Yale,"bowl winner only, from Chris's draft-order sheet; opponent/score/bowl unknown"
2020,Bowl,1,Bowl,,,South Alabama,,,,,,South Alabama,"bowl winner only, from Chris's draft-order sheet; opponent/score/bowl unknown"
2020,Bowl,1,Bowl,,,Arkansas State,,,,,,Arkansas State,"bowl winner only, from Chris's draft-order sheet; opponent/score/bowl unknown"
2020,Bowl,1,Bowl,,,Delaware State,,,,,,Delaware State,"bowl winner only, from Chris's draft-order sheet; opponent/score/bowl unknown"
2020,Bowl,1,Bowl,,,Stony Brook,,,,,,Stony Brook,"bowl winner only, from Chris's draft-order sheet; opponent/score/bowl unknown"
2020,Bowl,1,Bowl,,,Northern Iowa,,,,,,Northern Iowa,"bowl winner only, from Chris's draft-order sheet; opponent/score/bowl unknown"
2020,Bowl,1,Bowl,,,Furman,,,,,,Furman,"bowl winner only, from Chris's draft-order sheet; opponent/score/bowl unknown"
2021,CCG,1,Conference Championship,12,ACC,Virginia Tech,,Clemson,,129.38,128.34,Virginia Tech,scores from Sleeper week-12 matchup (Matchups_Historic); winner/runner-up per Chris's list
2021,CCG,1,Conference Championship,12,Big 10,Wisconsin,,Penn State,,145.6,133.34,Wisconsin,scores from Sleeper week-12 matchup (Matchups_Historic); winner/runner-up per Chris's list
2021,CCG,1,Conference Championship,12,Big 12,Baylor,,Oklahoma,,156.22,147.8,Baylor,scores from Sleeper week-12 matchup (Matchups_Historic); winner/runner-up per Chris's list
2021,CCG,1,Conference Championship,12,Big East,South Dakota State,,Rutgers,,137.2,127.48,South Dakota State,scores from Sleeper week-12 matchup (Matchups_Historic); winner/runner-up per Chris's list
2021,CCG,1,Conference Championship,12,Big Sky,Youngstown State,,Stony Brook,,120.16,115.84,Youngstown State,scores from Sleeper week-12 matchup (Matchups_Historic); winner/runner-up per Chris's list
2021,CCG,1,Conference Championship,12,CUSA,Arkansas State,,Florida International,,155.42,135.26,Arkansas State,scores from Sleeper week-12 matchup (Matchups_Historic); winner/runner-up per Chris's list
2021,CCG,1,Conference Championship,12,HBCU,Jackson State,,Grambling State,,144.72,101.42,Jackson State,scores from Sleeper week-12 matchup (Matchups_Historic); winner/runner-up per Chris's list
2021,CCG,1,Conference Championship,12,Ivy,Yale,,Harvard,,129.5,124.08,Yale,scores from Sleeper week-12 matchup (Matchups_Historic); winner/runner-up per Chris's list
2021,CCG,1,Conference Championship,12,Mountain West,Colorado State,,Utah State,,125.4,105.74,Colorado State,scores from Sleeper week-12 matchup (Matchups_Historic); winner/runner-up per Chris's list
2021,CCG,1,Conference Championship,12,Ohio Valley,North Alabama,,Kennesaw State,,172.2,165.52,North Alabama,scores from Sleeper week-12 matchup (Matchups_Historic); winner/runner-up per Chris's list
2021,CCG,1,Conference Championship,12,PAC 12,Washington,,Arizona State,,123.52,122.4,Washington,scores from Sleeper week-12 matchup (Matchups_Historic); winner/runner-up per Chris's list
2021,CCG,1,Conference Championship,12,Pioneer,SE Missouri State,,Davidson,,131.12,95.96,SE Missouri State,scores from Sleeper week-12 matchup (Matchups_Historic); winner/runner-up per Chris's list
2021,CCG,1,Conference Championship,12,SEC,Vanderbilt,,Ole Miss,,127.66,70.42,Vanderbilt,scores from Sleeper week-12 matchup (Matchups_Historic); winner/runner-up per Chris's list
2021,CCG,1,Conference Championship,12,Sun Belt,UTEP,,UAB,,127.8,111.48,UTEP,scores from Sleeper week-12 matchup (Matchups_Historic); winner/runner-up per Chris's list
2021,CCG,1,Conference Championship,12,Wild,Montana,,Citadel,,139.82,137.92,Montana,scores from Sleeper week-12 matchup (Matchups_Historic); winner/runner-up per Chris's list
2021,Playoff,1,First Round,13,,Yale,1,Clemson,32,,,Yale,
2021,Playoff,1,First Round,13,,Davidson,16,Penn State,17,,,Davidson,
2021,Playoff,1,First Round,13,,Arkansas State,9,Wofford,24,,,Wofford,
2021,Playoff,1,First Round,13,,Baylor,8,Villanova,25,,,Baylor,
2021,Playoff,1,First Round,13,,Colorado State,12,Stony Brook,21,,,Stony Brook,
2021,Playoff,1,First Round,13,,Wisconsin,5,Army,28,,,Army,
2021,Playoff,1,First Round,13,,North Alabama,13,Oklahoma,20,,,Oklahoma,
2021,Playoff,1,First Round,13,,Virginia Tech,4,Iowa,29,,,Virginia Tech,
2021,Playoff,1,First Round,13,,UTEP,2,Texas State,31,,,Texas State,
2021,Playoff,1,First Round,13,,SE Missouri State,15,Rutgers,18,,,Rutgers,
2021,Playoff,1,First Round,13,,Washington,10,Chattanooga,23,,,Chattanooga,
2021,Playoff,1,First Round,13,,Jackson State,7,UAB,26,,,UAB,
2021,Playoff,1,First Round,13,,South Dakota State,11,Kennesaw State,22,,,Kennesaw State,SDSU confirmed = South Dakota State (by color)
2021,Playoff,1,First Round,13,,Vanderbilt,6,Brown,27,,,Brown,
2021,Playoff,1,First Round,13,,Youngstown State,14,Florida International,19,,,Youngstown State,
2021,Playoff,1,First Round,13,,Montana,3,North Dakota State,30,,,Montana,
2021,Playoff,2,Sweet 16,14,,Yale,,Davidson,,,,Davidson,
2021,Playoff,2,Sweet 16,14,,Wofford,,Baylor,,,,Wofford,
2021,Playoff,2,Sweet 16,14,,Stony Brook,,Army,,,,Army,
2021,Playoff,2,Sweet 16,14,,Oklahoma,,Virginia Tech,,,,Oklahoma,
2021,Playoff,2,Sweet 16,14,,Texas State,,Rutgers,,,,Texas State,
2021,Playoff,2,Sweet 16,14,,Chattanooga,,UAB,,,,Chattanooga,
2021,Playoff,2,Sweet 16,14,,Kennesaw State,,Brown,,,,Brown,
2021,Playoff,2,Sweet 16,14,,Youngstown State,,Montana,,,,Youngstown State,
2021,Playoff,3,Elite 8,15,,Davidson,,Wofford,,,,Davidson,
2021,Playoff,3,Elite 8,15,,Army,,Oklahoma,,,,Oklahoma,
2021,Playoff,3,Elite 8,15,,Texas State,,Chattanooga,,,,Texas State,
2021,Playoff,3,Elite 8,15,,Brown,,Youngstown State,,,,Youngstown State,
2021,Playoff,4,Final Four,16,,Davidson,,Oklahoma,,,,Oklahoma,
2021,Playoff,4,Final Four,16,,Texas State,,Youngstown State,,,,Youngstown State,
2021,Playoff,5,National Championship,17,,Oklahoma,,Youngstown State,,,,Youngstown State,
2021,NIT,5,Final,,,Eastern Kentucky,,,,,,Eastern Kentucky,"champion only, from draft-order sheet (matches summary)"
2021,Bowl,1,Bowl,,,UCLA,,,,,,UCLA,"bowl winner only, from Chris's draft-order sheet; opponent/score/bowl unknown"
2021,Bowl,1,Bowl,,,Arizona State,,,,,,Arizona State,"bowl winner only, from Chris's draft-order sheet; opponent/score/bowl unknown"
2021,Bowl,1,Bowl,,,Syracuse,,,,,,Syracuse,"bowl winner only, from Chris's draft-order sheet; opponent/score/bowl unknown"
2021,Bowl,1,Bowl,,,NC State,,,,,,NC State,"bowl winner only, from Chris's draft-order sheet; opponent/score/bowl unknown"
2021,Bowl,1,Bowl,,,North Carolina,,,,,,North Carolina,"bowl winner only, from Chris's draft-order sheet; opponent/score/bowl unknown"
2021,Bowl,1,Bowl,,,Kentucky,,,,,,Kentucky,"bowl winner only, from Chris's draft-order sheet; opponent/score/bowl unknown"
2021,Bowl,1,Bowl,,,Ole Miss,,,,,,Ole Miss,"bowl winner only, from Chris's draft-order sheet; opponent/score/bowl unknown"
2021,Bowl,1,Bowl,,,Nebraska,,,,,,Nebraska,"bowl winner only, from Chris's draft-order sheet; opponent/score/bowl unknown"
2021,Bowl,1,Bowl,,,West Virginia,,,,,,West Virginia,"bowl winner only, from Chris's draft-order sheet; opponent/score/bowl unknown"
2021,Bowl,1,Bowl,,,Texas A&M,,,,,,Texas A&M,"bowl winner only, from Chris's draft-order sheet; opponent/score/bowl unknown"
2021,Bowl,1,Bowl,,,Iowa State,,,,,,Iowa State,"bowl winner only, from Chris's draft-order sheet; opponent/score/bowl unknown"
2021,Bowl,1,Bowl,,,Missouri,,,,,,Missouri,"bowl winner only, from Chris's draft-order sheet; opponent/score/bowl unknown"
2021,Bowl,1,Bowl,,,Utah State,,,,,,Utah State,"bowl winner only, from Chris's draft-order sheet; opponent/score/bowl unknown"
2021,Bowl,1,Bowl,,,Memphis,,,,,,Memphis,"bowl winner only, from Chris's draft-order sheet; opponent/score/bowl unknown"
2021,Bowl,1,Bowl,,,Temple,,,,,,Temple,"bowl winner only, from Chris's draft-order sheet; opponent/score/bowl unknown"
2021,Bowl,1,Bowl,,,Citadel,,,,,,Citadel,"bowl winner only, from Chris's draft-order sheet; opponent/score/bowl unknown"
2021,Bowl,1,Bowl,,,Dartmouth,,,,,,Dartmouth,"bowl winner only, from Chris's draft-order sheet; opponent/score/bowl unknown"
2021,Bowl,1,Bowl,,,Bucknell,,,,,,Bucknell,"bowl winner only, from Chris's draft-order sheet; opponent/score/bowl unknown"
2021,Bowl,1,Bowl,,,Louisiana,,,,,,Louisiana,"bowl winner only, from Chris's draft-order sheet; opponent/score/bowl unknown"
2021,Bowl,1,Bowl,,,Bethune-Cookman,,,,,,Bethune-Cookman,"bowl winner only, from Chris's draft-order sheet; opponent/score/bowl unknown"
2021,Bowl,1,Bowl,,,Southern,,,,,,Southern,"bowl winner only, from Chris's draft-order sheet; opponent/score/bowl unknown"
2021,Bowl,1,Bowl,,,Grambling State,,,,,,Grambling State,"bowl winner only, from Chris's draft-order sheet; opponent/score/bowl unknown"
2021,Bowl,1,Bowl,,,Rhode Island,,,,,,Rhode Island,"bowl winner only, from Chris's draft-order sheet; opponent/score/bowl unknown"
2021,Bowl,1,Bowl,,,Richmond,,,,,,Richmond,"bowl winner only, from Chris's draft-order sheet; opponent/score/bowl unknown"
2021,Bowl,1,Bowl,,,Furman,,,,,,Furman,"bowl winner only, from Chris's draft-order sheet; opponent/score/bowl unknown"
2021,Bowl,1,Bowl,,,Dayton,,,,,,Dayton,"bowl winner only, from Chris's draft-order sheet; opponent/score/bowl unknown"
2021,Bowl,1,Bowl,,,North Carolina Central,,,,,,North Carolina Central,"bowl winner only, from Chris's draft-order sheet; opponent/score/bowl unknown"
2021,Bowl,1,Bowl,,,Jacksonville State,,,,,,Jacksonville State,"bowl winner only, from Chris's draft-order sheet; opponent/score/bowl unknown"
2022,CCG,1,Conference Championship,12,ACC,Clemson,,North Carolina,,173.74,157.56,Clemson,pulled from Sleeper by Chris 2026-10-06
2022,CCG,1,Conference Championship,12,Big 10,Purdue,,Iowa,,179.96,156.36,Purdue,pulled from Sleeper by Chris 2026-10-06
2022,CCG,1,Conference Championship,12,Big 12,Texas,,Iowa State,,178,133.56,Texas,pulled from Sleeper by Chris 2026-10-06
2022,CCG,1,Conference Championship,12,Big East,Coastal Carolina,,Army,,117.8,135.7,Army,pulled from Sleeper by Chris 2026-10-06
2022,CCG,1,Conference Championship,12,Big Sky,Portland State,,Richmond,,119.06,126.12,Richmond,pulled from Sleeper by Chris 2026-10-06
2022,CCG,1,Conference Championship,12,HBCU,Alcorn State,,Delaware State,,164.14,150.2,Alcorn State,pulled from Sleeper by Chris 2026-10-06
2022,CCG,1,Conference Championship,12,Ivy,Brown,,Cornell,,158.76,156,Brown,pulled from Sleeper by Chris 2026-10-06
2022,CCG,1,Conference Championship,12,Mountain West,Hawaii,,Air Force,,205.96,143.2,Hawaii,pulled from Sleeper by Chris 2026-10-06
2022,CCG,1,Conference Championship,12,Ohio Valley,Monmouth,,ETSU,,161.52,166.8,ETSU,pulled from Sleeper by Chris 2026-10-06
2022,CCG,1,Conference Championship,12,PAC 12,California,,Arizona State,,181.22,180.6,California,pulled from Sleeper by Chris 2026-10-06
2022,CCG,1,Conference Championship,12,Pioneer,Tennessee State,,Wofford,,132.32,167.2,Wofford,pulled from Sleeper by Chris 2026-10-06
2022,CCG,1,Conference Championship,12,SEC,Vanderbilt,,Ole Miss,,112.02,130.24,Ole Miss,corrected by Chris 2026-10-05 (summary sheet had 146.62-131.74 Vanderbilt)
2022,CCG,1,Conference Championship,12,Sun Belt,Tulane,,Memphis,,129.54,158.26,Memphis,pulled from Sleeper by Chris 2026-10-06
2022,CCG,1,Conference Championship,12,CUSA,Florida International,,Western Kentucky,,149.1,171.92,Western Kentucky,pulled from Sleeper by Chris 2026-10-06
2022,CCG,1,Conference Championship,12,Wild,North Dakota State,,Citadel,,129.82,191.84,Citadel,pulled from Sleeper by Chris 2026-10-06
2022,Playoff,1,First Round,,,Purdue,1,Western Kentucky,32,184.8,114.5,Purdue,
2022,Playoff,1,First Round,,,North Carolina,16,USC,17,123.9,183.4,USC,
2022,Playoff,1,First Round,,,Iowa,9,Syracuse,24,123.2,183.0,Syracuse,
2022,Playoff,1,First Round,,,Clemson,8,Brown,25,188.4,148.5,Clemson,
2022,Playoff,1,First Round,,,Florida International,4,Memphis,29,86.14,213.3,Memphis,
2022,Playoff,1,First Round,,,Army,13,Cornell,20,132.6,143.7,Cornell,
2022,Playoff,1,First Round,,,Wofford,12,Texas,21,133.0,122.9,Wofford,
2022,Playoff,1,First Round,,,North Dakota State,5,Central Michigan,28,170.7,118.0,North Dakota State,
2022,Playoff,1,First Round,,,Ole Miss,6,California,27,148.8,161.8,California,
2022,Playoff,1,First Round,,,Georgia Southern,11,Citadel,22,130.5,165.9,Citadel,
2022,Playoff,1,First Round,,,Tulane,14,Iowa State,19,126.1,147.2,Iowa State,
2022,Playoff,1,First Round,,,Hawaii,3,Richmond,30,141.9,170.9,Richmond,
2022,Playoff,1,First Round,,,ETSU,7,Charleston Southern,26,148.7,154.9,Charleston Southern,
2022,Playoff,1,First Round,,,Portland State,10,Auburn,23,128.0,154.6,Auburn,
2022,Playoff,1,First Round,,,Campbell,15,Davidson,18,143.7,200.6,Davidson,
2022,Playoff,1,First Round,,,Arizona State,2,Alcorn State,31,159.2,122.8,Arizona State,
2022,Playoff,2,Second Round,,,Purdue,1,USC,17,167.1,128.9,Purdue,
2022,Playoff,2,Second Round,,,Syracuse,24,Clemson,8,115.0,176.6,Clemson,
2022,Playoff,2,Second Round,,,Memphis,29,Cornell,20,186.7,144.8,Memphis,
2022,Playoff,2,Second Round,,,Wofford,12,North Dakota State,5,163.4,173.2,North Dakota State,
2022,Playoff,2,Second Round,,,California,27,Citadel,22,128.9,87.66,California,
2022,Playoff,2,Second Round,,,Iowa State,19,Richmond,30,135.6,118.6,Iowa State,
2022,Playoff,2,Second Round,,,Charleston Southern,26,Auburn,23,165.5,127.7,Charleston Southern,
2022,Playoff,2,Second Round,,,Davidson,18,Arizona State,2,151.3,182.9,Arizona State,
2022,Playoff,3,Elite 8,,Sugar Bowl,Purdue,1,Clemson,8,151.9,209.5,Clemson,
2022,Playoff,3,Elite 8,,Cotton Bowl,Memphis,29,North Dakota State,5,191.7,168.4,Memphis,
2022,Playoff,3,Elite 8,,Orange Bowl,California,27,Iowa State,19,120.2,177.8,Iowa State,
2022,Playoff,3,Elite 8,,Peach Bowl,Charleston Southern,26,Arizona State,2,182.4,175.9,Charleston Southern,
2022,Playoff,4,Final Four,,Rose Bowl,Clemson,8,Memphis,29,201.2,184.7,Clemson,
2022,Playoff,4,Final Four,,Fiesta Bowl,Iowa State,19,Charleston Southern,26,160.4,174.9,Charleston Southern,
2022,Playoff,5,National Championship,,,Clemson,8,Charleston Southern,26,177.8,193.1,Charleston Southern,
2022,NIT,1,Group Stage 1,,Group A,Nebraska | Arkansas | Arizona | South Dakota,,,,93.66 | 78.98 | 48.3 | 101.48,,South Dakota,"4-team group, top score advances"
2022,NIT,1,Group Stage 1,,Group B,South Dakota State | UNC Charlotte | North Alabama | Rhode Island,,,,117.44 | 109.16 | 112.12 | 62.72,,South Dakota State,"4-team group, top score advances"
2022,NIT,1,Group Stage 1,,Group C,North Carolina A&T | Dayton | Notre Dame | Alabama A&M,,,,140.6 | 138.46 | 151.92 | ,,Notre Dame,"4-team group, top score advances | blank score = no score shown"
2022,NIT,1,Group Stage 1,,Group D,Morehead State | Ohio State | Colorado | UCONN,,,,155.3 | 120.82 | 80.5 | 105.16,,Morehead State,"4-team group, top score advances"
2022,NIT,1,Group Stage 1,,Group E,Weber State | Georgia State | Northern Iowa | Furman,,,,95.12 | 72.16 | 115.72 | 131.4,,Furman,"4-team group, top score advances"
2022,NIT,1,Group Stage 1,,Group F,Dartmouth | Wisconsin | Jacksonville State | Harvard,,,,163.82 | 193.9 | 117.06 | 109.8,,Wisconsin,"4-team group, top score advances"
2022,NIT,1,Group Stage 1,,Group G,Eastern Michigan | Arkansas State | UTSA | NC State,,,,94.64 | 159.6 | 127.6 | 98.18,,Arkansas State,"4-team group, top score advances"
2022,NIT,1,Group Stage 1,,Group H,UCF | SE Missouri State | Grambling State | Pittsburgh,,,,98.64 | 108.32 | 151.3 | 106.4,,Grambling State,"4-team group, top score advances"
2022,NIT,1,Group Stage 1,,Group I,Temple | Michigan State | Belmont | Tennessee,,,,95.46 | 50.14 | 120.3 | 151.54,,Tennessee,"4-team group, top score advances"
2022,NIT,1,Group Stage 1,,Group J,UT Martin | Illinois | Georgia | LSU,,,,161.34 | 79.7 | 158.58 | 109.22,,UT Martin,"4-team group, top score advances"
2022,NIT,1,Group Stage 1,,Group K,South Carolina | Missouri | William & Mary | Columbia,,,,102.14 | 102.6 | 132.04 | 109.7,,William & Mary,"4-team group, top score advances"
2022,NIT,1,Group Stage 1,,Group L,Southern | Murray State | Holy Cross | Bethune-Cookman,,,,123.24 | 99.42 | 98.44 | 112.7,,Southern,"4-team group, top score advances"
2022,NIT,1,Group Stage 1,,Group M,South Alabama | Marshall | Miami | Kentucky,,,,94.14 | 37.7 | 115.34 | 111.58,,Miami,"4-team group, top score advances"
2022,NIT,1,Group Stage 1,,Group N,Austin Peay | Tulsa | Maryland | Southern Miss,,,,129.3 | 142.6 | 114.42 | 124.3,,Tulsa,"4-team group, top score advances"
2022,NIT,1,Group Stage 1,,Group O,Boise State | Villanova | Louisville | Mississippi Valley State,,,,212.8 | 130.9 | 118.0 | 62.7,,Boise State,"4-team group, top score advances"
2022,NIT,1,Group Stage 1,,Group P,Duke | San Diego State | FSU | Idaho,,,,140.8 | 94.68 | 137.52 | 63.54,,Duke,"4-team group, top score advances"
2022,NIT,1,Group Stage 1,,Group Q,James Madison | Virginia | Wichita State | Kansas,,,,91.64 | 122.94 | 122.0 | 102.54,,Virginia,"4-team group, top score advances"
2022,NIT,1,Group Stage 1,,Group R,Colgate | BYU | Washington | Florida Atlantic,,,,130.04 | 104.3 | 84.54 | 117.08,,Colgate,"4-team group, top score advances"
2022,NIT,1,Group Stage 1,,Group S,Boston College | Nevada | Delaware | Kansas State,,,,133.78 | 120.22 | 161.48 | 147.6,,Delaware,"4-team group, top score advances"
2022,NIT,1,Group Stage 1,,Group T,North Carolina Central | Georgia Tech | Rice | Oregon State,,,,88.74 | 155.36 | 114.1 | 119.68,,Georgia Tech,"4-team group, top score advances"
2022,NIT,1,Group Stage 1,,Group U,Louisiana Monroe | Oregon | Utah State | Northwestern,,,,121.0 | 107.7 | 142.72 | 120.3,,Utah State,"4-team group, top score advances"
2022,NIT,1,Group Stage 1,,Group V,Maine | San Jose State | Butler | Oklahoma State,,,,103.3 | 86.04 | 47.0 | 133.84,,Oklahoma State,"4-team group, top score advances"
2022,NIT,1,Group Stage 1,,Group W,Middle Tennessee State | Kennesaw State | Georgetown | Chattanooga,,,,147.04 | 108.12 | 145.6 | 106.3,,Middle Tennessee State,"4-team group, top score advances"
2022,NIT,1,Group Stage 1,,Group X,Bucknell | Stony Brook | Washington State | UNLV,,,,76.32 | 105.36 | 129.86 | ,,Washington State,"4-team group, top score advances | blank score = no score shown"
2022,NIT,2,Group Stage 2,14,Group A,Boise State | William & Mary | South Dakota,1 | 2 | 3,,,122.96 | 124.76 | 97.8,,William & Mary,"3-team group, top score advances"
2022,NIT,2,Group Stage 2,14,Group B,Grambling State | Colgate | Southern,4 | 5 | 6,,,172.1 | 155.66 | 100.5,,Grambling State,"3-team group, top score advances"
2022,NIT,2,Group Stage 2,14,Group C,Utah State | Washington State | Furman,7 | 8 | 9,,,125.68 | 167.62 | 94.36,,Washington State,"3-team group, top score advances"
2022,NIT,2,Group Stage 2,14,Group D,Duke | Morehead State | UT Martin,10 | 11 | 12,,,131.48 | 151.4 | 111.12,,Morehead State,"3-team group, top score advances"
2022,NIT,2,Group Stage 2,14,Group E,Virginia | Tennessee | Wisconsin,13 | 14 | 15,,,76.96 | 90.68 | 145.96,,Wisconsin,"3-team group, top score advances"
2022,NIT,2,Group Stage 2,14,Group F,South Dakota State | Notre Dame | Middle Tennessee State,16 | 17 | 18,,,129.56 | 161.68 | 88.56,,Notre Dame,"3-team group, top score advances"
2022,NIT,2,Group Stage 2,14,Group G,Georgia Tech | Miami | Oklahoma State,19 | 20 | 21,,,97.98 | 129.8 | 75.2,,Miami,"3-team group, top score advances"
2022,NIT,2,Group Stage 2,14,Group H,Tulsa | Delaware | Arkansas State,22 | 23 | 24,,,172.88 | 122.6 | 168.38,,Tulsa,"3-team group, top score advances"
2022,NIT,3,Quarterfinal,,,William & Mary,,Grambling State,,101.8,77.74,William & Mary,
2022,NIT,3,Quarterfinal,,,Washington State,,Morehead State,,167.42,135.48,Washington State,
2022,NIT,3,Quarterfinal,,,Wisconsin,,Notre Dame,,158.04,130.36,Wisconsin,
2022,NIT,3,Quarterfinal,,,Miami,,Tulsa,,120.2,93.22,Miami,
2022,NIT,4,Semifinal,,,William & Mary,,Washington State,,164,195.56,Washington State,
2022,NIT,4,Semifinal,,,Wisconsin,,Miami,,140.28,85.6,Wisconsin,
2022,NIT,5,Final,,,Washington State,,Wisconsin,,128.38,101.18,Washington State,
2022,Bowl,1,Bowl,13,Belk Bowl,Delaware State,,Texas State,,148.8,109.74,Delaware State,
2022,Bowl,1,Bowl,13,Liberty Bowl,Wyoming,,Mississippi State,,156.5,148.04,Wyoming,
2022,Bowl,1,Bowl,13,Independence Bowl,Tennessee State,,Rutgers,,114.42,107.76,Tennessee State,
2022,Bowl,1,Bowl,13,Ice Bowl,Wake Forest,,Eastern Washington,,130.62,166.88,Eastern Washington,
2022,Bowl,1,Bowl,13,Gator Bowl,UAB,,Utah,,119.62,147.18,Utah,
2022,Bowl,1,Bowl,13,Alamo Bowl,North Texas,,Penn State,,133.62,108.1,North Texas,
2022,Bowl,1,Bowl,13,Armed Forces Bowl,Louisiana,,Stanford,,119.72,102.7,Louisiana,
2022,Bowl,1,Bowl,13,Military Bowl,Texas A&M,,Colorado State,,121.64,145.6,Colorado State,
2022,Bowl,1,Bowl,13,Las Vegas Bowl,Old Dominion,,Baylor,,148.04,110.06,Old Dominion,
2022,Bowl,1,Bowl,13,Texas Bowl,Princeton,,TCU,,123.0,153.84,TCU,
2022,Bowl,1,Bowl,13,New Orleans Bowl,USF,,Tuskegee,,131.08,156.64,Tuskegee,
2022,Bowl,1,Bowl,13,Idaho Potato Bowl,Oklahoma,,Eastern Kentucky,,164.44,110.84,Oklahoma,
2022,Bowl,1,Bowl,13,New Mexico Bowl,Montana State,,Alabama,,147.24,76.24,Montana State,
2022,Bowl,1,Bowl,13,EA Sports Bowl,Montana,,Yale,,176.36,154.66,Montana,
2022,Bowl,1,Bowl,13,Bahamas Bowl,Youngstown State,,Monmouth,,176.6,132.44,Youngstown State,
2022,Bowl,1,Bowl,13,Brooklyn Bowl,Indiana,,Jackson State,,143.28,165.02,Jackson State,
2022,Bowl,1,Bowl,13,Boca Raton Bowl,Florida A&M,,New Mexico,,91.16,136.96,New Mexico,
2022,Bowl,1,Bowl,13,TaxSlayer Bowl,Michigan,,Troy,,125.06,174.4,Troy,
2022,Bowl,1,Bowl,13,Duke's Mayonnaise Bowl,Florida,,Louisiana Tech,,64.2,141.92,Louisiana Tech,
2022,Bowl,1,Bowl,13,Birmingham Bowl,Coastal Carolina,,Penn,,162.04,120.6,Coastal Carolina,
2022,Bowl,1,Bowl,14,Holiday Bowl,Central Arkansas,,Texas Tech,,41.76,139.18,Texas Tech,
2022,Bowl,1,Bowl,14,Music City Bowl,Howard,,Lehigh,,84.1,143.98,Lehigh,
2022,Bowl,1,Bowl,14,Outback Bowl,UCLA,,West Virginia,,119.06,168.78,West Virginia,
2022,Bowl,1,Bowl,14,Citrus Bowl,Air Force,,UTEP,,132.26,97.82,Air Force,
2022,Bowl,1,Bowl,14,Sun Bowl,Virginia Tech,,Navy,,125.04,147.98,Navy,
2022,Bowl,1,Bowl,14,Capital One Bowl,Vanderbilt,,Minnesota,,124.08,161.76,Minnesota,
2023,CCG,1,Conference Championship,12,Mountain West,Hawaii,19,Air Force,14,169.96,140.6,Hawaii,"regular-season records Hawaii 8-3, Air Force 10-1; seed cols = national rank"
2023,CCG,1,Conference Championship,12,Ohio Valley,North Alabama,,Charleston Southern,6,171.66,187.1,Charleston Southern,"regular-season records North Alabama 7-4, Charleston Southern 9-2; seed cols = national rank"
2023,CCG,1,Conference Championship,12,HBCU,Alcorn State,,Jackson State,8,184.62,149.42,Alcorn State,"regular-season records Alcorn State 8-3, Jackson State 10-1; seed cols = national rank"
2023,CCG,1,Conference Championship,12,CUSA,Louisiana Monroe,,Western Kentucky,,158.44,148.16,Louisiana Monroe,"regular-season records Louisiana Monroe 8-3, Western Kentucky 8-3; seed cols = national rank"
2023,CCG,1,Conference Championship,12,Ivy,Dartmouth,,Lehigh,,214.66,140.82,Dartmouth,"regular-season records Dartmouth 8-3, Lehigh 8-3; seed cols = national rank"
2023,CCG,1,Conference Championship,12,Wild,North Dakota State,10,Old Dominion,1,174.7,132.48,North Dakota State,"regular-season records North Dakota State 10-1, Old Dominion 11-0; seed cols = national rank"
2023,CCG,1,Conference Championship,12,Big Sky,Portland State,9,Richmond,25,214.46,141.4,Portland State,"regular-season records Portland State 10-1, Richmond 7-4; seed cols = national rank"
2023,CCG,1,Conference Championship,12,Pioneer,UT Martin,20,Davidson,6,170.38,183.8,Davidson,"regular-season records UT Martin 8-3, Davidson 10-1; seed cols = national rank"
2023,CCG,1,Conference Championship,12,Sun Belt,Georgia Southern,,Memphis,,168.24,182.1,Memphis,"regular-season records Georgia Southern 8-3, Memphis 8-3; seed cols = national rank"
2023,CCG,1,Conference Championship,12,Big East,Notre Dame,23,Syracuse,3,138.34,212,Syracuse,"regular-season records Notre Dame 9-2, Syracuse 11-0; seed cols = national rank"
2023,CCG,1,Conference Championship,12,SEC,Kentucky,,Mississippi State,13,134.62,159.28,Mississippi State,"regular-season records Kentucky 8-3, Mississippi State 9-2; seed cols = national rank"
2023,CCG,1,Conference Championship,12,Big 12,Baylor,,Iowa State,16,199.26,128.66,Baylor,"regular-season records Baylor 7-4, Iowa State 9-2; seed cols = national rank"
2023,CCG,1,Conference Championship,12,ACC,Clemson,3,Virginia Tech,,197.12,159.32,Clemson,"regular-season records Clemson 10-1, Virginia Tech 6-5; seed cols = national rank"
2023,CCG,1,Conference Championship,12,PAC 12,California,,Arizona State,2,177.26,157.12,California,"regular-season records California 7-4, Arizona State 10-1; seed cols = national rank"
2023,CCG,1,Conference Championship,12,Big 10,Indiana,,Minnesota,5,187.26,204.06,Minnesota,"regular-season records Indiana 8-3, Minnesota 10-1; seed cols = national rank"
2023,Playoff,1,First Round,,,Syracuse,1,Indiana,32,170.1,170.6,Indiana,
2023,Playoff,1,First Round,,,Iowa State,16,Kennesaw State,17,160.9,184.4,Kennesaw State,
2023,Playoff,1,First Round,,,Arizona State,9,Campbell,24,185.4,118.6,Arizona State,
2023,Playoff,1,First Round,,,Charleston Southern,8,UT Martin,25,174.8,129.6,Charleston Southern,
2023,Playoff,1,First Round,,,Old Dominion,4,Memphis,29,179.3,171.9,Old Dominion,
2023,Playoff,1,First Round,,,ETSU,13,Wisconsin,20,170.9,141.3,ETSU,
2023,Playoff,1,First Round,,,Utah,12,Dartmouth,21,197.5,157,Utah,
2023,Playoff,1,First Round,,,Clemson,5,Notre Dame,28,194.6,115.5,Clemson,
2023,Playoff,1,First Round,,,North Dakota State,6,Baylor,27,153.4,186.7,Baylor,
2023,Playoff,1,First Round,,,Jackson State,11,Louisiana Monroe,22,163.3,175.4,Louisiana Monroe,
2023,Playoff,1,First Round,,,Hawaii,14,Air Force,19,144.2,192.8,Air Force,
2023,Playoff,1,First Round,,,Davidson,3,Georgia Southern,30,176.3,201.2,Georgia Southern,
2023,Playoff,1,First Round,,,Portland State,7,Boston College,26,153.9,122.6,Portland State,
2023,Playoff,1,First Round,,,Mississippi State,10,California,23,169.7,139.8,Mississippi State,
2023,Playoff,1,First Round,,,Army,15,LSU,18,129.6,168.6,LSU,
2023,Playoff,1,First Round,,,Minnesota,2,Alcorn State,31,147.6,152.7,Alcorn State,
2023,Playoff,2,Sweet 16,,,Indiana,32,Kennesaw State,17,162,146.8,Indiana,
2023,Playoff,2,Sweet 16,,,Arizona State,9,Charleston Southern,8,139,155.9,Charleston Southern,
2023,Playoff,2,Sweet 16,,,Old Dominion,4,ETSU,13,129.4,142.5,ETSU,
2023,Playoff,2,Sweet 16,,,Utah,12,Clemson,5,154,143.6,Utah,
2023,Playoff,2,Sweet 16,,,Baylor,27,Louisiana Monroe,22,156.8,177.7,Louisiana Monroe,
2023,Playoff,2,Sweet 16,,,Air Force,19,Georgia Southern,30,102.6,170.6,Georgia Southern,
2023,Playoff,2,Sweet 16,,,Portland State,7,Mississippi State,10,176.8,96.64,Portland State,
2023,Playoff,2,Sweet 16,,,LSU,18,Alcorn State,31,176.3,112.4,LSU,
2023,Playoff,3,Elite 8,,Orange Bowl,Indiana,32,Charleston Southern,8,118.1,167.9,Charleston Southern,
2023,Playoff,3,Elite 8,,Cotton Bowl,ETSU,13,Utah,12,129.3,133.6,Utah,
2023,Playoff,3,Elite 8,,Fiesta Bowl,Louisiana Monroe,22,Georgia Southern,30,153.8,161.7,Georgia Southern,
2023,Playoff,3,Elite 8,,Peach Bowl,Portland State,7,LSU,18,140.3,201.1,LSU,
2023,Playoff,4,Final Four,,Rose Bowl,Charleston Southern,8,Utah,12,142.6,197.6,Utah,
2023,Playoff,4,Final Four,,Sugar Bowl,Georgia Southern,30,LSU,18,122,153.7,LSU,
2023,Playoff,5,National Championship,,,Utah,12,LSU,18,,,LSU,scores not shown in image
2023,NIT,1,Group Stage 1,13,Group A,USC | Princeton | Mississippi Valley State | UCF,,,,68.52 | 95.68 | 132 | 59.6,,Mississippi Valley State,"4-team group, top score advances"
2023,NIT,1,Group Stage 1,13,Group B,Arizona | Nevada | Southern,,,,89.26 | 170.26 | 174.98,,Southern,"3-team group, top score advances"
2023,NIT,1,Group Stage 1,13,Group C,Wake Forest | Vanderbilt | Troy | Central Michigan,,,,111.4 | 48.92 | 135.02 | 180.96,,Central Michigan,"4-team group, top score advances"
2023,NIT,1,Group Stage 1,13,Group D,Florida A&M | UNC Charlotte | Georgia State | Miami,,,,92.4 | 47.12 | 88.32 | 75.04,,Florida A&M,"4-team group, top score advances"
2023,NIT,1,Group Stage 1,13,Group E,Alabama A&M | Kansas | Murray State,,,,56.26 | 108.36 | 93.6,,Kansas,"3-team group, top score advances"
2023,NIT,1,Group Stage 1,13,Group F,Southern Miss | USF | Colgate | Wyoming,,,,76.56 | 132.46 | 126.56 | 143.42,,Wyoming,"4-team group, top score advances"
2023,NIT,1,Group Stage 1,13,Group G,Coastal Carolina | Alabama | Georgia Tech,,,,167.22 | 123.16 | 65.36,,Coastal Carolina,"3-team group, top score advances"
2023,NIT,1,Group Stage 1,13,Group H,Arkansas | Monmouth | Rhode Island | Furman,,,,120.56 | 125.12 | 84.12 | 113.04,,Monmouth,"4-team group, top score advances"
2023,NIT,1,Group Stage 1,13,Group I,Illinois | Missouri | Stony Brook,,,,76.58 | 42.98 | 76.58,,Stony Brook,"3-team group, top score advances | tie 76.58 with Illinois; Stony Brook advanced (tiebreak unknown)"
2023,NIT,1,Group Stage 1,13,Group J,Eastern Washington | Oregon State | Nebraska | Central Arkansas,,,,106.9 | 164.98 | 112.1 | 74.84,,Oregon State,"4-team group, top score advances"
2023,NIT,1,Group Stage 1,13,Group K,Austin Peay | Texas Tech | Louisville | Tulsa,,,,127.06 | 137.36 | 163.5 | 170.68,,Tulsa,"4-team group, top score advances"
2023,NIT,1,Group Stage 1,13,Group L,Colorado State | North Carolina Central | Tulane,,,,76.84 | 153.14 | 77.46,,North Carolina Central,"3-team group, top score advances"
2023,NIT,1,Group Stage 1,13,Group M,Rutgers | Louisiana | Weber State | Columbia,,,,49.28 | 102 | 58.08 | 146.2,,Columbia,"4-team group, top score advances"
2023,NIT,1,Group Stage 1,13,Group N,Tennessee | South Dakota | Utah State,,,,102.26 | 91.34 | 89.92,,Tennessee,"3-team group, top score advances"
2023,NIT,1,Group Stage 1,13,Group O,Belmont | Michigan | San Diego State | Brown,,,,141.66 | 66.7 | 110.1 | 82.8,,Belmont,"4-team group, top score advances"
2023,NIT,1,Group Stage 1,13,Group P,Butler | Harvard | Jacksonville State | Colorado,,,,87.7 | 76.22 | 56.16 | 66.16,,Butler,"4-team group, top score advances"
2023,NIT,1,Group Stage 1,13,Group Q,BYU | Eastern Kentucky | Howard,,,,71.26 | 138.8 | 89.7,,Eastern Kentucky,"3-team group, top score advances"
2023,NIT,1,Group Stage 1,13,Group R,Maryland | Holy Cross | Stanford | Navy,,,,70.66 | 128.96 | 99.24 | 39.5,,Holy Cross,"4-team group, top score advances"
2023,NIT,1,Group Stage 1,13,Group S,James Madison | Oregon | Louisiana Tech,,,,102.78 | 90.58 | 84.2,,James Madison,"3-team group, top score advances"
2023,NIT,1,Group Stage 1,13,Group T,South Dakota State | North Carolina A&T | Michigan State | Maine,,,,33.3 | 26.42 | 68.2 | 77.36,,Maine,"4-team group, top score advances"
2023,NIT,1,Group Stage 1,13,Group U,Marshall | Oklahoma | South Carolina,,,,121.3 | 71.2 | 148.08,,South Carolina,"3-team group, top score advances"
2023,NIT,1,Group Stage 1,13,Group V,Northern Iowa | Morehead State | UNLV | Iowa,,,,75.26 | 66.7 | 190.48 | 119.88,,UNLV,"4-team group, top score advances"
2023,NIT,1,Group Stage 1,13,Group W,Eastern Michigan | South Alabama | Washington State,,,,89 | 162.16 | 183.42,,Washington State,"3-team group, top score advances"
2023,NIT,1,Group Stage 1,13,Group X,Virginia | Georgia | Northwestern | San Jose State,,,,114.86 | 129.88 | 57.42 | 52.46,,Georgia,"4-team group, top score advances"
2023,NIT,2,Group Stage 2,14,Group A,Monmouth | Holy Cross | Tulsa,,,,98.98 | 150.24 | 126.82,,Holy Cross,"3-team group, top score advances"
2023,NIT,2,Group Stage 2,14,Group B,James Madison | UNLV | Tennessee,,,,80.62 | 191.42 | 99.74,,UNLV,"3-team group, top score advances"
2023,NIT,2,Group Stage 2,14,Group C,Maine | Belmont | Columbia,,,,100.64 | 130.24 | 150.64,,Columbia,"3-team group, top score advances"
2023,NIT,2,Group Stage 2,14,Group D,Southern | Oregon State | Coastal Carolina,,,,169.14 | 127.22 | 144.94,,Southern,"3-team group, top score advances"
2023,NIT,2,Group Stage 2,14,Group E,Butler | South Carolina | Kansas,,,,115.4 | 82.32 | 77.62,,Butler,"3-team group, top score advances"
2023,NIT,2,Group Stage 2,14,Group F,Stony Brook | Central Michigan | Eastern Kentucky,,,,59.14 | 169.02 | 91.6,,Central Michigan,"3-team group, top score advances"
2023,NIT,2,Group Stage 2,14,Group G,Washington State | Georgia | Florida A&M,,,,126.28 | 84.22 | 105.9,,Washington State,"3-team group, top score advances"
2023,NIT,2,Group Stage 2,14,Group H,Mississippi Valley State | Wyoming | North Carolina Central,,,,114.3 | 111.28 | 161.04,,North Carolina Central,"3-team group, top score advances"
2023,NIT,3,Quarterfinal,15,,Holy Cross,,UNLV,,154.42,154.84,UNLV,
2023,NIT,3,Quarterfinal,15,,Columbia,,Southern,,108.44,166.94,Southern,
2023,NIT,3,Quarterfinal,15,,Butler,,Central Michigan,,123.22,82.34,Butler,
2023,NIT,3,Quarterfinal,15,,Washington State,,North Carolina Central,,163.66,119.74,Washington State,
2023,NIT,4,Semifinal,,,UNLV,,Southern,,129.3,174.18,Southern,
2023,NIT,4,Semifinal,,,Butler,,Washington State,,89.62,136.14,Washington State,
2023,NIT,5,Final,,,Southern,,Washington State,,,,Southern,scores not shown; champion per summary
2023,Bowl,1,Bowl,13,Birmingham Bowl,Cornell,,Idaho,,149.58,125.6,Cornell,
2023,Bowl,1,Bowl,13,Boca Raton Bowl,Dayton,,Duke,,140.96,89.52,Dayton,
2023,Bowl,1,Bowl,13,Camellia Bowl,Villanova,,Florida,,117.74,110.02,Villanova,
2023,Bowl,1,Bowl,13,Cure Bowl,William & Mary,,Rice,,161.66,133.82,William & Mary,
2023,Bowl,1,Bowl,13,International Bowl,UCONN,,Texas State,,125.36,101.26,UCONN,
2023,Bowl,1,Bowl,13,LA Bowl,Delaware State,,Delaware,,158.04,96.52,Delaware State,
2023,Bowl,1,Bowl,13,Pinstripe Bowl,Oklahoma State,,North Texas,,177.24,146.08,Oklahoma State,
2023,Bowl,1,Bowl,14,New Mexico Bowl,Virginia Tech,,Temple,,160.22,143.54,Virginia Tech,
2023,Bowl,1,Bowl,14,Idaho Potato Bowl,Tuskegee,,West Virginia,,159.72,138.16,Tuskegee,
2023,Bowl,1,Bowl,14,Arizona Bowl,Kansas State,,Ohio State,,144.98,135.64,Kansas State,
2023,Bowl,1,Bowl,14,Brooklyn Bowl,Grambling State,,Bucknell,,128.76,108.38,Grambling State,
2023,Bowl,1,Bowl,14,Miami Beach Bowl,SE Missouri State,,Chattanooga,,127.16,68.44,SE Missouri State,
2023,Bowl,1,Bowl,14,Poinsettia Bowl,TCU,,Middle Tennessee State,,121.44,92.34,TCU,
2023,Bowl,1,Bowl,14,Texas Bowl,Arkansas State,,Texas,,120.34,101.74,Arkansas State,
2023,Bowl,1,Bowl,14,Fenway Bowl,UTSA,,North Carolina,,118.62,112.84,UTSA,
2023,Bowl,1,Bowl,15,Aloha Bowl,Texas A&M,,Washington,,174.74,159.24,Texas A&M,
2023,Bowl,1,Bowl,15,Gasparilla Bowl,Penn State,,Ole Miss,,157.2,128.14,Penn State,
2023,Bowl,1,Bowl,15,Military Bowl,Purdue,,Wofford,,152.16,139.26,Purdue,
2023,Bowl,1,Bowl,15,Bahamas Bowl,Youngstown State,,North Alabama,,146.92,119.24,Youngstown State,
2023,Bowl,1,Bowl,15,Las Vegas Bowl,Richmond,,Boise State,,145.12,109.26,Richmond,
2023,Bowl,1,Bowl,15,Armed Forces Bowl,Florida International,,FSU,,141.24,140.66,Florida International,
2023,Bowl,1,Bowl,15,Sun Bowl,Pittsburgh,,NC State,,140.62,40.56,Pittsburgh,
2023,Bowl,1,Bowl,15,Citrus Bowl,New Mexico,,UTEP,,134.16,130.64,New Mexico,
2023,Bowl,1,Bowl,16,Tangerine Bowl,Penn,,Auburn,,163.14,117.78,Penn,total = sum of 11 starter scores (no total shown)
2023,Bowl,1,Bowl,16,Liberty Bowl,Montana,,Kentucky,,134.1,156.52,Kentucky,total = sum of 11 starter scores (no total shown)
2023,Bowl,1,Bowl,16,Independence Bowl,Montana State,,Lehigh,,132.78,125.48,Montana State,total = sum of 11 starter scores (no total shown)
2023,Bowl,1,Bowl,16,New Orleans Bowl,Georgetown,,Western Kentucky,,115.72,145.32,Western Kentucky,total = sum of 11 starter scores (no total shown)
2023,Bowl,1,Bowl,16,Gator Bowl,UCLA,,Wichita State,,141.1,187.32,Wichita State,total = sum of 11 starter scores (no total shown)
2023,Bowl,1,Bowl,16,Holiday Bowl,Citadel,,UAB,,106.28,157.78,UAB,total = sum of 11 starter scores (no total shown)
2023,Bowl,1,Bowl,16,Music City Bowl,Bethune-Cookman,,Yale,,168.6,164.6,Bethune-Cookman,total = sum of 11 starter scores (no total shown)
2023,Bowl,1,Bowl,16,Alamo Bowl,Tennessee State,,Florida Atlantic,,170.58,121.22,Tennessee State,total = sum of 11 starter scores (no total shown)
2024,CCG,1,Conference Championship,12,Mountain West,Wyoming,,Nevada,,117.06,114.38,Wyoming,"regular-season records Wyoming 8-3, Nevada 9-2; seed cols = national rank"
2024,CCG,1,Conference Championship,12,Ohio Valley,Eastern Kentucky,,Chattanooga,,92.66,89.42,Eastern Kentucky,"regular-season records Eastern Kentucky 7-4, Chattanooga 8-3; seed cols = national rank"
2024,CCG,1,Conference Championship,12,HBCU,Alabama A&M,,Jackson State,,129.48,156.66,Jackson State,"regular-season records Alabama A&M 9-2, Jackson State 6-5; seed cols = national rank"
2024,CCG,1,Conference Championship,12,CUSA,Florida International,18,Troy,6,136.18,153.36,Troy,"regular-season records Florida International 9-2, Troy 10-1; seed cols = national rank"
2024,CCG,1,Conference Championship,12,Ivy,Yale,,Cornell,,126.2,120.4,Yale,"regular-season records Yale 8-3, Cornell 9-2; seed cols = national rank"
2024,CCG,1,Conference Championship,12,Wild,Montana,10,Old Dominion,3,203.12,119.06,Montana,"regular-season records Montana 9-2, Old Dominion 10-1; seed cols = national rank"
2024,CCG,1,Conference Championship,12,Big Sky,Youngstown State,2,Richmond,14,154.78,163.36,Richmond,"regular-season records Youngstown State 11-0, Richmond 9-2; seed cols = national rank"
2024,CCG,1,Conference Championship,12,Pioneer,Holy Cross,,Wofford,3,148.48,135.88,Holy Cross,"regular-season records Holy Cross 9-2, Wofford 11-0; seed cols = national rank"
2024,CCG,1,Conference Championship,12,Sun Belt,UAB,,Temple,11,142.56,126.98,UAB,"regular-season records UAB 7-4, Temple 9-2; seed cols = national rank"
2024,CCG,1,Conference Championship,12,Big East,Coastal Carolina,8,Syracuse,5,115.76,111.56,Coastal Carolina,"regular-season records Coastal Carolina 8-3, Syracuse 10-1; seed cols = national rank"
2024,CCG,1,Conference Championship,12,SEC,Florida,20,LSU,,190.86,144.16,Florida,"regular-season records Florida 10-1, LSU 7-4; seed cols = national rank"
2024,CCG,1,Conference Championship,12,Big 12,Baylor,17,Oklahoma State,23,119.3,168.32,Oklahoma State,"regular-season records Baylor 8-3, Oklahoma State 9-2; seed cols = national rank"
2024,CCG,1,Conference Championship,12,ACC,Clemson,1,North Carolina,,183.56,149.76,Clemson,"regular-season records Clemson 11-0, North Carolina 7-4; seed cols = national rank"
2024,CCG,1,Conference Championship,12,PAC 12,Washington State,12,UCLA,6,101.48,153.2,UCLA,"regular-season records Washington State 9-2, UCLA 10-1; seed cols = national rank"
2024,CCG,1,Conference Championship,12,Big 10,Ohio State,,Minnesota,22,160.96,132.08,Ohio State,"regular-season records Ohio State 9-2, Minnesota 8-3; seed cols = national rank"
2024,Playoff,1,First Round,,,Clemson,1,Jackson State,32,142.6,153.2,Jackson State,
2024,Playoff,1,First Round,,,Florida International,16,Purdue,17,147,161.7,Purdue,
2024,Playoff,1,First Round,,,Montana State,9,Colgate,24,191,127.4,Montana State,
2024,Playoff,1,First Round,,,Montana,8,Davidson,25,102.2,133.6,Davidson,
2024,Playoff,1,First Round,,,Old Dominion,4,Alabama A&M,29,143.9,109.1,Old Dominion,
2024,Playoff,1,First Round,,,Baylor,13,Minnesota,20,156.1,162,Minnesota,
2024,Playoff,1,First Round,,,Temple,12,Ohio State,21,162.2,153.8,Temple,
2024,Playoff,1,First Round,,,Syracuse,5,Wyoming,28,144.5,118.8,Syracuse,
2024,Playoff,1,First Round,,,UCLA,6,Nevada,27,166.8,132.1,UCLA,
2024,Playoff,1,First Round,,,Oklahoma State,11,Cornell,22,124.9,152.1,Cornell,
2024,Playoff,1,First Round,,,Florida,14,Citadel,19,127.3,188.1,Citadel,
2024,Playoff,1,First Round,,,Wofford,3,Eastern Kentucky,30,150.5,121.7,Wofford,
2024,Playoff,1,First Round,,,Troy,7,Holy Cross,26,151.6,140.1,Troy,
2024,Playoff,1,First Round,,,Coastal Carolina,10,Yale,23,146.3,104.3,Coastal Carolina,
2024,Playoff,1,First Round,,,Washington State,15,Richmond,18,182.2,167.2,Washington State,
2024,Playoff,1,First Round,,,Youngstown State,2,UAB,31,147,152.6,UAB,
2024,Playoff,2,Sweet 16,,,Jackson State,32,Purdue,17,119.7,155.8,Purdue,
2024,Playoff,2,Sweet 16,,,Montana State,9,Davidson,25,149.7,133.2,Montana State,
2024,Playoff,2,Sweet 16,,,Old Dominion,4,Minnesota,20,209.6,219.2,Minnesota,
2024,Playoff,2,Sweet 16,,,Temple,12,Syracuse,5,169.9,186.2,Syracuse,
2024,Playoff,2,Sweet 16,,,UCLA,6,Cornell,22,164.3,149.1,UCLA,
2024,Playoff,2,Sweet 16,,,Citadel,19,Wofford,3,146.3,200.9,Wofford,
2024,Playoff,2,Sweet 16,,,Troy,7,Coastal Carolina,10,134,178.5,Coastal Carolina,
2024,Playoff,2,Sweet 16,,,Washington State,15,UAB,31,160.7,148.2,Washington State,
2024,Playoff,3,Elite 8,,Orange Bowl,Purdue,17,Montana State,9,150.6,181.9,Montana State,
2024,Playoff,3,Elite 8,,Cotton Bowl,Minnesota,20,Syracuse,5,219.1,205.3,Minnesota,
2024,Playoff,3,Elite 8,,Fiesta Bowl,UCLA,6,Wofford,3,157.4,110,UCLA,
2024,Playoff,3,Elite 8,,Peach Bowl,Coastal Carolina,10,Washington State,15,134.6,228,Washington State,
2024,Playoff,4,Final Four,,Rose Bowl,Montana State,9,Minnesota,20,173.6,188.6,Minnesota,
2024,Playoff,4,Final Four,,Sugar Bowl,UCLA,6,Washington State,15,149,238.3,Washington State,
2024,Playoff,5,National Championship,,,Minnesota,20,Washington State,15,141,199,Washington State,
2024,NIT,1,Group Stage 1,13,Group A,Bucknell | Miami | Tennessee State | Wichita State,,,,83.8 | 142.08 | 140.72 | 154.4,,Wichita State,"4-team group, top score advances"
2024,NIT,1,Group Stage 1,13,Group B,Georgia State | Penn State | San Diego State | USC,,,,149.94 | 128.38 | 130.74 | 60.82,,Georgia State,"4-team group, top score advances"
2024,NIT,1,Group Stage 1,13,Group C,Air Force | Northern Iowa | Utah,,,,146.84 | 86.76 | 171.7,,Utah,"3-team group, top score advances"
2024,NIT,1,Group Stage 1,13,Group D,Brown | Delaware State | Oregon | West Virginia,,,,70.7 | 105.92 | 120.88 | 169.7,,West Virginia,"4-team group, top score advances"
2024,NIT,1,Group Stage 1,13,Group E,Bethune-Cookman | FSU | Rice | South Dakota State,,,,94.08 | 94.92 | 136 | 90.58,,Rice,"4-team group, top score advances"
2024,NIT,1,Group Stage 1,13,Group F,North Dakota State | North Texas | Stony Brook,,,,153.72 | 128.7 | 62.68,,North Dakota State,"3-team group, top score advances"
2024,NIT,1,Group Stage 1,13,Group G,Arizona | Arkansas State | Kansas | UNC Charlotte,,,,101.54 | 125.38 | 61.66 | 138.7,,UNC Charlotte,"4-team group, top score advances"
2024,NIT,1,Group Stage 1,13,Group H,Central Arkansas | Dayton | Morehead State | Rhode Island,,,,154.24 | 112.32 | 142.44 | 102.22,,Central Arkansas,"4-team group, top score advances"
2024,NIT,1,Group Stage 1,13,Group I,Arkansas | Lehigh | Louisiana Tech,,,,106.04 | 150.54 | 109.82,,Lehigh,"3-team group, top score advances"
2024,NIT,1,Group Stage 1,13,Group J,Belmont | Boise State | Louisiana Monroe | Michigan State,,,,132.4 | 164.06 | 140.58 | 125.48,,Boise State,"4-team group, top score advances"
2024,NIT,1,Group Stage 1,13,Group K,BYU | Delaware | Iowa State | Middle Tennessee State,,,,121.9 | 124.76 | 104.2 | 141.14,,Middle Tennessee State,"4-team group, top score advances"
2024,NIT,1,Group Stage 1,13,Group L,Howard | Rutgers | SE Missouri State,,,,158.54 | 158.36 | 157.2,,Howard,"3-team group, top score advances"
2024,NIT,1,Group Stage 1,13,Group M,Butler | USF | Utah State | William & Mary,,,,153.18 | 85.68 | 124.84 | 128.26,,Butler,"4-team group, top score advances"
2024,NIT,1,Group Stage 1,13,Group N,Illinois | Jacksonville State | Missouri | North Carolina A&T,,,,103.34 | 87.74 | 141.14 | 177.62,,North Carolina A&T,"4-team group, top score advances"
2024,NIT,1,Group Stage 1,13,Group O,Kentucky | San Jose State | Texas State,,,,153.3 | 87.68 | 137.64,,Kentucky,"3-team group, top score advances"
2024,NIT,1,Group Stage 1,13,Group P,Navy | Northwestern | Oklahoma | South Alabama,,,,107.14 | 85.7 | 136.42 | 107.66,,Oklahoma,"4-team group, top score advances"
2024,NIT,1,Group Stage 1,13,Group Q,Eastern Washington | Louisville | Oregon State | Vanderbilt,,,,94.26 | 118.9 | 93.28 | 143.24,,Vanderbilt,"4-team group, top score advances"
2024,NIT,1,Group Stage 1,13,Group R,Furman | Georgia Tech | Maryland,,,,151.94 | 118.36 | 141.78,,Furman,"3-team group, top score advances"
2024,NIT,1,Group Stage 1,13,Group S,Harvard | Monmouth | UTSA | Virginia Tech,,,,155.42 | 165.04 | 174.9 | 159.86,,UTSA,"4-team group, top score advances"
2024,NIT,1,Group Stage 1,13,Group T,Iowa | Marshall | South Dakota | Tulane,,,,167.18 | 66.6 | 148.16 | 126.44,,Iowa,"4-team group, top score advances"
2024,NIT,1,Group Stage 1,13,Group U,Colorado | Florida A&M | UT Martin,,,,126.84 | 55.64 | 131.54,,UT Martin,"3-team group, top score advances"
2024,NIT,1,Group Stage 1,13,Group V,Kennesaw State | Louisiana | Princeton | Weber State,,,,117.98 | 190.44 | 107.28 | 82.3,,Louisiana,"4-team group, top score advances"
2024,NIT,1,Group Stage 1,13,Group W,Alabama | Austin Peay | Maine | Southern Miss,,,,87.64 | 68.8 | 112.62 | 114.78,,Southern Miss,"4-team group, top score advances"
2024,NIT,1,Group Stage 1,13,Group X,Duke | Indiana | Mississippi Valley State,,,,174.92 | 137.9 | 138.94,,Duke,"3-team group, top score advances"
2024,NIT,2,Group Stage 2,14,Group A,Central Arkansas | Middle Tennessee State | Rice,,,,106.1 | 134.22 | 56.6,,Middle Tennessee State,"3-team group, top score advances"
2024,NIT,2,Group Stage 2,14,Group B,Boise State | Kentucky | North Carolina A&T,,,,126.02 | 159.24 | 152.68,,Kentucky,"3-team group, top score advances"
2024,NIT,2,Group Stage 2,14,Group C,UTSA | UT Martin | UNC Charlotte,,,,79.06 | 105.32 | 111,,UNC Charlotte,"3-team group, top score advances"
2024,NIT,2,Group Stage 2,14,Group D,Georgia State | Iowa | Oklahoma,,,,136.76 | 110.56 | 48,,Georgia State,"3-team group, top score advances"
2024,NIT,2,Group Stage 2,14,Group E,Vanderbilt | Furman | Louisiana,,,,78.86 | 107.06 | 104.8,,Furman,"3-team group, top score advances"
2024,NIT,2,Group Stage 2,14,Group F,Wichita State | Southern Miss | Lehigh,,,,131.44 | 81.5 | 170.7,,Lehigh,"3-team group, top score advances"
2024,NIT,2,Group Stage 2,14,Group G,Butler | Duke | West Virginia,,,,114.02 | 206.32 | 99.22,,Duke,"3-team group, top score advances"
2024,NIT,2,Group Stage 2,14,Group H,Howard | Utah | North Dakota State,,,,116.44 | 152.78 | 150.12,,Utah,"3-team group, top score advances"
2024,NIT,3,Quarterfinal,15,,Middle Tennessee State,,Kentucky,,234.36,109.44,Middle Tennessee State,
2024,NIT,3,Quarterfinal,15,,UNC Charlotte,,Georgia State,,133.52,106.54,UNC Charlotte,
2024,NIT,3,Quarterfinal,15,,Furman,,Lehigh,,109.34,133.56,Lehigh,
2024,NIT,3,Quarterfinal,15,,Duke,,Utah,,117.88,160.54,Utah,
2024,NIT,4,Semifinal,16,,Middle Tennessee State,,UNC Charlotte,,165.94,117.2,Middle Tennessee State,
2024,NIT,4,Semifinal,16,,Lehigh,,Utah,,163.1,156.94,Lehigh,
2024,NIT,5,Final,17,,Middle Tennessee State,,Lehigh,,140.52,139.7,Middle Tennessee State,
2024,Bowl,1,Bowl,13,Birmingham Bowl,Central Michigan,,Wisconsin,,172.64,118.16,Central Michigan,
2024,Bowl,1,Bowl,13,Pinstripe Bowl,UCF,,Columbia,,160.3,131.86,UCF,
2024,Bowl,1,Bowl,13,Cure Bowl,Washington,,Eastern Michigan,,150.98,150.84,Washington,
2024,Bowl,1,Bowl,13,International Bowl,NC State,,Villanova,,147.0,139.24,NC State,
2024,Bowl,1,Bowl,13,LA Bowl,Georgetown,,Boston College,,130.4,101.12,Georgetown,
2024,Bowl,1,Bowl,13,Camellia Bowl,Virginia,,Idaho,,128.06,112.5,Virginia,
2024,Bowl,1,Bowl,13,Boca Raton Bowl,Ole Miss,,South Carolina,,124.4,106.96,Ole Miss,
2024,Bowl,1,Bowl,14,Poinsettia Bowl,Mississippi State,,Wake Forest,,188.92,89.46,Mississippi State,
2024,Bowl,1,Bowl,14,New Mexico Bowl,Grambling State,,Georgia,,181.5,75.66,Grambling State,
2024,Bowl,1,Bowl,14,Idaho Potato Bowl,UCONN,,North Alabama,,160.9,145.18,UCONN,
2024,Bowl,1,Bowl,14,Arizona Bowl,Georgia Southern,,Pittsburgh,,159.36,141.02,Georgia Southern,
2024,Bowl,1,Bowl,14,Texas Bowl,Nebraska,,Texas,,157.26,146.0,Nebraska,
2024,Bowl,1,Bowl,14,Miami Beach Bowl,Tuskegee,,Colorado State,,154.76,133.48,Tuskegee,
2024,Bowl,1,Bowl,14,Brooklyn Bowl,TCU,,Murray State,,131.96,125.56,TCU,
2024,Bowl,1,Bowl,15,Armed Forces Bowl,Texas A&M,,Notre Dame,,194,178.78,Texas A&M,
2024,Bowl,1,Bowl,15,Aloha Bowl,Portland State,,Charleston Southern,,192.58,102.3,Portland State,
2024,Bowl,1,Bowl,15,Gasparilla Bowl,Dartmouth,,Stanford,,182.28,110.42,Dartmouth,
2024,Bowl,1,Bowl,15,Las Vegas Bowl,New Mexico,,UNLV,,177.24,171.1,New Mexico,
2024,Bowl,1,Bowl,15,Bahamas Bowl,Auburn,,Michigan,,176.38,117.7,Auburn,
2024,Bowl,1,Bowl,15,Citrus Bowl,California,,Tulsa,,169.98,126.36,California,
2024,Bowl,1,Bowl,15,Military Bowl,Kansas State,,North Carolina,,152.9,112.62,Kansas State,
2024,Bowl,1,Bowl,15,Sun Bowl,LSU,,Army,,114.72,112.66,LSU,
2024,Bowl,1,Bowl,16,Tangerine Bowl,Arizona State,,Memphis,,185.52,127.64,Arizona State,
2024,Bowl,1,Bowl,16,Liberty Bowl,Chattanooga,,Tennessee,,164.36,94.28,Chattanooga,
2024,Bowl,1,Bowl,16,Independence Bowl,Alcorn State,,North Carolina Central,,158.08,139.78,Alcorn State,
2024,Bowl,1,Bowl,16,New Orleans Bowl,Texas Tech,,Western Kentucky,,111.86,106.56,Texas Tech,
2024,Bowl,1,Bowl,16,Gator Bowl,Hawaii,,ETSU,,234.46,140,Hawaii,
2024,Bowl,1,Bowl,16,Holiday Bowl,UTEP,,James Madison,,161.52,107.64,UTEP,
2024,Bowl,1,Bowl,16,Music City Bowl,Southern,,Penn,,140.78,122.54,Southern,
2024,Bowl,1,Bowl,16,Alamo Bowl,Campbell,,Florida Atlantic,,201.18,129.64,Campbell,
2025,CCG,1,Conference Championship,12,Mountain West,Hawaii,8,Nevada,,132.82,139.46,Nevada,"regular-season records Hawaii 9-2, Nevada 8-3; seed cols = national rank"
2025,CCG,1,Conference Championship,12,Ohio Valley,Monmouth,,Chattanooga,15,84.16,123.86,Chattanooga,"regular-season records Monmouth 7-4, Chattanooga 9-2; seed cols = national rank"
2025,CCG,1,Conference Championship,12,HBCU,Alcorn State,24,Florida A&M,3,64.3,152.84,Florida A&M,"regular-season records Alcorn State 8-3, Florida A&M 10-1; seed cols = national rank"
2025,CCG,1,Conference Championship,12,CUSA,North Texas,,Florida Atlantic,22,117.26,165.16,Florida Atlantic,"regular-season records North Texas 8-3, Florida Atlantic 8-3; seed cols = national rank"
2025,CCG,1,Conference Championship,12,Ivy,Georgetown,25,Colgate,19,128.76,113.22,Georgetown,"regular-season records Georgetown 8-3, Colgate 9-2; seed cols = national rank"
2025,CCG,1,Conference Championship,12,Wild,Montana,9,Old Dominion,13,224.08,139.32,Montana,"regular-season records Montana 9-2, Old Dominion 9-2; seed cols = national rank"
2025,CCG,1,Conference Championship,12,Big Sky,Portland State,7,William & Mary,,172.12,197.46,William & Mary,"regular-season records Portland State 9-2, William & Mary 8-3; seed cols = national rank"
2025,CCG,1,Conference Championship,12,Pioneer,Murray State,5,Furman,18,129.28,150.96,Furman,"regular-season records Murray State 10-1, Furman 9-2; seed cols = national rank"
2025,CCG,1,Conference Championship,12,Sun Belt,Georgia Southern,,UTEP,,125.06,99.72,Georgia Southern,"regular-season records Georgia Southern 8-3, UTEP 8-3; seed cols = national rank"
2025,CCG,1,Conference Championship,12,Big East,Pittsburgh,4,Syracuse,12,160.96,155.56,Pittsburgh,"regular-season records Pittsburgh 10-1, Syracuse 9-2; seed cols = national rank"
2025,CCG,1,Conference Championship,12,SEC,South Carolina,17,Mississippi State,10,122.98,156.96,Mississippi State,"regular-season records South Carolina 9-2, Mississippi State 9-2; seed cols = national rank"
2025,CCG,1,Conference Championship,12,Big 12,Baylor,1,Kansas State,,142.28,161.06,Kansas State,"regular-season records Baylor 11-0, Kansas State 6-5; seed cols = national rank"
2025,CCG,1,Conference Championship,12,ACC,Clemson,2,Duke,20,221.88,151.46,Clemson,"regular-season records Clemson 10-1, Duke 9-2; seed cols = national rank"
2025,CCG,1,Conference Championship,12,PAC 12,Washington State,23,UCLA,14,160.34,100.64,Washington State,"regular-season records Washington State 8-3, UCLA 9-2; seed cols = national rank"
2025,CCG,1,Conference Championship,12,Big 10,Ohio State,,Minnesota,6,105.58,172.92,Minnesota,"regular-season records Ohio State 7-4, Minnesota 9-2; seed cols = national rank"
2025,Playoff,1,First Round,,,Baylor,1,Nevada,32,189.9,95.38,Baylor,
2025,Playoff,1,First Round,,,UCLA,16,Washington State,17,134,174.7,Washington State,
2025,Playoff,1,First Round,,,Pittsburgh,9,Alcorn State,24,138.7,152.1,Alcorn State,
2025,Playoff,1,First Round,,,Hawaii,8,LSU,25,204,122.8,Hawaii,
2025,Playoff,1,First Round,,,Mississippi State,4,Columbia,29,139.8,162.4,Columbia,
2025,Playoff,1,First Round,,,Arizona State,13,Furman,20,157.6,143.9,Arizona State,
2025,Playoff,1,First Round,,,Old Dominion,12,Georgetown,21,153.8,137.6,Old Dominion,
2025,Playoff,1,First Round,,,Portland State,5,Georgia Southern,28,186.2,150.7,Portland State,
2025,Playoff,1,First Round,,,Montana,6,North Carolina A&T,27,150.5,113.6,Montana,
2025,Playoff,1,First Round,,,Montana State,11,South Carolina,22,143.9,150.2,South Carolina,
2025,Playoff,1,First Round,,,Florida Atlantic,14,ETSU,19,143.2,133.1,Florida Atlantic,
2025,Playoff,1,First Round,,,Minnesota,3,Duke,30,148.3,104.6,Minnesota,
2025,Playoff,1,First Round,,,Florida A&M,7,Colgate,26,104,110.9,Colgate,
2025,Playoff,1,First Round,,,Syracuse,10,William & Mary,23,135.5,137.8,William & Mary,
2025,Playoff,1,First Round,,,Chattanooga,15,Murray State,18,106.5,126.6,Murray State,
2025,Playoff,1,First Round,,,Clemson,2,Kansas State,31,183.5,93.5,Clemson,
2025,Playoff,2,Sweet 16,,,Baylor,1,Washington State,17,127.7,129.4,Washington State,
2025,Playoff,2,Sweet 16,,,Alcorn State,24,Hawaii,8,92.6,165.1,Hawaii,
2025,Playoff,2,Sweet 16,,,Columbia,29,Arizona State,13,102.9,107.4,Arizona State,
2025,Playoff,2,Sweet 16,,,Old Dominion,12,Portland State,5,174.7,139.1,Old Dominion,
2025,Playoff,2,Sweet 16,,,Montana,6,South Carolina,22,161.4,129.3,Montana,
2025,Playoff,2,Sweet 16,,,Florida Atlantic,14,Minnesota,3,182.1,132.4,Florida Atlantic,
2025,Playoff,2,Sweet 16,,,Colgate,26,William & Mary,23,100.5,184,William & Mary,
2025,Playoff,2,Sweet 16,,,Murray State,18,Clemson,2,128.1,153.4,Clemson,
2025,Playoff,3,Elite 8,,Orange Bowl,Washington State,17,Hawaii,8,206.8,171.5,Washington State,
2025,Playoff,3,Elite 8,,Cotton Bowl,Arizona State,13,Old Dominion,12,193.7,185.6,Arizona State,
2025,Playoff,3,Elite 8,,Fiesta Bowl,Montana,6,Florida Atlantic,14,195.2,154.8,Montana,
2025,Playoff,3,Elite 8,,Peach Bowl,William & Mary,23,Clemson,2,108.3,168.9,Clemson,
2025,Playoff,4,Final Four,,Rose Bowl,Washington State,17,Arizona State,13,169.2,175.5,Arizona State,
2025,Playoff,4,Final Four,,Sugar Bowl,Montana,6,Clemson,2,171.1,137.9,Montana,
2025,Playoff,5,National Championship,,,Arizona State,13,Montana,6,168,112,Arizona State,
2025,NIT,1,Group Stage 1,13,Group A,Arkansas | Bethune-Cookman | Maryland | Texas Tech,,,,99.08 | 48.94 | 92.06 | 78.82,,Arkansas,"4-team group, top score advances"
2025,NIT,1,Group Stage 1,13,Group B,Army | Colorado State | Delaware | Michigan State,,,,145.36 | 149.64 | 126.56 | 109.94,,Colorado State,"4-team group, top score advances"
2025,NIT,1,Group Stage 1,13,Group C,Boston College | Oregon | Tuskegee,,,,107.28 | 122.64 | 166.38,,Tuskegee,"3-team group, top score advances"
2025,NIT,1,Group Stage 1,13,Group D,Air Force | Citadel | Colorado | Tulane,,,,74.1 | 105.84 | 40.5 | 125.56,,Tulane,"4-team group, top score advances"
2025,NIT,1,Group Stage 1,13,Group E,Jacksonville State | Middle Tennessee State | Oklahoma State | Southern Miss,,,,121.12 | 137.44 | 67.9 | 50,,Middle Tennessee State,"4-team group, top score advances"
2025,NIT,1,Group Stage 1,13,Group F,Purdue | SE Missouri State | Utah State,,,,107.16 | 119.02 | 87.04,,SE Missouri State,"3-team group, top score advances"
2025,NIT,1,Group Stage 1,13,Group G,Alabama A&M | Louisiana Monroe | Weber State | Wofford,,,,45.94 | 103.64 | 60.36 | 60.66,,Louisiana Monroe,"4-team group, top score advances"
2025,NIT,1,Group Stage 1,13,Group H,Davidson | Miami | Northern Iowa | Penn State,,,,138 | 78.24 | 40.1 | 107.58,,Davidson,"4-team group, top score advances"
2025,NIT,1,Group Stage 1,13,Group I,Central Michigan | North Carolina | UAB,,,,92.3 | 96.04 | 35.88,,North Carolina,"3-team group, top score advances"
2025,NIT,1,Group Stage 1,13,Group J,Mississippi Valley State | Rutgers | Stanford | Tennessee State,,,,72.26 | 115.7 | 105.86 | 67.02,,Rutgers,"4-team group, top score advances"
2025,NIT,1,Group Stage 1,13,Group K,Dayton | Northwestern | Oklahoma | South Alabama,,,,100.78 | 69.44 | 141.18 | 97.42,,Oklahoma,"4-team group, top score advances"
2025,NIT,1,Group Stage 1,13,Group L,Howard | San Diego State | UCF,,,,99.34 | 158.76 | 78.82,,San Diego State,"3-team group, top score advances"
2025,NIT,1,Group Stage 1,13,Group M,Georgia State | Marshall | USF | Virginia Tech,,,,142.26 | 91.42 | 98.54 | 130.16,,Georgia State,"4-team group, top score advances"
2025,NIT,1,Group Stage 1,13,Group N,Butler | Central Arkansas | Georgia | South Dakota,,,,92.14 | 65.5 | 75.9 | 119.44,,South Dakota,"4-team group, top score advances"
2025,NIT,1,Group Stage 1,13,Group O,Bucknell | North Dakota State | Texas,,,,96.06 | 78.3 | 117.54,,Texas,"3-team group, top score advances"
2025,NIT,1,Group Stage 1,13,Group P,Arizona | Princeton | Tennessee | UNC Charlotte,,,,60.96 | 112.84 | 118.94 | 109.46,,Tennessee,"4-team group, top score advances"
2025,NIT,1,Group Stage 1,13,Group Q,Boise State | Florida | Harvard | Vanderbilt,,,,116.3 | 108.6 | 157.84 | 109.16,,Harvard,"4-team group, top score advances"
2025,NIT,1,Group Stage 1,13,Group R,Idaho | Kennesaw State | Texas State,,,,127.44 | 117.46 | 156.74,,Texas State,"3-team group, top score advances"
2025,NIT,1,Group Stage 1,13,Group S,Belmont | Indiana | Southern | Washington,,,,145.8 | 70.36 | 165.84 | 78.94,,Southern,"4-team group, top score advances"
2025,NIT,1,Group Stage 1,13,Group T,Kansas | Louisiana | Stony Brook | Wichita State,,,,82.72 | 118.84 | 106.64 | 125.34,,Wichita State,"4-team group, top score advances"
2025,NIT,1,Group Stage 1,13,Group U,Kentucky | Rhode Island | Utah,,,,83.88 | 114.56 | 142.16,,Utah,"3-team group, top score advances"
2025,NIT,1,Group Stage 1,13,Group V,BYU | Georgia Tech | Navy | San Jose State,,,,96.42 | 143.44 | 105.84 | 79.62,,Georgia Tech,"4-team group, top score advances"
2025,NIT,1,Group Stage 1,13,Group W,Brown | FSU | Maine | Wake Forest,,,,112.38 | 93.12 | 60.28 | 127.26,,Wake Forest,"4-team group, top score advances"
2025,NIT,1,Group Stage 1,13,Group X,Morehead State | Penn | Rice,,,,110.66 | 137.5 | 70.64,,Penn,"3-team group, top score advances"
2025,NIT,2,Group Stage 2,14,Group A,Tuskegee | Georgia State | Texas,,,,148.36 | 111.74 | 65.5,,Tuskegee,"3-team group, top score advances"
2025,NIT,2,Group Stage 2,14,Group B,Arkansas | Wichita State | San Diego State,,,,116.16 | 138.3 | 96.44,,Wichita State,"3-team group, top score advances"
2025,NIT,2,Group Stage 2,14,Group C,North Carolina | Utah | Tulane,,,,111.26 | 160.16 | 67.2,,Utah,"3-team group, top score advances"
2025,NIT,2,Group Stage 2,14,Group D,Harvard | SE Missouri State | Texas State,,,,66.66 | 120.56 | 155.14,,Texas State,"3-team group, top score advances"
2025,NIT,2,Group Stage 2,14,Group E,Rutgers | Tennessee | Penn,,,,116.14 | 149.66 | 111.3,,Tennessee,"3-team group, top score advances"
2025,NIT,2,Group Stage 2,14,Group F,Oklahoma | Louisiana Monroe | Georgia Tech,,,,93.5 | 77.42 | 116.64,,Georgia Tech,"3-team group, top score advances"
2025,NIT,2,Group Stage 2,14,Group G,South Dakota | Southern | Colorado State,,,,153.02 | 125.56 | 126.16,,South Dakota,"3-team group, top score advances"
2025,NIT,2,Group Stage 2,14,Group H,Middle Tennessee State | Wake Forest | Davidson,,,,120.36 | 122.34 | 123.1,,Davidson,"3-team group, top score advances"
2025,NIT,3,Quarterfinal,15,,Tuskegee,,Wichita State,,129.0,113.24,Tuskegee,
2025,NIT,3,Quarterfinal,15,,Utah,,Texas State,,110.44,128.04,Texas State,
2025,NIT,3,Quarterfinal,15,,Tennessee,,Georgia Tech,,80.7,145.2,Georgia Tech,
2025,NIT,3,Quarterfinal,15,,South Dakota,,Davidson,,161.3,132.6,South Dakota,
2025,NIT,4,Semifinal,16,,Tuskegee,,Texas State,,143.2,129.42,Tuskegee,
2025,NIT,4,Semifinal,16,,Georgia Tech,,South Dakota,,132.2,137.22,South Dakota,
2025,NIT,5,Final,17,,Tuskegee,,South Dakota,,161.54,89.18,Tuskegee,
2025,Bowl,1,Bowl,13,Birmingham Bowl,Austin Peay,,Yale,,131.8,92.34,Austin Peay,
2025,Bowl,1,Bowl,13,Boca Raton Bowl,Villanova,,Temple,,123.56,103.7,Villanova,
2025,Bowl,1,Bowl,13,Cure Bowl,Missouri,,Monmouth,,112.84,110.86,Missouri,
2025,Bowl,1,Bowl,13,Fenway Bowl,Jackson State,,Eastern Washington,,136.74,122.44,Jackson State,
2025,Bowl,1,Bowl,13,International Bowl,Memphis,,UCONN,,147.3,113.54,Memphis,
2025,Bowl,1,Bowl,13,LA Bowl,Ole Miss,,Iowa State,,134.04,66.96,Ole Miss,
2025,Bowl,1,Bowl,13,Pinstripe Bowl,UTSA,,Illinois,,137.24,133.56,UTSA,
2025,Bowl,1,Bowl,14,Arizona Bowl,West Virginia,,North Carolina Central,,141.06,129.78,West Virginia,
2025,Bowl,1,Bowl,14,Idaho Potato Bowl,Michigan,,TCU,,142.78,114.44,Michigan,
2025,Bowl,1,Bowl,14,Miami Beach Bowl,Wisconsin,,Delaware State,,131.64,110.14,Wisconsin,
2025,Bowl,1,Bowl,14,New Mexico Bowl,Campbell,,Louisville,,154.76,95.26,Campbell,
2025,Bowl,1,Bowl,14,Poinsettia Bowl,Notre Dame,,Virginia,,204.04,101.14,Notre Dame,
2025,Bowl,1,Bowl,14,Texas Bowl,North Alabama,,Troy,,123.74,100.5,North Alabama,
2025,Bowl,1,Bowl,14,Brooklyn Bowl,Eastern Kentucky,,Florida International,,137.46,115.96,Eastern Kentucky,
2025,Bowl,1,Bowl,15,Aloha Bowl,Texas A&M,,USC,,145.7,106.7,Texas A&M,
2025,Bowl,1,Bowl,15,Armed Forces Bowl,Nebraska,,Dartmouth,,155.5,137.02,Nebraska,
2025,Bowl,1,Bowl,15,Bahamas Bowl,Richmond,,Charleston Southern,,133.2,92.7,Richmond,
2025,Bowl,1,Bowl,15,Gasparilla Bowl,Ohio State,,Auburn,,171.3,157.16,Ohio State,
2025,Bowl,1,Bowl,15,Las Vegas Bowl,New Mexico,,Oregon State,,192.24,145,New Mexico,
2025,Bowl,1,Bowl,15,Military Bowl,Iowa,,Coastal Carolina,,134.62,119.6,Iowa,
2025,Bowl,1,Bowl,15,Sun Bowl,NC State,,South Dakota State,,161.2,121.6,NC State,
2025,Bowl,1,Bowl,15,Citrus Bowl,Tulsa,,Wyoming,,145.04,124.6,Tulsa,
2025,Bowl,1,Bowl,16,Alamo Bowl,Western Kentucky,,UT Martin,,176.9,161.66,Western Kentucky,
2025,Bowl,1,Bowl,16,Gator Bowl,Eastern Michigan,,Louisiana Tech,,150.62,144.1,Eastern Michigan,
2025,Bowl,1,Bowl,16,Holiday Bowl,Youngstown State,,UTEP,,184.18,125.64,Youngstown State,
2025,Bowl,1,Bowl,16,Independence Bowl,North Texas,,Holy Cross,,112.3,111.1,North Texas,
2025,Bowl,1,Bowl,16,Liberty Bowl,Lehigh,,California,,178.48,128.1,Lehigh,
2025,Bowl,1,Bowl,16,Music City Bowl,Cornell,,Grambling State,,153.26,76.3,Cornell,
2025,Bowl,1,Bowl,16,New Orleans Bowl,Arkansas State,,Alabama,,143,117.7,Arkansas State,
2025,Bowl,1,Bowl,16,Tangerine Bowl,UNLV,,James Madison,,145.02,137.38,UNLV,
