Year,SourceDate,LeagueID,LeagueName,RosterID,Team,Rank,ListedAs,Note
2021,2021-09-06,652821876346810368,NCAA BIG 10,11,Iowa,1,Iowa,Chris file 9/6/21; method unknown (likely roster value)
2021,2021-09-06,652822437578215424,NCAA SUN BELT,3,Tulane,2,Tulane,Chris file 9/6/21; method unknown (likely roster value)
2021,2021-09-06,652822666251710464,NCAA IVY,6,Lehigh,3,Lehigh,Chris file 9/6/21; method unknown (likely roster value)
2021,2021-09-06,652822508415823872,NCAA WILD,8,Citadel,4,Citadel,Chris file 9/6/21; method unknown (likely roster value)
2021,2021-09-06,652822356867264512,NCAA SEC,5,Ole Miss,5,Ole Miss,Chris file 9/6/21; method unknown (likely roster value)
2021,2021-09-06,652822788075229184,NCAA USA,3,Florida Atlantic,6,Florida Atlantic,Chris file 9/6/21; method unknown (likely roster value)
2021,2021-09-06,652823058658209792,NCAA ACC,12,Clemson,7,Clemson,Chris file 9/6/21; method unknown (likely roster value)
2021,2021-09-06,652821876346810368,NCAA BIG 10,6,Wisconsin,8,Wisconsin,Chris file 9/6/21; method unknown (likely roster value)
2021,2021-09-06,652822666251710464,NCAA IVY,7,Penn,10,Penn,Chris file 9/6/21; method unknown (likely roster value)
2021,2021-09-06,652822356867264512,NCAA SEC,6,Mississippi State,11,Mississippi State,Chris file 9/6/21; method unknown (likely roster value)
2021,2021-09-06,652821876346810368,NCAA BIG 10,1,Purdue,12,Purdue,Chris file 9/6/21; method unknown (likely roster value)
2021,2021-09-06,652822508415823872,NCAA WILD,3,North Dakota State,13,North Dakota State,Chris file 9/6/21; method unknown (likely roster value)
2021,2021-09-06,652823058658209792,NCAA ACC,3,Georgia Tech,14,Georgia Tech,Chris file 9/6/21; method unknown (likely roster value)
2021,2021-09-06,652823294856224768,NCAA PAC 12,6,Washington,15,Washington,Chris file 9/6/21; method unknown (likely roster value)
2021,2021-09-06,652822938654937088,NCAA BIG SKY,10,Northern Iowa,16,Northern Iowa,Chris file 9/6/21; method unknown (likely roster value)
2021,2021-09-06,652822871495749632,NCAA BIG 12,9,Oklahoma,17,Oklahoma,Chris file 9/6/21; method unknown (likely roster value)
2021,2021-09-06,652822356867264512,NCAA SEC,4,Auburn,18,Auburn,Chris file 9/6/21; method unknown (likely roster value)
2021,2021-09-06,652822293206081536,NCAA MOUNTAIN WEST,5,Utah State,19,Utah State,Chris file 9/6/21; method unknown (likely roster value)
2021,2021-09-06,652822666251710464,NCAA IVY,2,Harvard,20,Harvard,Chris file 9/6/21; method unknown (likely roster value)
2021,2021-09-06,652823294856224768,NCAA PAC 12,11,Utah,21,Utah,Chris file 9/6/21; method unknown (likely roster value)
2021,2021-09-06,652822293206081536,NCAA MOUNTAIN WEST,3,Wyoming,22,Wyoming,Chris file 9/6/21; method unknown (likely roster value)
2021,2021-09-06,652821876346810368,NCAA BIG 10,2,Nebraska,23,Nebraska,Chris file 9/6/21; method unknown (likely roster value)
2021,2021-09-06,644097339790827520,NCAA OHIO VALLEY,12,North Carolina Central,24,North Carolina Central,Chris file 9/6/21; method unknown (likely roster value)
2021,2021-09-06,652822592985579520,NCAA PIONEER,12,Davidson,25,Davidson,Chris file 9/6/21; method unknown (likely roster value)
2021,2021-09-06,652822724795764736,NCAA BIG EAST & CO.,8,Army,26,Army,Chris file 9/6/21; method unknown (likely roster value)
2021,2021-09-06,652823294856224768,NCAA PAC 12,2,USC,27,USC,Chris file 9/6/21; method unknown (likely roster value)
2021,2021-09-06,652822592985579520,NCAA PIONEER,8,Campbell,28,Campbell,Chris file 9/6/21; method unknown (likely roster value)
2021,2021-09-06,652822437578215424,NCAA SUN BELT,4,Rice,29,Rice,Chris file 9/6/21; method unknown (likely roster value)
2021,2021-09-06,652822437578215424,NCAA SUN BELT,10,UAB,30,UAB,Chris file 9/6/21; method unknown (likely roster value)
2021,2021-09-06,652822938654937088,NCAA BIG SKY,5,Stony Brook,31,Stony Brook,Chris file 9/6/21; method unknown (likely roster value)
2021,2021-09-06,652822724795764736,NCAA BIG EAST & CO.,1,Rutgers,32,Rutgers,Chris file 9/6/21; method unknown (likely roster value)
2021,2021-09-06,652822666251710464,NCAA IVY,1,Brown,33,Brown,Chris file 9/6/21; method unknown (likely roster value)
2021,2021-09-06,652823058658209792,NCAA ACC,2,North Carolina,34,North Carolina,Chris file 9/6/21; method unknown (likely roster value)
2021,2021-09-06,652822788075229184,NCAA USA,7,Middle Tennessee State,35,Middle Tennessee State,Chris file 9/6/21; method unknown (likely roster value)
2021,2021-09-06,652822592985579520,NCAA PIONEER,6,SE Missouri State,36,SE Missouri State,Chris file 9/6/21; method unknown (likely roster value)
2021,2021-09-06,652822788075229184,NCAA USA,2,North Texas,37,North Texas,Chris file 9/6/21; method unknown (likely roster value)
2021,2021-09-06,652822293206081536,NCAA MOUNTAIN WEST,4,Fresno State,38,Fresno State,Chris file 9/6/21; method unknown (likely roster value)
2021,2021-09-06,652822356867264512,NCAA SEC,9,Vanderbilt,39,Vanderbilt,Chris file 9/6/21; method unknown (likely roster value)
2021,2021-09-06,652822724795764736,NCAA BIG EAST & CO.,4,Pittsburgh,40,Pittsburgh,Chris file 9/6/21; method unknown (likely roster value)
2021,2021-09-06,652823294856224768,NCAA PAC 12,5,Stanford,41,Stanford,Chris file 9/6/21; method unknown (likely roster value)
2021,2021-09-06,652822788075229184,NCAA USA,12,Louisiana Monroe,42,Louisiana Monroe,Chris file 9/6/21; method unknown (likely roster value)
2021,2021-09-06,644097339790827520,NCAA OHIO VALLEY,3,Kennesaw State,43,Kennesaw State,Chris file 9/6/21; method unknown (likely roster value)
2021,2021-09-06,652822871495749632,NCAA BIG 12,1,Texas Tech,44,Texas Tech,Chris file 9/6/21; method unknown (likely roster value)
2021,2021-09-06,652822871495749632,NCAA BIG 12,6,Texas,45,Texas,Chris file 9/6/21; method unknown (likely roster value)
2021,2021-09-06,652822437578215424,NCAA SUN BELT,2,UTEP,46,UTEP,Chris file 9/6/21; method unknown (likely roster value)
2021,2021-09-06,652822152327815168,NCAA HISTORICALLY BLACK,12,Grambling State,47,Grambling State,Chris file 9/6/21; method unknown (likely roster value)
2021,2021-09-06,652822592985579520,NCAA PIONEER,1,Wofford,48,Wofford,Chris file 9/6/21; method unknown (likely roster value)
2021,2021-09-06,652822508415823872,NCAA WILD,4,Central Michigan,49,Central Michigan,Chris file 9/6/21; method unknown (likely roster value)
2021,2021-09-06,652823294856224768,NCAA PAC 12,7,Arizona State,50,Arizona State,Chris file 9/6/21; method unknown (likely roster value)
2021,2021-09-06,652822592985579520,NCAA PIONEER,11,UT Martin,51,UT Martin,Chris file 9/6/21; method unknown (likely roster value)
2021,2021-09-06,652822437578215424,NCAA SUN BELT,11,Louisiana Tech,52,Louisiana Tech,Chris file 9/6/21; method unknown (likely roster value)
2021,2021-09-06,652822508415823872,NCAA WILD,12,UNC Charlotte,53,UNC Charlotte,Chris file 9/6/21; method unknown (likely roster value)
2021,2021-09-06,652822788075229184,NCAA USA,4,South Alabama,54,South Alabama,Chris file 9/6/21; method unknown (likely roster value)
2021,2021-09-06,644097339790827520,NCAA OHIO VALLEY,4,Chattanooga,55,Chattanooga,Chris file 9/6/21; method unknown (likely roster value)
2021,2021-09-06,652822666251710464,NCAA IVY,9,Yale,56,Yale,Chris file 9/6/21; method unknown (likely roster value)
2021,2021-09-06,652822871495749632,NCAA BIG 12,5,Baylor,57,Baylor,Chris file 9/6/21; method unknown (likely roster value)
2021,2021-09-06,652823294856224768,NCAA PAC 12,10,California,58,California,Chris file 9/6/21; method unknown (likely roster value)
2021,2021-09-06,652823058658209792,NCAA ACC,10,NC State,59,NC State,Chris file 9/6/21; method unknown (likely roster value)
2021,2021-09-06,652822871495749632,NCAA BIG 12,8,West Virginia,60,West Virginia,Chris file 9/6/21; method unknown (likely roster value)
2021,2021-09-06,652822871495749632,NCAA BIG 12,4,Texas A&M,61,Texas A&M,Chris file 9/6/21; method unknown (likely roster value)
2021,2021-09-06,644097339790827520,NCAA OHIO VALLEY,1,Belmont,62,Belmont,Chris file 9/6/21; method unknown (likely roster value)
2021,2021-09-06,652822293206081536,NCAA MOUNTAIN WEST,8,Colorado State,63,Colorado State,Chris file 9/6/21; method unknown (likely roster value)
2021,2021-09-06,652822871495749632,NCAA BIG 12,12,Oklahoma State,64,Oklahoma State,Chris file 9/6/21; method unknown (likely roster value)
2021,2021-09-06,644097339790827520,NCAA OHIO VALLEY,7,Delaware,65,Delaware,Chris file 9/6/21; method unknown (likely roster value)
2021,2021-09-06,652822152327815168,NCAA HISTORICALLY BLACK,9,Bethune - Cookman,66,Bethune - Cookman,Chris file 9/6/21; method unknown (likely roster value)
2021,2021-09-06,652822508415823872,NCAA WILD,11,South Dakota,67,South Dakota,Chris file 9/6/21; method unknown (likely roster value)
2021,2021-09-06,644097339790827520,NCAA OHIO VALLEY,8,Morehead State,68,Morehead State,Chris file 9/6/21; method unknown (likely roster value)
2021,2021-09-06,652821876346810368,NCAA BIG 10,5,Penn State,69,Penn State,Chris file 9/6/21; method unknown (likely roster value)
2021,2021-09-06,652822152327815168,NCAA HISTORICALLY BLACK,6,Howard,70,Howard,Chris file 9/6/21; method unknown (likely roster value)
2021,2021-09-06,652822724795764736,NCAA BIG EAST & CO.,7,Syracuse,71,Syracuse,Chris file 9/6/21; method unknown (likely roster value)
2021,2021-09-06,652823058658209792,NCAA ACC,4,Virginia Tech,72,Virginia Tech,Chris file 9/6/21; method unknown (likely roster value)
2021,2021-09-06,652822152327815168,NCAA HISTORICALLY BLACK,7,Mississippi Valley State,73,Mississippi Valley State,Chris file 9/6/21; method unknown (likely roster value)
2021,2021-09-06,652822592985579520,NCAA PIONEER,10,Furman,74,Furman,Chris file 9/6/21; method unknown (likely roster value)
2021,2021-09-06,652822724795764736,NCAA BIG EAST & CO.,11,Navy,75,Navy,Chris file 9/6/21; method unknown (likely roster value)
2021,2021-09-06,652823058658209792,NCAA ACC,7,Duke,76,Duke,Chris file 9/6/21; method unknown (likely roster value)
2021,2021-09-06,652822871495749632,NCAA BIG 12,2,Iowa State,77,Iowa State,Chris file 9/6/21; method unknown (likely roster value)
2021,2021-09-06,652822293206081536,NCAA MOUNTAIN WEST,10,Nevada,78,Nevada,Chris file 9/6/21; method unknown (likely roster value)
2021,2021-09-06,652822508415823872,NCAA WILD,9,Central Arkansas,79,Central Arkansas,Chris file 9/6/21; method unknown (likely roster value)
2021,2021-09-06,652822938654937088,NCAA BIG SKY,6,Montana State,80,Montana State,Chris file 9/6/21; method unknown (likely roster value)
2021,2021-09-06,652822508415823872,NCAA WILD,5,Wichita State,81,Wichita State,Chris file 9/6/21; method unknown (likely roster value)
2021,2021-09-06,652822871495749632,NCAA BIG 12,3,Missouri,82,Missouri,Chris file 9/6/21; method unknown (likely roster value)
2021,2021-09-06,652822356867264512,NCAA SEC,3,Tennessee,83,Tennessee,Chris file 9/6/21; method unknown (likely roster value)
2021,2021-09-06,652822724795764736,NCAA BIG EAST & CO.,2,Maryland,84,Maryland,Chris file 9/6/21; method unknown (likely roster value)
2021,2021-09-06,652822437578215424,NCAA SUN BELT,8,Memphis,85,Memphis,Chris file 9/6/21; method unknown (likely roster value)
2021,2021-09-06,644097339790827520,NCAA OHIO VALLEY,9,Jacksonville State,86,Jacksonville State,Chris file 9/6/21; method unknown (likely roster value)
2021,2021-09-06,652822788075229184,NCAA USA,10,Florida International,87,Florida International,Chris file 9/6/21; method unknown (likely roster value)
2021,2021-09-06,652822938654937088,NCAA BIG SKY,7,Richmond,88,Richmond,Chris file 9/6/21; method unknown (likely roster value)
2021,2021-09-06,652822293206081536,NCAA MOUNTAIN WEST,11,UNLV,89,UNLV,Chris file 9/6/21; method unknown (likely roster value)
2021,2021-09-06,652822152327815168,NCAA HISTORICALLY BLACK,11,Tuskegee,90,Tuskegee,Chris file 9/6/21; method unknown (likely roster value)
2021,2021-09-06,652821876346810368,NCAA BIG 10,3,Northwestern,91,Northwestern,Chris file 9/6/21; method unknown (likely roster value)
2021,2021-09-06,652822152327815168,NCAA HISTORICALLY BLACK,2,Alabama A&M,93,Alabama A&M,Chris file 9/6/21; method unknown (likely roster value)
2021,2021-09-06,652822938654937088,NCAA BIG SKY,1,Rhode Island,94,Rhode Island,Chris file 9/6/21; method unknown (likely roster value)
2021,2021-09-06,652822938654937088,NCAA BIG SKY,4,Eastern Washington,95,Eastern Washington,Chris file 9/6/21; method unknown (likely roster value)
2021,2021-09-06,652822788075229184,NCAA USA,1,Troy,96,Troy,Chris file 9/6/21; method unknown (likely roster value)
2021,2021-09-06,652822356867264512,NCAA SEC,2,LSU,97,LSU,Chris file 9/6/21; method unknown (likely roster value)
2021,2021-09-06,652821876346810368,NCAA BIG 10,8,Indiana,98,Indiana,Chris file 9/6/21; method unknown (likely roster value)
2021,2021-09-06,652822592985579520,NCAA PIONEER,3,Murray State,99,Murray State,Chris file 9/6/21; method unknown (likely roster value)
2021,2021-09-06,652822938654937088,NCAA BIG SKY,12,Youngstown State,100,Youngstown State,Chris file 9/6/21; method unknown (likely roster value)
2021,2021-09-06,644097339790827520,NCAA OHIO VALLEY,6,Charleston Southern,101,Charleston Southern,Chris file 9/6/21; method unknown (likely roster value)
2021,2021-09-06,652822592985579520,NCAA PIONEER,7,Dayton,102,Dayton,Chris file 9/6/21; method unknown (likely roster value)
2021,2021-09-06,652823058658209792,NCAA ACC,8,Boston College,103,Boston College,Chris file 9/6/21; method unknown (likely roster value)
2021,2021-09-06,652822437578215424,NCAA SUN BELT,9,Southern Miss,104,Southern Miss,Chris file 9/6/21; method unknown (likely roster value)
2021,2021-09-06,644097339790827520,NCAA OHIO VALLEY,11,North Alabama,105,North Alabama,Chris file 9/6/21; method unknown (likely roster value)
2021,2021-09-06,652823058658209792,NCAA ACC,1,Virginia,106,Virginia,Chris file 9/6/21; method unknown (likely roster value)
2021,2021-09-06,652822666251710464,NCAA IVY,3,Bucknell,107,Bucknell,Chris file 9/6/21; method unknown (likely roster value)
2021,2021-09-06,652822788075229184,NCAA USA,8,Arkansas State,108,Arkansas State,Chris file 9/6/21; method unknown (likely roster value)
2021,2021-09-06,644097339790827520,NCAA OHIO VALLEY,2,ETSU,109,ETSU,Chris file 9/6/21; method unknown (likely roster value)
2021,2021-09-06,652822592985579520,NCAA PIONEER,5,Tennessee State,110,Tennessee State,Chris file 9/6/21; method unknown (likely roster value)
2021,2021-09-06,652822592985579520,NCAA PIONEER,9,Austin Peay,111,Austin Peay,Chris file 9/6/21; method unknown (likely roster value)
2021,2021-09-06,652822356867264512,NCAA SEC,10,Kentucky,112,Kentucky,Chris file 9/6/21; method unknown (likely roster value)
2021,2021-09-06,652822938654937088,NCAA BIG SKY,11,Maine,113,Maine,Chris file 9/6/21; method unknown (likely roster value)
2021,2021-09-06,652822293206081536,NCAA MOUNTAIN WEST,6,BYU,114,BYU,Chris file 9/6/21; method unknown (likely roster value)
2021,2021-09-06,652822938654937088,NCAA BIG SKY,8,Portland State,115,Portland State,Chris file 9/6/21; method unknown (likely roster value)
2021,2021-09-06,652822666251710464,NCAA IVY,12,Cornell,116,Cornell,Chris file 9/6/21; method unknown (likely roster value)
2021,2021-09-06,652822938654937088,NCAA BIG SKY,2,Villanova,117,Villanova,Chris file 9/6/21; method unknown (likely roster value)
2021,2021-09-06,652822666251710464,NCAA IVY,5,Georgetown,118,Georgetown,Chris file 9/6/21; method unknown (likely roster value)
2021,2021-09-06,652822788075229184,NCAA USA,6,Western Kentucky,119,Western Kentucky,Chris file 9/6/21; method unknown (likely roster value)
2021,2021-09-06,652823294856224768,NCAA PAC 12,1,Arizona,120,Arizona,Chris file 9/6/21; method unknown (likely roster value)
2021,2021-09-06,652822508415823872,NCAA WILD,2,James Madison,121,James Madison,Chris file 9/6/21; method unknown (likely roster value)
2021,2021-09-06,652823294856224768,NCAA PAC 12,4,Washington State,122,Washington State,Chris file 9/6/21; method unknown (likely roster value)
2021,2021-09-06,652823058658209792,NCAA ACC,11,Louisville,123,Louisville,Chris file 9/6/21; method unknown (likely roster value)
2021,2021-09-06,652822724795764736,NCAA BIG EAST & CO.,3,South Dakota State,124,South Dakota State,Chris file 9/6/21; method unknown (likely roster value)
2021,2021-09-06,652822724795764736,NCAA BIG EAST & CO.,5,UCONN,125,UCONN,Chris file 9/6/21; method unknown (likely roster value)
2021,2021-09-06,652822724795764736,NCAA BIG EAST & CO.,10,USF,126,USF,Chris file 9/6/21; method unknown (likely roster value)
2021,2021-09-06,652822293206081536,NCAA MOUNTAIN WEST,12,San Diego State,127,San Diego State,Chris file 9/6/21; method unknown (likely roster value)
2021,2021-09-06,652822724795764736,NCAA BIG EAST & CO.,12,Notre Dame,128,Notre Dame,Chris file 9/6/21; method unknown (likely roster value)
2021,2021-09-06,652822437578215424,NCAA SUN BELT,1,Temple,129,Temple,Chris file 9/6/21; method unknown (likely roster value)
2021,2021-09-06,652822437578215424,NCAA SUN BELT,6,Tulsa,130,Tulsa,Chris file 9/6/21; method unknown (likely roster value)
2021,2021-09-06,652822938654937088,NCAA BIG SKY,9,Weber State,131,Weber State,Chris file 9/6/21; method unknown (likely roster value)
2021,2021-09-06,652822508415823872,NCAA WILD,1,Montana,132,Montana,Chris file 9/6/21; method unknown (likely roster value)
2021,2021-09-06,652822666251710464,NCAA IVY,11,Dartmouth,133,Dartmouth,Chris file 9/6/21; method unknown (likely roster value)
2021,2021-09-06,652822724795764736,NCAA BIG EAST & CO.,9,UCF,134,UCF,Chris file 9/6/21; method unknown (likely roster value)
2021,2021-09-06,652822152327815168,NCAA HISTORICALLY BLACK,3,Delaware State,135,Delaware State,Chris file 9/6/21; method unknown (likely roster value)
2021,2021-09-06,652822356867264512,NCAA SEC,1,Florida,136,Florida,Chris file 9/6/21; method unknown (likely roster value)
2021,2021-09-06,652822293206081536,NCAA MOUNTAIN WEST,1,Hawaii,137,Hawaii,Chris file 9/6/21; method unknown (likely roster value)
2021,2021-09-06,652822724795764736,NCAA BIG EAST & CO.,6,Coastal Carolina,138,Coastal Carolina,Chris file 9/6/21; method unknown (likely roster value)
2021,2021-09-06,652823058658209792,NCAA ACC,6,Wake Forest,139,Wake Forest,Chris file 9/6/21; method unknown (likely roster value)
2021,2021-09-06,652821876346810368,NCAA BIG 10,7,Minnesota,140,Minnesota,Chris file 9/6/21; method unknown (likely roster value)
2021,2021-09-06,652822871495749632,NCAA BIG 12,11,TCU,141,TCU,Chris file 9/6/21; method unknown (likely roster value)
2021,2021-09-06,644097339790827520,NCAA OHIO VALLEY,5,Eastern Kentucky,142,Eastern Kentucky,Chris file 9/6/21; method unknown (likely roster value)
2021,2021-09-06,652823294856224768,NCAA PAC 12,12,UCLA,143,UCLA,Chris file 9/6/21; method unknown (likely roster value)
2021,2021-09-06,652822293206081536,NCAA MOUNTAIN WEST,2,Boise State,144,Boise State,Chris file 9/6/21; method unknown (likely roster value)
2021,2021-09-06,652822666251710464,NCAA IVY,10,Princeton,145,Princeton,Chris file 9/6/21; method unknown (likely roster value)
2021,2021-09-06,652822152327815168,NCAA HISTORICALLY BLACK,4,Southern,146,Southern,Chris file 9/6/21; method unknown (likely roster value)
2021,2021-09-06,652822356867264512,NCAA SEC,12,Arkansas,148,Arkansas,Chris file 9/6/21; method unknown (likely roster value)
2021,2021-09-06,652822293206081536,NCAA MOUNTAIN WEST,7,Idaho,149,Idaho,Chris file 9/6/21; method unknown (likely roster value)
2021,2021-09-06,652822152327815168,NCAA HISTORICALLY BLACK,1,North Carolina A&T,150,North Carolina A&T,Chris file 9/6/21; method unknown (likely roster value)
2021,2021-09-06,652822871495749632,NCAA BIG 12,10,Kansas,151,Kansas,Chris file 9/6/21; method unknown (likely roster value)
2021,2021-09-06,652823294856224768,NCAA PAC 12,8,Colorado,152,Colorado,Chris file 9/6/21; method unknown (likely roster value)
2021,2021-09-06,652822508415823872,NCAA WILD,10,Old Dominion,153,Old Dominion,Chris file 9/6/21; method unknown (likely roster value)
2021,2021-09-06,652822356867264512,NCAA SEC,8,South Carolina,154,South Carolina,Chris file 9/6/21; method unknown (likely roster value)
2021,2021-09-06,652821876346810368,NCAA BIG 10,4,Michigan State,155,Michigan State,Chris file 9/6/21; method unknown (likely roster value)
2021,2021-09-06,652822666251710464,NCAA IVY,8,Colgate,156,Colgate,Chris file 9/6/21; method unknown (likely roster value)
2021,2021-09-06,652823058658209792,NCAA ACC,5,FSU,157,FSU,Chris file 9/6/21; method unknown (likely roster value)
2021,2021-09-06,652822938654937088,NCAA BIG SKY,3,William & Mary,158,William & Mary,Chris file 9/6/21; method unknown (likely roster value)
2021,2021-09-06,644097339790827520,NCAA OHIO VALLEY,10,Monmouth,159,Monmouth,Chris file 9/6/21; method unknown (likely roster value)
2021,2021-09-06,652823058658209792,NCAA ACC,9,Miami,160,Miami,Chris file 9/6/21; method unknown (likely roster value)
2021,2021-09-06,652822508415823872,NCAA WILD,7,San Jose State,161,San Jose State,Chris file 9/6/21; method unknown (likely roster value)
2021,2021-09-06,652822592985579520,NCAA PIONEER,2,Holy Cross,162,Holy Cross,Chris file 9/6/21; method unknown (likely roster value)
2021,2021-09-06,652822356867264512,NCAA SEC,11,Alabama,163,Alabama,Chris file 9/6/21; method unknown (likely roster value)
2021,2021-09-06,652822356867264512,NCAA SEC,7,Georgia,164,Georgia,Chris file 9/6/21; method unknown (likely roster value)
2021,2021-09-06,652821876346810368,NCAA BIG 10,9,Ohio State,165,Ohio State,Chris file 9/6/21; method unknown (likely roster value)
2021,2021-09-06,652823294856224768,NCAA PAC 12,3,Oregon State,166,Oregon State,Chris file 9/6/21; method unknown (likely roster value)
2021,2021-09-06,652822437578215424,NCAA SUN BELT,12,UTSA,167,UTSA,Chris file 9/6/21; method unknown (likely roster value)
2021,2021-09-06,652822152327815168,NCAA HISTORICALLY BLACK,8,Alcorn State,168,Alcorn State,Chris file 9/6/21; method unknown (likely roster value)
2021,2021-09-06,652822293206081536,NCAA MOUNTAIN WEST,9,New Mexico,169,New Mexico,Chris file 9/6/21; method unknown (likely roster value)
2021,2021-09-06,652822788075229184,NCAA USA,5,Georgia State,170,Georgia State,Chris file 9/6/21; method unknown (likely roster value)
2021,2021-09-06,652822152327815168,NCAA HISTORICALLY BLACK,5,Florida A&M,171,Florida A&M,Chris file 9/6/21; method unknown (likely roster value)
2021,2021-09-06,652822437578215424,NCAA SUN BELT,5,Marshall,172,Marshall,Chris file 9/6/21; method unknown (likely roster value)
2021,2021-09-06,652823294856224768,NCAA PAC 12,9,Oregon,173,Oregon,Chris file 9/6/21; method unknown (likely roster value)
2021,2021-09-06,652822437578215424,NCAA SUN BELT,7,Georgia Southern,174,Georgia Southern,Chris file 9/6/21; method unknown (likely roster value)
2021,2021-09-06,652822592985579520,NCAA PIONEER,4,Butler,175,Butler,Chris file 9/6/21; method unknown (likely roster value)
2021,2021-09-06,652822666251710464,NCAA IVY,4,Columbia,176,Columbia,Chris file 9/6/21; method unknown (likely roster value)
2021,2021-09-06,652822871495749632,NCAA BIG 12,7,Kansas State,177,Kansas State,Chris file 9/6/21; method unknown (likely roster value)
2021,2021-09-06,652821876346810368,NCAA BIG 10,10,Illinois,178,Illinois,Chris file 9/6/21; method unknown (likely roster value)
2021,2021-09-06,652822508415823872,NCAA WILD,6,Eastern Michigan,179,Eastern Michigan,Chris file 9/6/21; method unknown (likely roster value)
2021,2021-09-06,652821876346810368,NCAA BIG 10,12,Michigan,180,Michigan,Chris file 9/6/21; method unknown (likely roster value)
2021,2021-09-06,,,,,9,Dixie State,UNRESOLVED: slot unknown
2021,2021-09-06,,,,,92,Team 11 - CUSA,UNRESOLVED: slot unknown
2021,2021-09-06,,,,,147,Team 4 - CUSA,UNRESOLVED: slot unknown
