Year,Week,LeagueID,LeagueName,RosterID,Team,Rank,OpponentRosterID,OppTeam,OppRank,RankedVsRanked
2026,5,1331775170712444928,NCAA SEC,10,South Carolina,18,8,Kentucky,21,True
2026,5,1331774599196585984,NCAA MOUNTAIN WEST,1,Hawaii,1,11,UNLV,,False
2026,5,1331775170712444928,NCAA SEC,4,Auburn,2,11,Alabama,,False
2026,5,1331775106527006720,NCAA PAC 12,4,Washington State,3,10,California,,False
2026,5,1316899756005412864,NCAA BIG SKY,3,William & Mary,4,7,Richmond,,False
2026,5,1316899756005412864,NCAA BIG SKY,12,Youngstown State,5,11,Maine,,False
2026,5,1331774695346823168,NCAA USA,7,Middle Tennessee State,6,1,Troy,,False
2026,5,1331774880181399552,NCAA BIG 12,5,Baylor,7,6,Texas,,False
2026,5,1331774454493122560,NCAA WILD,10,Old Dominion,8,8,Citadel,,False
2026,5,1331775106527006720,NCAA PAC 12,7,Arizona State,9,1,Arizona,,False
2026,5,1331774741488369664,NCAA IVY,5,Georgetown,10,1,Brown,,False
2026,5,1331774846710849536,NCAA SUN BELT,9,Southern Miss,11,3,Tulane,,False
2026,5,1331774741488369664,NCAA IVY,11,Dartmouth,12,9,Yale,,False
2026,5,1331775206619885568,NCAA BIG EAST & CO.,7,Syracuse,13,1,Rutgers,,False
2026,5,1331774880181399552,NCAA BIG 12,7,Kansas State,14,10,Kansas,,False
2026,5,1316899936696016896,NCAA BIG 10,7,Minnesota,15,6,Wisconsin,,False
2026,5,1331774915392577536,NCAA ACC,5,FSU,16,10,NC State,,False
2026,5,1331774630620332032,NCAA HISTORICALLY BLACK,4,Southern,17,11,Tuskegee,,False
2026,5,1316899936696016896,NCAA BIG 10,11,Iowa,19,10,Illinois,,False
2026,5,1331774880181399552,NCAA BIG 12,8,West Virginia,20,11,TCU,,False
2026,5,1331775206619885568,NCAA BIG EAST & CO.,6,Coastal Carolina,22,12,Notre Dame,,False
2026,5,1331774695346823168,NCAA USA,8,Arkansas State,23,5,Georgia State,,False
2026,5,1331774846710849536,NCAA SUN BELT,1,Temple,24,4,Rice,,False
2026,5,1331774695346823168,NCAA USA,4,South Alabama,25,12,Louisiana Monroe,,False
