Year,LeagueName,Week,RosterID,Team,Opponent,Type,Official,Standard,Note
2020,NCAA BIG SKY,2,6,Montana State,Portland State,Game,W 137.56-134.20,L 134.56-136.20,Result differs under standard scoring; official result W 137.56-134.20
2020,NCAA BIG SKY,2,8,Portland State,Montana State,Game,L 134.20-137.56,W 136.20-134.56,Result differs under standard scoring; official result L 134.20-137.56
2020,NCAA HISTORICALLY BLACK,1,2,Alabama A&M,Southern,Game,W 132.50-130.80,L 131.50-132.80,Result differs under standard scoring; official result W 132.50-130.80
2020,NCAA HISTORICALLY BLACK,1,4,Southern,Alabama A&M,Game,L 130.80-132.50,W 132.80-131.50,Result differs under standard scoring; official result L 130.80-132.50
2020,NCAA HISTORICALLY BLACK,10,3,Delaware State,Southern,Game,L 72.12-72.16,W 72.12-66.16,Result differs under standard scoring; official result L 72.12-72.16
2020,NCAA HISTORICALLY BLACK,10,4,Southern,Delaware State,Game,W 72.16-72.12,L 66.16-72.12,Result differs under standard scoring; official result W 72.16-72.12
2020,NCAA HISTORICALLY BLACK,11,2,Alabama A&M,Delaware State,Game,L 118.84-122.46,W 118.84-117.46,Result differs under standard scoring; official result L 118.84-122.46
2020,NCAA HISTORICALLY BLACK,11,3,Delaware State,Alabama A&M,Game,W 122.46-118.84,L 117.46-118.84,Result differs under standard scoring; official result W 122.46-118.84
2020,NCAA PIONEER,3,1,Wofford,Dayton,Game,W 164.00-160.32,L 160.00-160.32,Result differs under standard scoring; official result W 164.00-160.32
2020,NCAA PIONEER,3,7,Dayton,Wofford,Game,L 160.32-164.00,W 160.32-160.00,Result differs under standard scoring; official result L 160.32-164.00
2020,NCAA PIONEER,6,4,Butler,UT Martin,Game,L 120.44-124.42,W 121.44-120.42,Result differs under standard scoring; official result L 120.44-124.42
2020,NCAA PIONEER,6,11,UT Martin,Butler,Game,W 124.42-120.44,L 120.42-121.44,Result differs under standard scoring; official result W 124.42-120.44
2020,NCAA SOUTHLAND,5,1,McNeese State,Dixie State,Game,W 170.02-168.84,L 163.02-166.84,Result differs under standard scoring; official result W 170.02-168.84
2020,NCAA SOUTHLAND,5,8,Dixie State,McNeese State,Game,L 168.84-170.02,W 166.84-163.02,Result differs under standard scoring; official result L 168.84-170.02
2020,NCAA USA,10,5,Georgia State,Louisiana,Game,L 105.32-108.00,W 107.32-106.00,Result differs under standard scoring; official result L 105.32-108.00
2020,NCAA USA,10,12,Louisiana,Georgia State,Game,W 108.00-105.32,L 106.00-107.32,Result differs under standard scoring; official result W 108.00-105.32
2020,NCAA USA,4,2,North Texas,Texas State,Game,W 142.80-141.90,L 135.80-142.90,Result differs under standard scoring; official result W 142.80-141.90
2020,NCAA USA,4,9,Texas State,North Texas,Game,L 141.90-142.80,W 142.90-135.80,Result differs under standard scoring; official result L 141.90-142.80
2020,NCAA USA,6,4,Florida International,Georgia State,Game,L 105.62-110.42,W 103.62-100.42,Result differs under standard scoring; official result L 105.62-110.42
2020,NCAA USA,6,5,Georgia State,Florida International,Game,W 110.42-105.62,L 100.42-103.62,Result differs under standard scoring; official result W 110.42-105.62
2021,NCAA BIG SKY,,6,Montana State,,BowlLine,5-6,6-5,Regular-season record crosses .500 under standard scoring; postseason placement stands as played
2021,NCAA BIG SKY,7,3,William & Mary,Montana State,Game,W 116.34-110.48,L 109.34-109.48,Result differs under standard scoring; official result W 116.34-110.48
2021,NCAA BIG SKY,7,6,Montana State,William & Mary,Game,L 110.48-116.34,W 109.48-109.34,Result differs under standard scoring; official result L 110.48-116.34
2021,NCAA HISTORICALLY BLACK,,4,Southern,,BowlLine,7-4,5-6,Regular-season record crosses .500 under standard scoring; postseason placement stands as played
2021,NCAA HISTORICALLY BLACK,,8,Alcorn State,,BowlLine,6-5,5-6,Regular-season record crosses .500 under standard scoring; postseason placement stands as played
2021,NCAA HISTORICALLY BLACK,10,6,Howard,Tuskegee,Game,W 111.68-107.84,L 106.68-107.84,Result differs under standard scoring; official result W 111.68-107.84
2021,NCAA HISTORICALLY BLACK,10,11,Tuskegee,Howard,Game,L 107.84-111.68,W 107.84-106.68,Result differs under standard scoring; official result L 107.84-111.68
2021,NCAA HISTORICALLY BLACK,6,3,Delaware State,Southern,Game,L 141.64-142.28,W 140.64-139.28,Result differs under standard scoring; official result L 141.64-142.28
2021,NCAA HISTORICALLY BLACK,6,4,Southern,Delaware State,Game,W 142.28-141.64,L 139.28-140.64,Result differs under standard scoring; official result W 142.28-141.64
2021,NCAA HISTORICALLY BLACK,9,1,North Carolina A&T,Alcorn State,Game,L 107.28-108.00,W 105.28-104.00,Result differs under standard scoring; official result L 107.28-108.00
2021,NCAA HISTORICALLY BLACK,9,8,Alcorn State,North Carolina A&T,Game,W 108.00-107.28,L 104.00-105.28,Result differs under standard scoring; official result W 108.00-107.28
2021,NCAA HISTORICALLY BLACK,9,4,Southern,Howard,Game,W 132.44-132.02,L 131.44-133.02,Result differs under standard scoring; official result W 132.44-132.02
2021,NCAA HISTORICALLY BLACK,9,6,Howard,Southern,Game,L 132.02-132.44,W 133.02-131.44,Result differs under standard scoring; official result L 132.02-132.44
2021,NCAA OHIO VALLEY,,11,North Alabama,Jacksonville State,DivisionTitle,7-4 won the division,7-4 (Jacksonville State) leads on standard scoring,Division title stands as played; standard-scoring standings would favor the team named in Opponent
2021,NCAA OHIO VALLEY,,3,Kennesaw State,Chattanooga,DivisionTitle,9-2 won the division,9-2 (Chattanooga) leads on standard scoring,Division title stands as played; standard-scoring standings would favor the team named in Opponent
2021,NCAA OHIO VALLEY,3,8,Morehead State,North Alabama,Game,L 131.74-135.12,W 133.74-132.12,Result differs under standard scoring; official result L 131.74-135.12
2021,NCAA OHIO VALLEY,3,11,North Alabama,Morehead State,Game,W 135.12-131.74,L 132.12-133.74,Result differs under standard scoring; official result W 135.12-131.74
2021,NCAA OHIO VALLEY,9,3,Kennesaw State,Eastern Kentucky,Game,W 97.76-90.08,L 90.76-91.08,Result differs under standard scoring; official result W 97.76-90.08
2021,NCAA OHIO VALLEY,9,5,Eastern Kentucky,Kennesaw State,Game,L 90.08-97.76,W 91.08-90.76,Result differs under standard scoring; official result L 90.08-97.76
2021,NCAA PIONEER,6,4,Butler,UT Martin,Game,W 99.88-99.78,L 98.88-100.78,Result differs under standard scoring; official result W 99.88-99.78
2021,NCAA PIONEER,6,11,UT Martin,Butler,Game,L 99.78-99.88,W 100.78-98.88,Result differs under standard scoring; official result L 99.78-99.88
2021,NCAA PIONEER,9,1,Wofford,Austin Peay,Game,L 127.40-129.08,W 129.40-127.08,Result differs under standard scoring; official result L 127.40-129.08
2021,NCAA PIONEER,9,9,Austin Peay,Wofford,Game,W 129.08-127.40,L 127.08-129.40,Result differs under standard scoring; official result W 129.08-127.40
2021,NCAA USA,,11,Louisiana,,BowlLine,6-5,5-6,Regular-season record crosses .500 under standard scoring; postseason placement stands as played
2021,NCAA USA,11,7,Middle Tennessee State,Florida International,Game,W 151.42-148.60,L 144.42-147.60,Result differs under standard scoring; official result W 151.42-148.60
2021,NCAA USA,11,10,Florida International,Middle Tennessee State,Game,L 148.60-151.42,W 147.60-144.42,Result differs under standard scoring; official result L 148.60-151.42
2021,NCAA USA,9,5,Georgia State,Louisiana,Game,L 108.08-109.84,W 108.08-106.84,Result differs under standard scoring; official result L 108.08-109.84
2021,NCAA USA,9,11,Louisiana,Georgia State,Game,W 109.84-108.08,L 106.84-108.08,Result differs under standard scoring; official result W 109.84-108.08
2022,NCAA ACC,,8,Boston College,,BowlLine,6-5,5-6,Regular-season record crosses .500 under standard scoring; postseason placement stands as played
2022,NCAA ACC,8,2,North Carolina,Boston College,Game,L 124.60-125.28,W 124.60-124.28,Result differs under standard scoring; official result L 124.60-125.28
2022,NCAA ACC,8,8,Boston College,North Carolina,Game,W 125.28-124.60,L 124.28-124.60,Result differs under standard scoring; official result W 125.28-124.60
2022,NCAA BIG 12,,4,Texas A&M,,BowlLine,6-5,5-6,Regular-season record crosses .500 under standard scoring; postseason placement stands as played
2022,NCAA BIG 12,1,4,Texas A&M,Texas,Game,W 125.22-124.60,L 124.22-124.60,Result differs under standard scoring; official result W 125.22-124.60
2022,NCAA BIG 12,1,6,Texas,Texas A&M,Game,L 124.60-125.22,W 124.60-124.22,Result differs under standard scoring; official result L 124.60-125.22
2022,NCAA BIG SKY,1,4,Eastern Washington,Youngstown State,Game,L 164.90-165.20,W 166.90-156.20,Result differs under standard scoring; official result L 164.90-165.20
2022,NCAA BIG SKY,1,12,Youngstown State,Eastern Washington,Game,W 165.20-164.90,L 156.20-166.90,Result differs under standard scoring; official result W 165.20-164.90
2022,NCAA BIG SKY,5,1,Rhode Island,Villanova,Game,L 65.20-65.52,W 60.20-58.52,Result differs under standard scoring; official result L 65.20-65.52
2022,NCAA BIG SKY,5,2,Villanova,Rhode Island,Game,W 65.52-65.20,L 58.52-60.20,Result differs under standard scoring; official result W 65.52-65.20
2022,NCAA OHIO VALLEY,,3,Kennesaw State,,BowlLine,5-6,6-5,Regular-season record crosses .500 under standard scoring; postseason placement stands as played
2022,NCAA OHIO VALLEY,,8,Morehead State,,BowlLine,5-6,6-5,Regular-season record crosses .500 under standard scoring; postseason placement stands as played
2022,NCAA OHIO VALLEY,1,3,Kennesaw State,North Carolina Central,Game,L 114.62-118.62,W 116.62-111.62,Result differs under standard scoring; official result L 114.62-118.62
2022,NCAA OHIO VALLEY,1,12,North Carolina Central,Kennesaw State,Game,W 118.62-114.62,L 111.62-116.62,Result differs under standard scoring; official result W 118.62-114.62
2022,NCAA OHIO VALLEY,1,5,Eastern Kentucky,Delaware,Game,W 117.42-111.70,L 110.42-112.70,Result differs under standard scoring; official result W 117.42-111.70
2022,NCAA OHIO VALLEY,1,7,Delaware,Eastern Kentucky,Game,L 111.70-117.42,W 112.70-110.42,Result differs under standard scoring; official result L 111.70-117.42
2022,NCAA OHIO VALLEY,2,8,Morehead State,Jacksonville State,Game,L 149.44-153.08,W 150.44-148.08,Result differs under standard scoring; official result L 149.44-153.08
2022,NCAA OHIO VALLEY,2,9,Jacksonville State,Morehead State,Game,W 153.08-149.44,L 148.08-150.44,Result differs under standard scoring; official result W 153.08-149.44
2022,NCAA PIONEER,,7,Dayton,,BowlLine,5-6,6-5,Regular-season record crosses .500 under standard scoring; postseason placement stands as played
2022,NCAA PIONEER,,1,Wofford,Campbell,DivisionTitle,9-2 won the division,9-2 (Campbell) leads on standard scoring,Division title stands as played; standard-scoring standings would favor the team named in Opponent
2022,NCAA PIONEER,2,4,Butler,Furman,Game,L 102.44-104.18,W 103.44-103.18,Result differs under standard scoring; official result L 102.44-104.18
2022,NCAA PIONEER,2,10,Furman,Butler,Game,W 104.18-102.44,L 103.18-103.44,Result differs under standard scoring; official result W 104.18-102.44
2022,NCAA PIONEER,4,1,Wofford,Dayton,Game,W 148.88-144.36,L 140.88-144.36,Result differs under standard scoring; official result W 148.88-144.36
2022,NCAA PIONEER,4,7,Dayton,Wofford,Game,L 144.36-148.88,W 144.36-140.88,Result differs under standard scoring; official result L 144.36-148.88
2025,NCAA OHIO VALLEY,,5,Eastern Kentucky,,BowlLine,6-5,5-6,Regular-season record crosses .500 under standard scoring; postseason placement stands as played
2025,NCAA OHIO VALLEY,7,5,Eastern Kentucky,North Carolina Central,Game,W 127.14-126.56,L 127.14-127.56,Result differs under standard scoring; official result W 127.14-126.56
2025,NCAA OHIO VALLEY,7,12,North Carolina Central,Eastern Kentucky,Game,L 126.56-127.14,W 127.56-127.14,Result differs under standard scoring; official result L 126.56-127.14
