Year,CaptureDate,LeagueID,LeagueName,RosterID,Team,OwnerName,DynastyValue,PSV,Note
2022,2022-09-13,787122703772614656,NCAA ACC,1,Virginia,ChrisW21,32611,23085,"Chris sheet 9/13/22 (after wk1): DynastyValue=Team Value, PSV=Team Value2 (assumed starter/redraft)"
2022,2022-09-13,787122703772614656,NCAA ACC,2,North Carolina,MattyBent,44214,44507,"Chris sheet 9/13/22 (after wk1): DynastyValue=Team Value, PSV=Team Value2 (assumed starter/redraft)"
2022,2022-09-13,787122703772614656,NCAA ACC,3,Georgia Tech,tylerjreese,41153,37095,"Chris sheet 9/13/22 (after wk1): DynastyValue=Team Value, PSV=Team Value2 (assumed starter/redraft)"
2022,2022-09-13,787122703772614656,NCAA ACC,4,Virginia Tech,landonh12,70119,61205,"Chris sheet 9/13/22 (after wk1): DynastyValue=Team Value, PSV=Team Value2 (assumed starter/redraft)"
2022,2022-09-13,787122703772614656,NCAA ACC,5,FSU,Yarby,37488,31164,"Chris sheet 9/13/22 (after wk1): DynastyValue=Team Value, PSV=Team Value2 (assumed starter/redraft)"
2022,2022-09-13,787122703772614656,NCAA ACC,6,Wake Forest,WhiskyScientist,51408,32128,"Chris sheet 9/13/22 (after wk1): DynastyValue=Team Value, PSV=Team Value2 (assumed starter/redraft)"
2022,2022-09-13,787122703772614656,NCAA ACC,7,Duke,fatalbeast,48645,43804,"Chris sheet 9/13/22 (after wk1): DynastyValue=Team Value, PSV=Team Value2 (assumed starter/redraft)"
2022,2022-09-13,787122703772614656,NCAA ACC,8,Boston College,eperedetto,51644,35933,"Chris sheet 9/13/22 (after wk1): DynastyValue=Team Value, PSV=Team Value2 (assumed starter/redraft)"
2022,2022-09-13,787122703772614656,NCAA ACC,9,Miami,B1GNate35,35731,33248,"Chris sheet 9/13/22 (after wk1): DynastyValue=Team Value, PSV=Team Value2 (assumed starter/redraft)"
2022,2022-09-13,787122703772614656,NCAA ACC,10,NC State,LetsGooooo365,36371,21362,"Chris sheet 9/13/22 (after wk1): DynastyValue=Team Value, PSV=Team Value2 (assumed starter/redraft)"
2022,2022-09-13,787122703772614656,NCAA ACC,11,Louisville,Campbell8,37879,36049,"Chris sheet 9/13/22 (after wk1): DynastyValue=Team Value, PSV=Team Value2 (assumed starter/redraft)"
2022,2022-09-13,787122703772614656,NCAA ACC,12,Clemson,dilbennett,80704,76752,"Chris sheet 9/13/22 (after wk1): DynastyValue=Team Value, PSV=Team Value2 (assumed starter/redraft)"
2022,2022-09-13,787122556279885824,NCAA BIG 10,1,Purdue,Mation05,58479,54070,"Chris sheet 9/13/22 (after wk1): DynastyValue=Team Value, PSV=Team Value2 (assumed starter/redraft)"
2022,2022-09-13,787122556279885824,NCAA BIG 10,2,Nebraska,EthanH,30954,3616,"Chris sheet 9/13/22 (after wk1): DynastyValue=Team Value, PSV=Team Value2 (assumed starter/redraft)"
2022,2022-09-13,787122556279885824,NCAA BIG 10,3,Northwestern,Clamonte,45166,34876,"Chris sheet 9/13/22 (after wk1): DynastyValue=Team Value, PSV=Team Value2 (assumed starter/redraft)"
2022,2022-09-13,787122556279885824,NCAA BIG 10,4,Michigan State,SausageKing27,24320,21004,"Chris sheet 9/13/22 (after wk1): DynastyValue=Team Value, PSV=Team Value2 (assumed starter/redraft)"
2022,2022-09-13,787122556279885824,NCAA BIG 10,5,Penn State,jreilly,80893,75171,"Chris sheet 9/13/22 (after wk1): DynastyValue=Team Value, PSV=Team Value2 (assumed starter/redraft)"
2022,2022-09-13,787122556279885824,NCAA BIG 10,6,Wisconsin,laxbro000,57971,56047,"Chris sheet 9/13/22 (after wk1): DynastyValue=Team Value, PSV=Team Value2 (assumed starter/redraft)"
2022,2022-09-13,787122556279885824,NCAA BIG 10,7,Minnesota,linkoftime1,62429,48480,"Chris sheet 9/13/22 (after wk1): DynastyValue=Team Value, PSV=Team Value2 (assumed starter/redraft)"
2022,2022-09-13,787122556279885824,NCAA BIG 10,8,Indiana,eseromo760,42220,42023,"Chris sheet 9/13/22 (after wk1): DynastyValue=Team Value, PSV=Team Value2 (assumed starter/redraft)"
2022,2022-09-13,787122556279885824,NCAA BIG 10,9,Ohio State,Klashified,34140,29535,"Chris sheet 9/13/22 (after wk1): DynastyValue=Team Value, PSV=Team Value2 (assumed starter/redraft)"
2022,2022-09-13,787122556279885824,NCAA BIG 10,10,Illinois,richardson98,46999,33189,"Chris sheet 9/13/22 (after wk1): DynastyValue=Team Value, PSV=Team Value2 (assumed starter/redraft)"
2022,2022-09-13,787122556279885824,NCAA BIG 10,11,Iowa,SpinachAssasin,50722,66069,"Chris sheet 9/13/22 (after wk1): DynastyValue=Team Value, PSV=Team Value2 (assumed starter/redraft)"
2022,2022-09-13,787122556279885824,NCAA BIG 10,12,Michigan,chrispychicken,33899,12250,"Chris sheet 9/13/22 (after wk1): DynastyValue=Team Value, PSV=Team Value2 (assumed starter/redraft)"
2022,2022-09-13,787428826962571264,NCAA BIG 12,1,Texas Tech,BigSexy3422,53698,44764,"Chris sheet 9/13/22 (after wk1): DynastyValue=Team Value, PSV=Team Value2 (assumed starter/redraft)"
2022,2022-09-13,787428826962571264,NCAA BIG 12,2,Iowa State,trev7293,51623,43166,"Chris sheet 9/13/22 (after wk1): DynastyValue=Team Value, PSV=Team Value2 (assumed starter/redraft)"
2022,2022-09-13,787428826962571264,NCAA BIG 12,3,Missouri,DavidJimm,32023,23370,"Chris sheet 9/13/22 (after wk1): DynastyValue=Team Value, PSV=Team Value2 (assumed starter/redraft)"
2022,2022-09-13,787428826962571264,NCAA BIG 12,4,Texas A&M,deadheadshane,55473,60837,"Chris sheet 9/13/22 (after wk1): DynastyValue=Team Value, PSV=Team Value2 (assumed starter/redraft)"
2022,2022-09-13,787428826962571264,NCAA BIG 12,5,Baylor,robertlouis7,86977,63251,"Chris sheet 9/13/22 (after wk1): DynastyValue=Team Value, PSV=Team Value2 (assumed starter/redraft)"
2022,2022-09-13,787428826962571264,NCAA BIG 12,6,Texas,elianbruger,40539,38926,"Chris sheet 9/13/22 (after wk1): DynastyValue=Team Value, PSV=Team Value2 (assumed starter/redraft)"
2022,2022-09-13,787428826962571264,NCAA BIG 12,7,Kansas State,Frankeen,35650,26368,"Chris sheet 9/13/22 (after wk1): DynastyValue=Team Value, PSV=Team Value2 (assumed starter/redraft)"
2022,2022-09-13,787428826962571264,NCAA BIG 12,8,West Virginia,alicho,57532,56981,"Chris sheet 9/13/22 (after wk1): DynastyValue=Team Value, PSV=Team Value2 (assumed starter/redraft)"
2022,2022-09-13,787428826962571264,NCAA BIG 12,9,Oklahoma,rchau56,46721,49605,"Chris sheet 9/13/22 (after wk1): DynastyValue=Team Value, PSV=Team Value2 (assumed starter/redraft)"
2022,2022-09-13,787428826962571264,NCAA BIG 12,10,Kansas,Samara,13162,10989,"Chris sheet 9/13/22 (after wk1): DynastyValue=Team Value, PSV=Team Value2 (assumed starter/redraft)"
2022,2022-09-13,787428826962571264,NCAA BIG 12,11,TCU,CousinMose15,44009,32893,"Chris sheet 9/13/22 (after wk1): DynastyValue=Team Value, PSV=Team Value2 (assumed starter/redraft)"
2022,2022-09-13,787428826962571264,NCAA BIG 12,12,Oklahoma State,FancyLlama,50651,25181,"Chris sheet 9/13/22 (after wk1): DynastyValue=Team Value, PSV=Team Value2 (assumed starter/redraft)"
2022,2022-09-13,787469620847190016,NCAA BIG EAST & CO.,1,Rutgers,BlackLighting88,48825,47100,"Chris sheet 9/13/22 (after wk1): DynastyValue=Team Value, PSV=Team Value2 (assumed starter/redraft)"
2022,2022-09-13,787469620847190016,NCAA BIG EAST & CO.,2,Maryland,UrTrash,33178,29919,"Chris sheet 9/13/22 (after wk1): DynastyValue=Team Value, PSV=Team Value2 (assumed starter/redraft)"
2022,2022-09-13,787469620847190016,NCAA BIG EAST & CO.,3,South Dakota State,ikemendel,43788,39437,"Chris sheet 9/13/22 (after wk1): DynastyValue=Team Value, PSV=Team Value2 (assumed starter/redraft)"
2022,2022-09-13,787469620847190016,NCAA BIG EAST & CO.,4,Pittsburgh,vinceA762,65400,55853,"Chris sheet 9/13/22 (after wk1): DynastyValue=Team Value, PSV=Team Value2 (assumed starter/redraft)"
2022,2022-09-13,787469620847190016,NCAA BIG EAST & CO.,5,UCONN,ngregg38,20382,22922,"Chris sheet 9/13/22 (after wk1): DynastyValue=Team Value, PSV=Team Value2 (assumed starter/redraft)"
2022,2022-09-13,787469620847190016,NCAA BIG EAST & CO.,6,Coastal Carolina,joonbug,58381,43721,"Chris sheet 9/13/22 (after wk1): DynastyValue=Team Value, PSV=Team Value2 (assumed starter/redraft)"
2022,2022-09-13,787469620847190016,NCAA BIG EAST & CO.,7,Syracuse,CodeKhaos,73701,57376,"Chris sheet 9/13/22 (after wk1): DynastyValue=Team Value, PSV=Team Value2 (assumed starter/redraft)"
2022,2022-09-13,787469620847190016,NCAA BIG EAST & CO.,8,Army,Claser,61097,53531,"Chris sheet 9/13/22 (after wk1): DynastyValue=Team Value, PSV=Team Value2 (assumed starter/redraft)"
2022,2022-09-13,787469620847190016,NCAA BIG EAST & CO.,9,UCF,POLOCAPALOT,41289,27603,"Chris sheet 9/13/22 (after wk1): DynastyValue=Team Value, PSV=Team Value2 (assumed starter/redraft)"
2022,2022-09-13,787469620847190016,NCAA BIG EAST & CO.,10,USF,Psyclone,30841,26932,"Chris sheet 9/13/22 (after wk1): DynastyValue=Team Value, PSV=Team Value2 (assumed starter/redraft)"
2022,2022-09-13,787469620847190016,NCAA BIG EAST & CO.,11,Navy,Ianiners,47228,40670,"Chris sheet 9/13/22 (after wk1): DynastyValue=Team Value, PSV=Team Value2 (assumed starter/redraft)"
2022,2022-09-13,787469620847190016,NCAA BIG EAST & CO.,12,Notre Dame,ryno,43993,31268,"Chris sheet 9/13/22 (after wk1): DynastyValue=Team Value, PSV=Team Value2 (assumed starter/redraft)"
2022,2022-09-13,787428947523657728,NCAA BIG SKY,1,Rhode Island,PedroCal,43430,17397,"Chris sheet 9/13/22 (after wk1): DynastyValue=Team Value, PSV=Team Value2 (assumed starter/redraft)"
2022,2022-09-13,787428947523657728,NCAA BIG SKY,2,Villanova,PapaCrowther,40351,42889,"Chris sheet 9/13/22 (after wk1): DynastyValue=Team Value, PSV=Team Value2 (assumed starter/redraft)"
2022,2022-09-13,787428947523657728,NCAA BIG SKY,3,William & Mary,Beastchewy15,32857,24165,"Chris sheet 9/13/22 (after wk1): DynastyValue=Team Value, PSV=Team Value2 (assumed starter/redraft)"
2022,2022-09-13,787428947523657728,NCAA BIG SKY,4,Eastern Washington,Elestial,36095,43700,"Chris sheet 9/13/22 (after wk1): DynastyValue=Team Value, PSV=Team Value2 (assumed starter/redraft)"
2022,2022-09-13,787428947523657728,NCAA BIG SKY,5,Stony Brook,Julian1993,37168,34444,"Chris sheet 9/13/22 (after wk1): DynastyValue=Team Value, PSV=Team Value2 (assumed starter/redraft)"
2022,2022-09-13,787428947523657728,NCAA BIG SKY,6,Montana State,Elwayluva7,65269,50778,"Chris sheet 9/13/22 (after wk1): DynastyValue=Team Value, PSV=Team Value2 (assumed starter/redraft)"
2022,2022-09-13,787428947523657728,NCAA BIG SKY,7,Richmond,fballfreek80,45512,42659,"Chris sheet 9/13/22 (after wk1): DynastyValue=Team Value, PSV=Team Value2 (assumed starter/redraft)"
2022,2022-09-13,787428947523657728,NCAA BIG SKY,8,Portland State,Vitus,81042,50843,"Chris sheet 9/13/22 (after wk1): DynastyValue=Team Value, PSV=Team Value2 (assumed starter/redraft)"
2022,2022-09-13,787428947523657728,NCAA BIG SKY,9,Weber State,Pinky7373,30000,26240,"Chris sheet 9/13/22 (after wk1): DynastyValue=Team Value, PSV=Team Value2 (assumed starter/redraft)"
2022,2022-09-13,787428947523657728,NCAA BIG SKY,10,Northern Iowa,DaLegend,56475,53951,"Chris sheet 9/13/22 (after wk1): DynastyValue=Team Value, PSV=Team Value2 (assumed starter/redraft)"
2022,2022-09-13,787428947523657728,NCAA BIG SKY,11,Maine,mgrant55,27282,32234,"Chris sheet 9/13/22 (after wk1): DynastyValue=Team Value, PSV=Team Value2 (assumed starter/redraft)"
2022,2022-09-13,787428947523657728,NCAA BIG SKY,12,Youngstown State,mssullivan2022,71955,57031,"Chris sheet 9/13/22 (after wk1): DynastyValue=Team Value, PSV=Team Value2 (assumed starter/redraft)"
2022,2022-09-13,787469538403921920,NCAA HISTORICALLY BLACK,1,North Carolina A&T,PhantomXX,35880,27599,"Chris sheet 9/13/22 (after wk1): DynastyValue=Team Value, PSV=Team Value2 (assumed starter/redraft)"
2022,2022-09-13,787469538403921920,NCAA HISTORICALLY BLACK,2,Alabama A&M,hnobo13,29658,32800,"Chris sheet 9/13/22 (after wk1): DynastyValue=Team Value, PSV=Team Value2 (assumed starter/redraft)"
2022,2022-09-13,787469538403921920,NCAA HISTORICALLY BLACK,3,Delaware State,lcummings,42194,37674,"Chris sheet 9/13/22 (after wk1): DynastyValue=Team Value, PSV=Team Value2 (assumed starter/redraft)"
2022,2022-09-13,787469538403921920,NCAA HISTORICALLY BLACK,4,Southern,csmith1222,50779,48266,"Chris sheet 9/13/22 (after wk1): DynastyValue=Team Value, PSV=Team Value2 (assumed starter/redraft)"
2022,2022-09-13,787469538403921920,NCAA HISTORICALLY BLACK,5,Florida A&M,tpearson2222,65495,52474,"Chris sheet 9/13/22 (after wk1): DynastyValue=Team Value, PSV=Team Value2 (assumed starter/redraft)"
2022,2022-09-13,787469538403921920,NCAA HISTORICALLY BLACK,6,Howard,DeanFalcon,40477,38390,"Chris sheet 9/13/22 (after wk1): DynastyValue=Team Value, PSV=Team Value2 (assumed starter/redraft)"
2022,2022-09-13,787469538403921920,NCAA HISTORICALLY BLACK,7,Mississippi Valley State,StrikerS091,34750,25937,"Chris sheet 9/13/22 (after wk1): DynastyValue=Team Value, PSV=Team Value2 (assumed starter/redraft)"
2022,2022-09-13,787469538403921920,NCAA HISTORICALLY BLACK,8,Alcorn State,wblack2012,50384,34390,"Chris sheet 9/13/22 (after wk1): DynastyValue=Team Value, PSV=Team Value2 (assumed starter/redraft)"
2022,2022-09-13,787469538403921920,NCAA HISTORICALLY BLACK,9,Bethune - Cookman,aaronlaw,61549,47404,"Chris sheet 9/13/22 (after wk1): DynastyValue=Team Value, PSV=Team Value2 (assumed starter/redraft)"
2022,2022-09-13,787469538403921920,NCAA HISTORICALLY BLACK,10,Jackson State,bb7661KING,64077,55909,"Chris sheet 9/13/22 (after wk1): DynastyValue=Team Value, PSV=Team Value2 (assumed starter/redraft)"
2022,2022-09-13,787469538403921920,NCAA HISTORICALLY BLACK,11,Tuskegee,Jerryb83,47277,40838,"Chris sheet 9/13/22 (after wk1): DynastyValue=Team Value, PSV=Team Value2 (assumed starter/redraft)"
2022,2022-09-13,787469538403921920,NCAA HISTORICALLY BLACK,12,Grambling State,scoobydaeaglemahomes,45377,34650,"Chris sheet 9/13/22 (after wk1): DynastyValue=Team Value, PSV=Team Value2 (assumed starter/redraft)"
2022,2022-09-13,787469399828365312,NCAA IVY,1,Brown,FlynnD,62134,51278,"Chris sheet 9/13/22 (after wk1): DynastyValue=Team Value, PSV=Team Value2 (assumed starter/redraft)"
2022,2022-09-13,787469399828365312,NCAA IVY,2,Harvard,Matthew12,40497,48009,"Chris sheet 9/13/22 (after wk1): DynastyValue=Team Value, PSV=Team Value2 (assumed starter/redraft)"
2022,2022-09-13,787469399828365312,NCAA IVY,3,Bucknell,Jrodr71,29958,28017,"Chris sheet 9/13/22 (after wk1): DynastyValue=Team Value, PSV=Team Value2 (assumed starter/redraft)"
2022,2022-09-13,787469399828365312,NCAA IVY,4,Columbia,alecgagnon2001,29586,11395,"Chris sheet 9/13/22 (after wk1): DynastyValue=Team Value, PSV=Team Value2 (assumed starter/redraft)"
2022,2022-09-13,787469399828365312,NCAA IVY,5,Georgetown,ccassidy,48195,37713,"Chris sheet 9/13/22 (after wk1): DynastyValue=Team Value, PSV=Team Value2 (assumed starter/redraft)"
2022,2022-09-13,787469399828365312,NCAA IVY,6,Lehigh,ryanmchugh,46074,43999,"Chris sheet 9/13/22 (after wk1): DynastyValue=Team Value, PSV=Team Value2 (assumed starter/redraft)"
2022,2022-09-13,787469399828365312,NCAA IVY,7,Penn,KamaraMinute,37812,32225,"Chris sheet 9/13/22 (after wk1): DynastyValue=Team Value, PSV=Team Value2 (assumed starter/redraft)"
2022,2022-09-13,787469399828365312,NCAA IVY,8,Colgate,PhilupMynuts,46919,32840,"Chris sheet 9/13/22 (after wk1): DynastyValue=Team Value, PSV=Team Value2 (assumed starter/redraft)"
2022,2022-09-13,787469399828365312,NCAA IVY,9,Yale,MarBra24,85265,62262,"Chris sheet 9/13/22 (after wk1): DynastyValue=Team Value, PSV=Team Value2 (assumed starter/redraft)"
2022,2022-09-13,787469399828365312,NCAA IVY,10,Princeton,BlackBOI93,32594,35420,"Chris sheet 9/13/22 (after wk1): DynastyValue=Team Value, PSV=Team Value2 (assumed starter/redraft)"
2022,2022-09-13,787469399828365312,NCAA IVY,11,Dartmouth,jtheadrick98,62421,52634,"Chris sheet 9/13/22 (after wk1): DynastyValue=Team Value, PSV=Team Value2 (assumed starter/redraft)"
2022,2022-09-13,787469399828365312,NCAA IVY,12,Cornell,cobrapanther99,46604,40539,"Chris sheet 9/13/22 (after wk1): DynastyValue=Team Value, PSV=Team Value2 (assumed starter/redraft)"
2022,2022-09-13,787469647648763904,NCAA MOUNTAIN WEST,1,Hawaii,RicochetRay,62327,57065,"Chris sheet 9/13/22 (after wk1): DynastyValue=Team Value, PSV=Team Value2 (assumed starter/redraft)"
2022,2022-09-13,787469647648763904,NCAA MOUNTAIN WEST,2,Boise State,bucketmikal14,35202,22093,"Chris sheet 9/13/22 (after wk1): DynastyValue=Team Value, PSV=Team Value2 (assumed starter/redraft)"
2022,2022-09-13,787469647648763904,NCAA MOUNTAIN WEST,3,Wyoming,HonoredMexican,43631,45941,"Chris sheet 9/13/22 (after wk1): DynastyValue=Team Value, PSV=Team Value2 (assumed starter/redraft)"
2022,2022-09-13,787469647648763904,NCAA MOUNTAIN WEST,4,Air Force,Kyvend01,59595,48158,"Chris sheet 9/13/22 (after wk1): DynastyValue=Team Value, PSV=Team Value2 (assumed starter/redraft)"
2022,2022-09-13,787469647648763904,NCAA MOUNTAIN WEST,5,Utah State,Thomash2442,38388,30414,"Chris sheet 9/13/22 (after wk1): DynastyValue=Team Value, PSV=Team Value2 (assumed starter/redraft)"
2022,2022-09-13,787469647648763904,NCAA MOUNTAIN WEST,6,BYU,Avery33,30401,28950,"Chris sheet 9/13/22 (after wk1): DynastyValue=Team Value, PSV=Team Value2 (assumed starter/redraft)"
2022,2022-09-13,787469647648763904,NCAA MOUNTAIN WEST,7,Idaho,loganhall17,38939,29476,"Chris sheet 9/13/22 (after wk1): DynastyValue=Team Value, PSV=Team Value2 (assumed starter/redraft)"
2022,2022-09-13,787469647648763904,NCAA MOUNTAIN WEST,8,Colorado State,bkoldham,60252,57646,"Chris sheet 9/13/22 (after wk1): DynastyValue=Team Value, PSV=Team Value2 (assumed starter/redraft)"
2022,2022-09-13,787469647648763904,NCAA MOUNTAIN WEST,9,New Mexico,Mrhawke19,62468,47317,"Chris sheet 9/13/22 (after wk1): DynastyValue=Team Value, PSV=Team Value2 (assumed starter/redraft)"
2022,2022-09-13,787469647648763904,NCAA MOUNTAIN WEST,10,Nevada,Twistedmentat,39706,33140,"Chris sheet 9/13/22 (after wk1): DynastyValue=Team Value, PSV=Team Value2 (assumed starter/redraft)"
2022,2022-09-13,787469647648763904,NCAA MOUNTAIN WEST,11,UNLV,ZMATH11,58694,34380,"Chris sheet 9/13/22 (after wk1): DynastyValue=Team Value, PSV=Team Value2 (assumed starter/redraft)"
2022,2022-09-13,787469647648763904,NCAA MOUNTAIN WEST,12,San Diego State,reedymang,38551,41752,"Chris sheet 9/13/22 (after wk1): DynastyValue=Team Value, PSV=Team Value2 (assumed starter/redraft)"
2022,2022-09-13,787469585417945088,NCAA OHIO VALLEY,1,Belmont,Mistafyer,43142,33458,"Chris sheet 9/13/22 (after wk1): DynastyValue=Team Value, PSV=Team Value2 (assumed starter/redraft)"
2022,2022-09-13,787469585417945088,NCAA OHIO VALLEY,2,ETSU,LMarkiewicz04,74466,76300,"Chris sheet 9/13/22 (after wk1): DynastyValue=Team Value, PSV=Team Value2 (assumed starter/redraft)"
2022,2022-09-13,787469585417945088,NCAA OHIO VALLEY,3,Kennesaw State,srcav,52426,43926,"Chris sheet 9/13/22 (after wk1): DynastyValue=Team Value, PSV=Team Value2 (assumed starter/redraft)"
2022,2022-09-13,787469585417945088,NCAA OHIO VALLEY,4,Chattanooga,ethansherwood22,71330,50472,"Chris sheet 9/13/22 (after wk1): DynastyValue=Team Value, PSV=Team Value2 (assumed starter/redraft)"
2022,2022-09-13,787469585417945088,NCAA OHIO VALLEY,5,Eastern Kentucky,Dreev,53532,34732,"Chris sheet 9/13/22 (after wk1): DynastyValue=Team Value, PSV=Team Value2 (assumed starter/redraft)"
2022,2022-09-13,787469585417945088,NCAA OHIO VALLEY,6,Charleston Southern,leathershoe4,58987,62929,"Chris sheet 9/13/22 (after wk1): DynastyValue=Team Value, PSV=Team Value2 (assumed starter/redraft)"
2022,2022-09-13,787469585417945088,NCAA OHIO VALLEY,7,Delaware,charlielol,38939,30859,"Chris sheet 9/13/22 (after wk1): DynastyValue=Team Value, PSV=Team Value2 (assumed starter/redraft)"
2022,2022-09-13,787469585417945088,NCAA OHIO VALLEY,8,Morehead State,ThongBonerstorm,32843,31334,"Chris sheet 9/13/22 (after wk1): DynastyValue=Team Value, PSV=Team Value2 (assumed starter/redraft)"
2022,2022-09-13,787469585417945088,NCAA OHIO VALLEY,9,Jacksonville State,AlabamaBobbyCue,53932,44509,"Chris sheet 9/13/22 (after wk1): DynastyValue=Team Value, PSV=Team Value2 (assumed starter/redraft)"
2022,2022-09-13,787469585417945088,NCAA OHIO VALLEY,10,Monmouth,kevinedge,25271,18027,"Chris sheet 9/13/22 (after wk1): DynastyValue=Team Value, PSV=Team Value2 (assumed starter/redraft)"
2022,2022-09-13,787469585417945088,NCAA OHIO VALLEY,11,North Alabama,Romantryert,27238,34831,"Chris sheet 9/13/22 (after wk1): DynastyValue=Team Value, PSV=Team Value2 (assumed starter/redraft)"
2022,2022-09-13,787469585417945088,NCAA OHIO VALLEY,12,North Carolina Central,McNaga,35887,14954,"Chris sheet 9/13/22 (after wk1): DynastyValue=Team Value, PSV=Team Value2 (assumed starter/redraft)"
2022,2022-09-13,787122632301649920,NCAA PAC 12,1,Arizona,kfitch630,23696,25424,"Chris sheet 9/13/22 (after wk1): DynastyValue=Team Value, PSV=Team Value2 (assumed starter/redraft)"
2022,2022-09-13,787122632301649920,NCAA PAC 12,2,USC,KamaraGOAT41,63293,61463,"Chris sheet 9/13/22 (after wk1): DynastyValue=Team Value, PSV=Team Value2 (assumed starter/redraft)"
2022,2022-09-13,787122632301649920,NCAA PAC 12,3,Oregon State,Dunebuggy619,32711,15251,"Chris sheet 9/13/22 (after wk1): DynastyValue=Team Value, PSV=Team Value2 (assumed starter/redraft)"
2022,2022-09-13,787122632301649920,NCAA PAC 12,4,Washington State,chzhead412,51851,51063,"Chris sheet 9/13/22 (after wk1): DynastyValue=Team Value, PSV=Team Value2 (assumed starter/redraft)"
2022,2022-09-13,787122632301649920,NCAA PAC 12,5,Stanford,cooperthach,61392,47081,"Chris sheet 9/13/22 (after wk1): DynastyValue=Team Value, PSV=Team Value2 (assumed starter/redraft)"
2022,2022-09-13,787122632301649920,NCAA PAC 12,6,Washington,samggannon,30715,30015,"Chris sheet 9/13/22 (after wk1): DynastyValue=Team Value, PSV=Team Value2 (assumed starter/redraft)"
2022,2022-09-13,787122632301649920,NCAA PAC 12,7,Arizona State,wrightc214,92466,72081,"Chris sheet 9/13/22 (after wk1): DynastyValue=Team Value, PSV=Team Value2 (assumed starter/redraft)"
2022,2022-09-13,787122632301649920,NCAA PAC 12,8,Colorado,OlHorndog,42430,19883,"Chris sheet 9/13/22 (after wk1): DynastyValue=Team Value, PSV=Team Value2 (assumed starter/redraft)"
2022,2022-09-13,787122632301649920,NCAA PAC 12,9,Oregon,ScottyW13,21700,19091,"Chris sheet 9/13/22 (after wk1): DynastyValue=Team Value, PSV=Team Value2 (assumed starter/redraft)"
2022,2022-09-13,787122632301649920,NCAA PAC 12,10,California,ImagineWiigons,46852,55343,"Chris sheet 9/13/22 (after wk1): DynastyValue=Team Value, PSV=Team Value2 (assumed starter/redraft)"
2022,2022-09-13,787122632301649920,NCAA PAC 12,11,Utah,seniormeow,52640,48321,"Chris sheet 9/13/22 (after wk1): DynastyValue=Team Value, PSV=Team Value2 (assumed starter/redraft)"
2022,2022-09-13,787122632301649920,NCAA PAC 12,12,UCLA,lmerkouSaints,48508,31316,"Chris sheet 9/13/22 (after wk1): DynastyValue=Team Value, PSV=Team Value2 (assumed starter/redraft)"
2022,2022-09-13,787469482338717696,NCAA PIONEER,1,Wofford,MattJB87,69276,57403,"Chris sheet 9/13/22 (after wk1): DynastyValue=Team Value, PSV=Team Value2 (assumed starter/redraft)"
2022,2022-09-13,787469482338717696,NCAA PIONEER,2,Holy Cross,plazzmarc,35828,26857,"Chris sheet 9/13/22 (after wk1): DynastyValue=Team Value, PSV=Team Value2 (assumed starter/redraft)"
2022,2022-09-13,787469482338717696,NCAA PIONEER,3,Murray State,MyFingerPoints,48792,37306,"Chris sheet 9/13/22 (after wk1): DynastyValue=Team Value, PSV=Team Value2 (assumed starter/redraft)"
2022,2022-09-13,787469482338717696,NCAA PIONEER,4,Butler,Daphud,33150,18920,"Chris sheet 9/13/22 (after wk1): DynastyValue=Team Value, PSV=Team Value2 (assumed starter/redraft)"
2022,2022-09-13,787469482338717696,NCAA PIONEER,5,Tennessee State,fwen,36435,29793,"Chris sheet 9/13/22 (after wk1): DynastyValue=Team Value, PSV=Team Value2 (assumed starter/redraft)"
2022,2022-09-13,787469482338717696,NCAA PIONEER,6,SE Missouri State,BDAVIS309,41144,40599,"Chris sheet 9/13/22 (after wk1): DynastyValue=Team Value, PSV=Team Value2 (assumed starter/redraft)"
2022,2022-09-13,787469482338717696,NCAA PIONEER,7,Dayton,OrtizTheGod,51790,46336,"Chris sheet 9/13/22 (after wk1): DynastyValue=Team Value, PSV=Team Value2 (assumed starter/redraft)"
2022,2022-09-13,787469482338717696,NCAA PIONEER,8,Campbell,CrownMeKing,32412,34272,"Chris sheet 9/13/22 (after wk1): DynastyValue=Team Value, PSV=Team Value2 (assumed starter/redraft)"
2022,2022-09-13,787469482338717696,NCAA PIONEER,9,Austin Peay,ishaansethi,48915,31600,"Chris sheet 9/13/22 (after wk1): DynastyValue=Team Value, PSV=Team Value2 (assumed starter/redraft)"
2022,2022-09-13,787469482338717696,NCAA PIONEER,10,Furman,Shemann20,36730,33293,"Chris sheet 9/13/22 (after wk1): DynastyValue=Team Value, PSV=Team Value2 (assumed starter/redraft)"
2022,2022-09-13,787469482338717696,NCAA PIONEER,11,UT Martin,siddasquid,60526,60512,"Chris sheet 9/13/22 (after wk1): DynastyValue=Team Value, PSV=Team Value2 (assumed starter/redraft)"
2022,2022-09-13,787469482338717696,NCAA PIONEER,12,Davidson,willsingle05,73071,59440,"Chris sheet 9/13/22 (after wk1): DynastyValue=Team Value, PSV=Team Value2 (assumed starter/redraft)"
2022,2022-09-13,787428859766263808,NCAA SEC,1,Florida,andcousinsissacked,49357,32452,"Chris sheet 9/13/22 (after wk1): DynastyValue=Team Value, PSV=Team Value2 (assumed starter/redraft)"
2022,2022-09-13,787428859766263808,NCAA SEC,2,LSU,Dillydilly02,50717,44521,"Chris sheet 9/13/22 (after wk1): DynastyValue=Team Value, PSV=Team Value2 (assumed starter/redraft)"
2022,2022-09-13,787428859766263808,NCAA SEC,3,Tennessee,ChadLowe,45063,32661,"Chris sheet 9/13/22 (after wk1): DynastyValue=Team Value, PSV=Team Value2 (assumed starter/redraft)"
2022,2022-09-13,787428859766263808,NCAA SEC,4,Auburn,ahhchainsaw,56218,48530,"Chris sheet 9/13/22 (after wk1): DynastyValue=Team Value, PSV=Team Value2 (assumed starter/redraft)"
2022,2022-09-13,787428859766263808,NCAA SEC,5,Ole Miss,ryank45,58338,62320,"Chris sheet 9/13/22 (after wk1): DynastyValue=Team Value, PSV=Team Value2 (assumed starter/redraft)"
2022,2022-09-13,787428859766263808,NCAA SEC,6,Mississippi State,thatmansanti,62313,62455,"Chris sheet 9/13/22 (after wk1): DynastyValue=Team Value, PSV=Team Value2 (assumed starter/redraft)"
2022,2022-09-13,787428859766263808,NCAA SEC,7,Georgia,kodakjack,46455,32891,"Chris sheet 9/13/22 (after wk1): DynastyValue=Team Value, PSV=Team Value2 (assumed starter/redraft)"
2022,2022-09-13,787428859766263808,NCAA SEC,8,Kentucky,Christian4,49840,41733,"Chris sheet 9/13/22 (after wk1): DynastyValue=Team Value, PSV=Team Value2 (assumed starter/redraft)"
2022,2022-09-13,787428859766263808,NCAA SEC,9,Vanderbilt,gregorybly,33680,35022,"Chris sheet 9/13/22 (after wk1): DynastyValue=Team Value, PSV=Team Value2 (assumed starter/redraft)"
2022,2022-09-13,787428859766263808,NCAA SEC,10,South Carolina,BeefTrapeze,38593,29907,"Chris sheet 9/13/22 (after wk1): DynastyValue=Team Value, PSV=Team Value2 (assumed starter/redraft)"
2022,2022-09-13,787428859766263808,NCAA SEC,11,Alabama,devbovino,37712,25347,"Chris sheet 9/13/22 (after wk1): DynastyValue=Team Value, PSV=Team Value2 (assumed starter/redraft)"
2022,2022-09-13,787428859766263808,NCAA SEC,12,Arkansas,JosephMarin07,39665,28491,"Chris sheet 9/13/22 (after wk1): DynastyValue=Team Value, PSV=Team Value2 (assumed starter/redraft)"
2022,2022-09-13,787428905404465152,NCAA SUN BELT,1,Temple,Piglet10,43212,25576,"Chris sheet 9/13/22 (after wk1): DynastyValue=Team Value, PSV=Team Value2 (assumed starter/redraft)"
2022,2022-09-13,787428905404465152,NCAA SUN BELT,2,UTEP,CRicks3,59769,48510,"Chris sheet 9/13/22 (after wk1): DynastyValue=Team Value, PSV=Team Value2 (assumed starter/redraft)"
2022,2022-09-13,787428905404465152,NCAA SUN BELT,3,Tulane,Prestongee17,52706,70265,"Chris sheet 9/13/22 (after wk1): DynastyValue=Team Value, PSV=Team Value2 (assumed starter/redraft)"
2022,2022-09-13,787428905404465152,NCAA SUN BELT,4,Rice,Lucchityler,38791,44845,"Chris sheet 9/13/22 (after wk1): DynastyValue=Team Value, PSV=Team Value2 (assumed starter/redraft)"
2022,2022-09-13,787428905404465152,NCAA SUN BELT,5,Marshall,PackMan1212,43115,26417,"Chris sheet 9/13/22 (after wk1): DynastyValue=Team Value, PSV=Team Value2 (assumed starter/redraft)"
2022,2022-09-13,787428905404465152,NCAA SUN BELT,6,Tulsa,Raidersforte,38951,33261,"Chris sheet 9/13/22 (after wk1): DynastyValue=Team Value, PSV=Team Value2 (assumed starter/redraft)"
2022,2022-09-13,787428905404465152,NCAA SUN BELT,7,Georgia Southern,alphabeasttt,64286,58593,"Chris sheet 9/13/22 (after wk1): DynastyValue=Team Value, PSV=Team Value2 (assumed starter/redraft)"
2022,2022-09-13,787428905404465152,NCAA SUN BELT,8,Memphis,yoboihawks,77187,60293,"Chris sheet 9/13/22 (after wk1): DynastyValue=Team Value, PSV=Team Value2 (assumed starter/redraft)"
2022,2022-09-13,787428905404465152,NCAA SUN BELT,9,Southern Miss,denvermanning,31374,12806,"Chris sheet 9/13/22 (after wk1): DynastyValue=Team Value, PSV=Team Value2 (assumed starter/redraft)"
2022,2022-09-13,787428905404465152,NCAA SUN BELT,10,UAB,Fr3shBC11,46506,44733,"Chris sheet 9/13/22 (after wk1): DynastyValue=Team Value, PSV=Team Value2 (assumed starter/redraft)"
2022,2022-09-13,787428905404465152,NCAA SUN BELT,11,Louisiana Tech,ryanfried2,39450,27096,"Chris sheet 9/13/22 (after wk1): DynastyValue=Team Value, PSV=Team Value2 (assumed starter/redraft)"
2022,2022-09-13,787428905404465152,NCAA SUN BELT,12,UTSA,utsa,32810,23935,"Chris sheet 9/13/22 (after wk1): DynastyValue=Team Value, PSV=Team Value2 (assumed starter/redraft)"
2022,2022-09-13,787469368543035392,NCAA USA,1,Troy,dh671,48764,36852,"Chris sheet 9/13/22 (after wk1): DynastyValue=Team Value, PSV=Team Value2 (assumed starter/redraft)"
2022,2022-09-13,787469368543035392,NCAA USA,2,North Texas,brooksy33,58368,47364,"Chris sheet 9/13/22 (after wk1): DynastyValue=Team Value, PSV=Team Value2 (assumed starter/redraft)"
2022,2022-09-13,787469368543035392,NCAA USA,3,Florida Atlantic,DapperDave89,52802,51507,"Chris sheet 9/13/22 (after wk1): DynastyValue=Team Value, PSV=Team Value2 (assumed starter/redraft)"
2022,2022-09-13,787469368543035392,NCAA USA,4,South Alabama,GRIDIRONGANG81,27510,25307,"Chris sheet 9/13/22 (after wk1): DynastyValue=Team Value, PSV=Team Value2 (assumed starter/redraft)"
2022,2022-09-13,787469368543035392,NCAA USA,5,Georgia State,UserNotFound7,30243,10732,"Chris sheet 9/13/22 (after wk1): DynastyValue=Team Value, PSV=Team Value2 (assumed starter/redraft)"
2022,2022-09-13,787469368543035392,NCAA USA,6,Western Kentucky,PatrickT21,64121,43440,"Chris sheet 9/13/22 (after wk1): DynastyValue=Team Value, PSV=Team Value2 (assumed starter/redraft)"
2022,2022-09-13,787469368543035392,NCAA USA,7,Middle Tennessee State,ridinroundinarover,54406,41704,"Chris sheet 9/13/22 (after wk1): DynastyValue=Team Value, PSV=Team Value2 (assumed starter/redraft)"
2022,2022-09-13,787469368543035392,NCAA USA,8,Arkansas State,krichknowsbest,45069,37307,"Chris sheet 9/13/22 (after wk1): DynastyValue=Team Value, PSV=Team Value2 (assumed starter/redraft)"
2022,2022-09-13,787469368543035392,NCAA USA,9,Texas State,JacksonGardner5,36370,42635,"Chris sheet 9/13/22 (after wk1): DynastyValue=Team Value, PSV=Team Value2 (assumed starter/redraft)"
2022,2022-09-13,787469368543035392,NCAA USA,10,Florida International,Woolley69,63246,60552,"Chris sheet 9/13/22 (after wk1): DynastyValue=Team Value, PSV=Team Value2 (assumed starter/redraft)"
2022,2022-09-13,787469368543035392,NCAA USA,11,Louisiana,T0rey,38837,40787,"Chris sheet 9/13/22 (after wk1): DynastyValue=Team Value, PSV=Team Value2 (assumed starter/redraft)"
2022,2022-09-13,787469368543035392,NCAA USA,12,Louisiana Monroe,BroncoZzz,48514,38143,"Chris sheet 9/13/22 (after wk1): DynastyValue=Team Value, PSV=Team Value2 (assumed starter/redraft)"
2022,2022-09-13,787469508792152064,NCAA WILD,1,Montana,LanceBoneau,81727,59165,"Chris sheet 9/13/22 (after wk1): DynastyValue=Team Value, PSV=Team Value2 (assumed starter/redraft)"
2022,2022-09-13,787469508792152064,NCAA WILD,2,James Madison,WillAllen,31394,32342,"Chris sheet 9/13/22 (after wk1): DynastyValue=Team Value, PSV=Team Value2 (assumed starter/redraft)"
2022,2022-09-13,787469508792152064,NCAA WILD,3,North Dakota State,4thdownTD,61470,66406,"Chris sheet 9/13/22 (after wk1): DynastyValue=Team Value, PSV=Team Value2 (assumed starter/redraft)"
2022,2022-09-13,787469508792152064,NCAA WILD,4,Central Michigan,matthewitz,44670,42989,"Chris sheet 9/13/22 (after wk1): DynastyValue=Team Value, PSV=Team Value2 (assumed starter/redraft)"
2022,2022-09-13,787469508792152064,NCAA WILD,5,Wichita State,FareedB,32730,25730,"Chris sheet 9/13/22 (after wk1): DynastyValue=Team Value, PSV=Team Value2 (assumed starter/redraft)"
2022,2022-09-13,787469508792152064,NCAA WILD,6,Eastern Michigan,ThomasHarris,28633,16138,"Chris sheet 9/13/22 (after wk1): DynastyValue=Team Value, PSV=Team Value2 (assumed starter/redraft)"
2022,2022-09-13,787469508792152064,NCAA WILD,7,San Jose State,lumosityfan,24395,22138,"Chris sheet 9/13/22 (after wk1): DynastyValue=Team Value, PSV=Team Value2 (assumed starter/redraft)"
2022,2022-09-13,787469508792152064,NCAA WILD,8,Citadel,Buckeyefan5184,70956,59146,"Chris sheet 9/13/22 (after wk1): DynastyValue=Team Value, PSV=Team Value2 (assumed starter/redraft)"
2022,2022-09-13,787469508792152064,NCAA WILD,9,Central Arkansas,MrBarryMcCockiner,49624,37803,"Chris sheet 9/13/22 (after wk1): DynastyValue=Team Value, PSV=Team Value2 (assumed starter/redraft)"
2022,2022-09-13,787469508792152064,NCAA WILD,10,Old Dominion,olddominion2020,71778,57669,"Chris sheet 9/13/22 (after wk1): DynastyValue=Team Value, PSV=Team Value2 (assumed starter/redraft)"
2022,2022-09-13,787469508792152064,NCAA WILD,11,South Dakota,Squinto,37709,23642,"Chris sheet 9/13/22 (after wk1): DynastyValue=Team Value, PSV=Team Value2 (assumed starter/redraft)"
2022,2022-09-13,787469508792152064,NCAA WILD,12,UNC Charlotte,DBGiants,32908,33164,"Chris sheet 9/13/22 (after wk1): DynastyValue=Team Value, PSV=Team Value2 (assumed starter/redraft)"
2023,,921152041332871168,NCAA ACC,1,Virginia,,40544,32179,source unknown (Chris sheet); PSV + dynasty value
2023,,921152041332871168,NCAA ACC,2,North Carolina,,60198,33122,source unknown (Chris sheet); PSV + dynasty value
2023,,921152041332871168,NCAA ACC,3,Georgia Tech,,39615,34754,source unknown (Chris sheet); PSV + dynasty value
2023,,921152041332871168,NCAA ACC,4,Virginia Tech,,78239,34812,source unknown (Chris sheet); PSV + dynasty value
2023,,921152041332871168,NCAA ACC,5,FSU,,42844,26103,source unknown (Chris sheet); PSV + dynasty value
2023,,921152041332871168,NCAA ACC,6,Wake Forest,,52283,27689,source unknown (Chris sheet); PSV + dynasty value
2023,,921152041332871168,NCAA ACC,7,Duke,,58477,39126,source unknown (Chris sheet); PSV + dynasty value
2023,,921152041332871168,NCAA ACC,8,Boston College,,61169,26614,source unknown (Chris sheet); PSV + dynasty value
2023,,921152041332871168,NCAA ACC,9,Miami,,41323,27319,source unknown (Chris sheet); PSV + dynasty value
2023,,921152041332871168,NCAA ACC,10,NC State,,67323,30752,source unknown (Chris sheet); PSV + dynasty value
2023,,921152041332871168,NCAA ACC,11,Louisville,,44688,24936,source unknown (Chris sheet); PSV + dynasty value
2023,,921152041332871168,NCAA ACC,12,Clemson,,78643,49224,source unknown (Chris sheet); PSV + dynasty value
2023,,919305562058285056,NCAA BIG 10,1,Purdue,,63970,45988,source unknown (Chris sheet); PSV + dynasty value
2023,,919305562058285056,NCAA BIG 10,2,Nebraska,,52275,17168,source unknown (Chris sheet); PSV + dynasty value
2023,,919305562058285056,NCAA BIG 10,3,Northwestern,,45457,30625,source unknown (Chris sheet); PSV + dynasty value
2023,,919305562058285056,NCAA BIG 10,4,Michigan State,,39179,17888,source unknown (Chris sheet); PSV + dynasty value
2023,,919305562058285056,NCAA BIG 10,5,Penn State,,80262,48669,source unknown (Chris sheet); PSV + dynasty value
2023,,919305562058285056,NCAA BIG 10,6,Wisconsin,,51153,31375,source unknown (Chris sheet); PSV + dynasty value
2023,,919305562058285056,NCAA BIG 10,7,Minnesota,,75258,49057,source unknown (Chris sheet); PSV + dynasty value
2023,,919305562058285056,NCAA BIG 10,8,Indiana,,44417,28352,source unknown (Chris sheet); PSV + dynasty value
2023,,919305562058285056,NCAA BIG 10,9,Ohio State,,56223,35066,source unknown (Chris sheet); PSV + dynasty value
2023,,919305562058285056,NCAA BIG 10,10,Illinois,,44097,25536,source unknown (Chris sheet); PSV + dynasty value
2023,,919305562058285056,NCAA BIG 10,11,Iowa,,56993,53692,source unknown (Chris sheet); PSV + dynasty value
2023,,919305562058285056,NCAA BIG 10,12,Michigan,,58575,30508,source unknown (Chris sheet); PSV + dynasty value
2023,,921152073054457856,NCAA BIG 12,1,Texas Tech,,58376,38266,source unknown (Chris sheet); PSV + dynasty value
2023,,921152073054457856,NCAA BIG 12,2,Iowa State,,66737,44181,source unknown (Chris sheet); PSV + dynasty value
2023,,921152073054457856,NCAA BIG 12,3,Missouri,,28133,9460,source unknown (Chris sheet); PSV + dynasty value
2023,,921152073054457856,NCAA BIG 12,4,Texas A&M,,69119,29644,source unknown (Chris sheet); PSV + dynasty value
2023,,921152073054457856,NCAA BIG 12,5,Baylor,,97740,58882,source unknown (Chris sheet); PSV + dynasty value
2023,,921152073054457856,NCAA BIG 12,6,Texas,,58347,37789,source unknown (Chris sheet); PSV + dynasty value
2023,,921152073054457856,NCAA BIG 12,7,Kansas State,,55858,29647,source unknown (Chris sheet); PSV + dynasty value
2023,,921152073054457856,NCAA BIG 12,8,West Virginia,,55966,34755,source unknown (Chris sheet); PSV + dynasty value
2023,,921152073054457856,NCAA BIG 12,9,Oklahoma,,24897,9089,source unknown (Chris sheet); PSV + dynasty value
2023,,921152073054457856,NCAA BIG 12,10,Kansas,,29418,8275,source unknown (Chris sheet); PSV + dynasty value
2023,,921152073054457856,NCAA BIG 12,11,TCU,,62698,30357,source unknown (Chris sheet); PSV + dynasty value
2023,,921152073054457856,NCAA BIG 12,12,Oklahoma State,,62251,33260,source unknown (Chris sheet); PSV + dynasty value
2023,,921152169275957248,NCAA BIG EAST & CO.,1,Rutgers,,57959,35810,source unknown (Chris sheet); PSV + dynasty value
2023,,921152169275957248,NCAA BIG EAST & CO.,2,Maryland,,33869,23926,source unknown (Chris sheet); PSV + dynasty value
2023,,921152169275957248,NCAA BIG EAST & CO.,3,South Dakota State,,51541,29465,source unknown (Chris sheet); PSV + dynasty value
2023,,921152169275957248,NCAA BIG EAST & CO.,4,Pittsburgh,,54726,32955,source unknown (Chris sheet); PSV + dynasty value
2023,,921152169275957248,NCAA BIG EAST & CO.,5,UCONN,,43434,16101,source unknown (Chris sheet); PSV + dynasty value
2023,,921152169275957248,NCAA BIG EAST & CO.,6,Coastal Carolina,,65681,40737,source unknown (Chris sheet); PSV + dynasty value
2023,,921152169275957248,NCAA BIG EAST & CO.,7,Syracuse,,84265,46168,source unknown (Chris sheet); PSV + dynasty value
2023,,921152169275957248,NCAA BIG EAST & CO.,8,Army,,58954,48299,source unknown (Chris sheet); PSV + dynasty value
2023,,921152169275957248,NCAA BIG EAST & CO.,9,UCF,,62274,18941,source unknown (Chris sheet); PSV + dynasty value
2023,,921152169275957248,NCAA BIG EAST & CO.,10,USF,,36172,19501,source unknown (Chris sheet); PSV + dynasty value
2023,,921152169275957248,NCAA BIG EAST & CO.,11,Navy,,52942,38077,source unknown (Chris sheet); PSV + dynasty value
2023,,921152169275957248,NCAA BIG EAST & CO.,12,Notre Dame,,66514,32424,source unknown (Chris sheet); PSV + dynasty value
2023,,921152273420525568,NCAA BIG SKY,1,Rhode Island,,47761,15699,source unknown (Chris sheet); PSV + dynasty value
2023,,921152273420525568,NCAA BIG SKY,2,Villanova,,42850,24474,source unknown (Chris sheet); PSV + dynasty value
2023,,921152273420525568,NCAA BIG SKY,3,William & Mary,,64612,28433,source unknown (Chris sheet); PSV + dynasty value
2023,,921152273420525568,NCAA BIG SKY,4,Eastern Washington,,42493,35575,source unknown (Chris sheet); PSV + dynasty value
2023,,921152273420525568,NCAA BIG SKY,5,Stony Brook,,47053,21743,source unknown (Chris sheet); PSV + dynasty value
2023,,921152273420525568,NCAA BIG SKY,6,Montana State,,80558,41952,source unknown (Chris sheet); PSV + dynasty value
2023,,921152273420525568,NCAA BIG SKY,7,Richmond,,46872,27589,source unknown (Chris sheet); PSV + dynasty value
2023,,921152273420525568,NCAA BIG SKY,8,Portland State,,98100,43197,source unknown (Chris sheet); PSV + dynasty value
2023,,921152273420525568,NCAA BIG SKY,9,Weber State,,42080,32029,source unknown (Chris sheet); PSV + dynasty value
2023,,921152273420525568,NCAA BIG SKY,10,Northern Iowa,,44137,28286,source unknown (Chris sheet); PSV + dynasty value
2023,,921152273420525568,NCAA BIG SKY,11,Maine,,33990,26118,source unknown (Chris sheet); PSV + dynasty value
2023,,921152273420525568,NCAA BIG SKY,12,Youngstown State,,76248,53935,source unknown (Chris sheet); PSV + dynasty value
2023,,921152417742311424,NCAA HISTORICALLY BLACK,1,North Carolina A&T,,62010,29942,source unknown (Chris sheet); PSV + dynasty value
2023,,921152417742311424,NCAA HISTORICALLY BLACK,2,Alabama A&M,,37754,19528,source unknown (Chris sheet); PSV + dynasty value
2023,,921152417742311424,NCAA HISTORICALLY BLACK,3,Delaware State,,56016,30934,source unknown (Chris sheet); PSV + dynasty value
2023,,921152417742311424,NCAA HISTORICALLY BLACK,4,Southern,,56292,36695,source unknown (Chris sheet); PSV + dynasty value
2023,,921152417742311424,NCAA HISTORICALLY BLACK,5,Florida A&M,,76192,35960,source unknown (Chris sheet); PSV + dynasty value
2023,,921152417742311424,NCAA HISTORICALLY BLACK,6,Howard,,41260,32997,source unknown (Chris sheet); PSV + dynasty value
2023,,921152417742311424,NCAA HISTORICALLY BLACK,7,Mississippi Valley State,,47559,28839,source unknown (Chris sheet); PSV + dynasty value
2023,,921152417742311424,NCAA HISTORICALLY BLACK,8,Alcorn State,,66158,33399,source unknown (Chris sheet); PSV + dynasty value
2023,,921152417742311424,NCAA HISTORICALLY BLACK,9,Bethune - Cookman,,69892,28574,source unknown (Chris sheet); PSV + dynasty value
2023,,921152417742311424,NCAA HISTORICALLY BLACK,10,Jackson State,,54455,39190,source unknown (Chris sheet); PSV + dynasty value
2023,,921152417742311424,NCAA HISTORICALLY BLACK,11,Tuskegee,,54747,29280,source unknown (Chris sheet); PSV + dynasty value
2023,,921152417742311424,NCAA HISTORICALLY BLACK,12,Grambling State,,45378,31162,source unknown (Chris sheet); PSV + dynasty value
2023,,921152355658248192,NCAA IVY,1,Brown,,61690,35045,source unknown (Chris sheet); PSV + dynasty value
2023,,921152355658248192,NCAA IVY,2,Harvard,,43921,36449,source unknown (Chris sheet); PSV + dynasty value
2023,,921152355658248192,NCAA IVY,3,Bucknell,,43240,23964,source unknown (Chris sheet); PSV + dynasty value
2023,,921152355658248192,NCAA IVY,4,Columbia,,55371,25720,source unknown (Chris sheet); PSV + dynasty value
2023,,921152355658248192,NCAA IVY,5,Georgetown,,51069,29770,source unknown (Chris sheet); PSV + dynasty value
2023,,921152355658248192,NCAA IVY,6,Lehigh,,43635,38861,source unknown (Chris sheet); PSV + dynasty value
2023,,921152355658248192,NCAA IVY,7,Penn,,52438,29236,source unknown (Chris sheet); PSV + dynasty value
2023,,921152355658248192,NCAA IVY,8,Colgate,,66472,27193,source unknown (Chris sheet); PSV + dynasty value
2023,,921152355658248192,NCAA IVY,9,Yale,,77082,43919,source unknown (Chris sheet); PSV + dynasty value
2023,,921152355658248192,NCAA IVY,10,Princeton,,36934,19563,source unknown (Chris sheet); PSV + dynasty value
2023,,921152355658248192,NCAA IVY,11,Dartmouth,,75012,44488,source unknown (Chris sheet); PSV + dynasty value
2023,,921152355658248192,NCAA IVY,12,Cornell,,61591,39520,source unknown (Chris sheet); PSV + dynasty value
2023,,921152489498468352,NCAA MOUNTAIN WEST,1,Hawaii,,73941,55747,source unknown (Chris sheet); PSV + dynasty value
2023,,921152489498468352,NCAA MOUNTAIN WEST,2,Boise State,,50818,20206,source unknown (Chris sheet); PSV + dynasty value
2023,,921152489498468352,NCAA MOUNTAIN WEST,3,Wyoming,,59001,40352,source unknown (Chris sheet); PSV + dynasty value
2023,,921152489498468352,NCAA MOUNTAIN WEST,4,Air Force,,45251,34935,source unknown (Chris sheet); PSV + dynasty value
2023,,921152489498468352,NCAA MOUNTAIN WEST,5,Utah State,,39204,20356,source unknown (Chris sheet); PSV + dynasty value
2023,,921152489498468352,NCAA MOUNTAIN WEST,6,BYU,,45214,25761,source unknown (Chris sheet); PSV + dynasty value
2023,,921152489498468352,NCAA MOUNTAIN WEST,7,Idaho,,47325,23103,source unknown (Chris sheet); PSV + dynasty value
2023,,921152489498468352,NCAA MOUNTAIN WEST,8,Colorado State,,65069,32680,source unknown (Chris sheet); PSV + dynasty value
2023,,921152489498468352,NCAA MOUNTAIN WEST,9,New Mexico,,84192,40520,source unknown (Chris sheet); PSV + dynasty value
2023,,921152489498468352,NCAA MOUNTAIN WEST,10,Nevada,,43174,18813,source unknown (Chris sheet); PSV + dynasty value
2023,,921152489498468352,NCAA MOUNTAIN WEST,11,UNLV,,68005,32324,source unknown (Chris sheet); PSV + dynasty value
2023,,921152489498468352,NCAA MOUNTAIN WEST,12,San Diego State,,46647,31303,source unknown (Chris sheet); PSV + dynasty value
2023,,921152450353090560,NCAA OHIO VALLEY,1,Belmont,,52861,26147,source unknown (Chris sheet); PSV + dynasty value
2023,,921152450353090560,NCAA OHIO VALLEY,2,ETSU,,73707,61903,source unknown (Chris sheet); PSV + dynasty value
2023,,921152450353090560,NCAA OHIO VALLEY,3,Kennesaw State,,50690,29614,source unknown (Chris sheet); PSV + dynasty value
2023,,921152450353090560,NCAA OHIO VALLEY,4,Chattanooga,,59401,43341,source unknown (Chris sheet); PSV + dynasty value
2023,,921152450353090560,NCAA OHIO VALLEY,5,Eastern Kentucky,,63880,32606,source unknown (Chris sheet); PSV + dynasty value
2023,,921152450353090560,NCAA OHIO VALLEY,6,Charleston Southern,,66074,42710,source unknown (Chris sheet); PSV + dynasty value
2023,,921152450353090560,NCAA OHIO VALLEY,7,Delaware,,48482,28238,source unknown (Chris sheet); PSV + dynasty value
2023,,921152450353090560,NCAA OHIO VALLEY,8,Morehead State,,47551,27953,source unknown (Chris sheet); PSV + dynasty value
2023,,921152450353090560,NCAA OHIO VALLEY,9,Jacksonville State,,35193,15405,source unknown (Chris sheet); PSV + dynasty value
2023,,921152450353090560,NCAA OHIO VALLEY,10,Monmouth,,53462,15429,source unknown (Chris sheet); PSV + dynasty value
2023,,921152450353090560,NCAA OHIO VALLEY,11,North Alabama,,56660,28982,source unknown (Chris sheet); PSV + dynasty value
2023,,921152450353090560,NCAA OHIO VALLEY,12,North Carolina Central,,61649,34636,source unknown (Chris sheet); PSV + dynasty value
2023,,921151976868155392,NCAA PAC 12,1,Arizona,,22442,11293,source unknown (Chris sheet); PSV + dynasty value
2023,,921151976868155392,NCAA PAC 12,2,USC,,53993,34187,source unknown (Chris sheet); PSV + dynasty value
2023,,921151976868155392,NCAA PAC 12,3,Oregon State,,61195,29193,source unknown (Chris sheet); PSV + dynasty value
2023,,921151976868155392,NCAA PAC 12,4,Washington State,,74706,32874,source unknown (Chris sheet); PSV + dynasty value
2023,,921151976868155392,NCAA PAC 12,5,Stanford,,43530,25278,source unknown (Chris sheet); PSV + dynasty value
2023,,921151976868155392,NCAA PAC 12,6,Washington,,53397,27552,source unknown (Chris sheet); PSV + dynasty value
2023,,921151976868155392,NCAA PAC 12,7,Arizona State,,99471,61510,source unknown (Chris sheet); PSV + dynasty value
2023,,921151976868155392,NCAA PAC 12,8,Colorado,,43330,20251,source unknown (Chris sheet); PSV + dynasty value
2023,,921151976868155392,NCAA PAC 12,9,Oregon,,35299,12478,source unknown (Chris sheet); PSV + dynasty value
2023,,921151976868155392,NCAA PAC 12,10,California,,64857,45310,source unknown (Chris sheet); PSV + dynasty value
2023,,921151976868155392,NCAA PAC 12,11,Utah,,67361,38050,source unknown (Chris sheet); PSV + dynasty value
2023,,921151976868155392,NCAA PAC 12,12,UCLA,,48502,34184,source unknown (Chris sheet); PSV + dynasty value
2023,,921152239639564288,NCAA PIONEER,1,Wofford,,71576,43986,source unknown (Chris sheet); PSV + dynasty value
2023,,921152239639564288,NCAA PIONEER,2,Holy Cross,,52072,23039,source unknown (Chris sheet); PSV + dynasty value
2023,,921152239639564288,NCAA PIONEER,3,Murray State,,63036,28312,source unknown (Chris sheet); PSV + dynasty value
2023,,921152239639564288,NCAA PIONEER,4,Butler,,61897,20575,source unknown (Chris sheet); PSV + dynasty value
2023,,921152239639564288,NCAA PIONEER,5,Tennessee State,,36949,26534,source unknown (Chris sheet); PSV + dynasty value
2023,,921152239639564288,NCAA PIONEER,6,SE Missouri State,,40421,29642,source unknown (Chris sheet); PSV + dynasty value
2023,,921152239639564288,NCAA PIONEER,7,Dayton,,50300,30577,source unknown (Chris sheet); PSV + dynasty value
2023,,921152239639564288,NCAA PIONEER,8,Campbell,,52256,32945,source unknown (Chris sheet); PSV + dynasty value
2023,,921152239639564288,NCAA PIONEER,9,Austin Peay,,51748,26512,source unknown (Chris sheet); PSV + dynasty value
2023,,921152239639564288,NCAA PIONEER,10,Furman,,50082,28266,source unknown (Chris sheet); PSV + dynasty value
2023,,921152239639564288,NCAA PIONEER,11,UT Martin,,67909,48544,source unknown (Chris sheet); PSV + dynasty value
2023,,921152239639564288,NCAA PIONEER,12,Davidson,,70923,45291,source unknown (Chris sheet); PSV + dynasty value
2023,,921152118084460544,NCAA SEC,1,Florida,,54618,30687,source unknown (Chris sheet); PSV + dynasty value
2023,,921152118084460544,NCAA SEC,2,LSU,,80872,54096,source unknown (Chris sheet); PSV + dynasty value
2023,,921152118084460544,NCAA SEC,3,Tennessee,,57683,31754,source unknown (Chris sheet); PSV + dynasty value
2023,,921152118084460544,NCAA SEC,4,Auburn,,67345,43542,source unknown (Chris sheet); PSV + dynasty value
2023,,921152118084460544,NCAA SEC,5,Ole Miss,,56028,47497,source unknown (Chris sheet); PSV + dynasty value
2023,,921152118084460544,NCAA SEC,6,Mississippi State,,76186,45337,source unknown (Chris sheet); PSV + dynasty value
2023,,921152118084460544,NCAA SEC,7,Georgia,,48486,26109,source unknown (Chris sheet); PSV + dynasty value
2023,,921152118084460544,NCAA SEC,8,Kentucky,,62067,30950,source unknown (Chris sheet); PSV + dynasty value
2023,,921152118084460544,NCAA SEC,9,Vanderbilt,,16402,4440,source unknown (Chris sheet); PSV + dynasty value
2023,,921152118084460544,NCAA SEC,10,South Carolina,,50085,30890,source unknown (Chris sheet); PSV + dynasty value
2023,,921152118084460544,NCAA SEC,11,Alabama,,43112,13873,source unknown (Chris sheet); PSV + dynasty value
2023,,921152118084460544,NCAA SEC,12,Arkansas,,54479,21424,source unknown (Chris sheet); PSV + dynasty value
2023,,921152207104335872,NCAA SUN BELT,1,Temple,,51692,18857,source unknown (Chris sheet); PSV + dynasty value
2023,,921152207104335872,NCAA SUN BELT,2,UTEP,,56125,37509,source unknown (Chris sheet); PSV + dynasty value
2023,,921152207104335872,NCAA SUN BELT,3,Tulane,,55955,41330,source unknown (Chris sheet); PSV + dynasty value
2023,,921152207104335872,NCAA SUN BELT,4,Rice,,35823,30676,source unknown (Chris sheet); PSV + dynasty value
2023,,921152207104335872,NCAA SUN BELT,5,Marshall,,47937,28397,source unknown (Chris sheet); PSV + dynasty value
2023,,921152207104335872,NCAA SUN BELT,6,Tulsa,,58581,27474,source unknown (Chris sheet); PSV + dynasty value
2023,,921152207104335872,NCAA SUN BELT,7,Georgia Southern,,68044,41282,source unknown (Chris sheet); PSV + dynasty value
2023,,921152207104335872,NCAA SUN BELT,8,Memphis,,88024,46793,source unknown (Chris sheet); PSV + dynasty value
2023,,921152207104335872,NCAA SUN BELT,9,Southern Miss,,50940,24913,source unknown (Chris sheet); PSV + dynasty value
2023,,921152207104335872,NCAA SUN BELT,10,UAB,,56414,39051,source unknown (Chris sheet); PSV + dynasty value
2023,,921152207104335872,NCAA SUN BELT,11,Louisiana Tech,,55326,30815,source unknown (Chris sheet); PSV + dynasty value
2023,,921152207104335872,NCAA SUN BELT,12,UTSA,,44364,21522,source unknown (Chris sheet); PSV + dynasty value
2023,,921152384695357440,NCAA USA,1,Troy,,59983,30780,source unknown (Chris sheet); PSV + dynasty value
2023,,921152384695357440,NCAA USA,2,North Texas,,64952,33876,source unknown (Chris sheet); PSV + dynasty value
2023,,921152384695357440,NCAA USA,3,Florida Atlantic,,60391,46460,source unknown (Chris sheet); PSV + dynasty value
2023,,921152384695357440,NCAA USA,4,South Alabama,,47357,22652,source unknown (Chris sheet); PSV + dynasty value
2023,,921152384695357440,NCAA USA,5,Georgia State,,54013,26434,source unknown (Chris sheet); PSV + dynasty value
2023,,921152384695357440,NCAA USA,6,Western Kentucky,,64061,33757,source unknown (Chris sheet); PSV + dynasty value
2023,,921152384695357440,NCAA USA,7,Middle Tennessee State,,51050,34966,source unknown (Chris sheet); PSV + dynasty value
2023,,921152384695357440,NCAA USA,8,Arkansas State,,52184,26171,source unknown (Chris sheet); PSV + dynasty value
2023,,921152384695357440,NCAA USA,9,Texas State,,38931,24073,source unknown (Chris sheet); PSV + dynasty value
2023,,921152384695357440,NCAA USA,10,Florida International,,75619,51167,source unknown (Chris sheet); PSV + dynasty value
2023,,921152384695357440,NCAA USA,11,Louisiana,,50223,28207,source unknown (Chris sheet); PSV + dynasty value
2023,,921152384695357440,NCAA USA,12,Louisiana Monroe,,50489,28549,source unknown (Chris sheet); PSV + dynasty value
2023,,921152324230262784,NCAA WILD,1,Montana,,106544,42919,source unknown (Chris sheet); PSV + dynasty value
2023,,921152324230262784,NCAA WILD,2,James Madison,,36289,20590,source unknown (Chris sheet); PSV + dynasty value
2023,,921152324230262784,NCAA WILD,3,North Dakota State,,69917,47081,source unknown (Chris sheet); PSV + dynasty value
2023,,921152324230262784,NCAA WILD,4,Central Michigan,,44004,38037,source unknown (Chris sheet); PSV + dynasty value
2023,,921152324230262784,NCAA WILD,5,Wichita State,,37876,22023,source unknown (Chris sheet); PSV + dynasty value
2023,,921152324230262784,NCAA WILD,6,Eastern Michigan,,44727,26039,source unknown (Chris sheet); PSV + dynasty value
2023,,921152324230262784,NCAA WILD,7,San Jose State,,27902,13215,source unknown (Chris sheet); PSV + dynasty value
2023,,921152324230262784,NCAA WILD,8,Citadel,,62497,42502,source unknown (Chris sheet); PSV + dynasty value
2023,,921152324230262784,NCAA WILD,9,Central Arkansas,,52398,28211,source unknown (Chris sheet); PSV + dynasty value
2023,,921152324230262784,NCAA WILD,10,Old Dominion,,85601,45497,source unknown (Chris sheet); PSV + dynasty value
2023,,921152324230262784,NCAA WILD,11,South Dakota,,45923,12217,source unknown (Chris sheet); PSV + dynasty value
2023,,921152324230262784,NCAA WILD,12,UNC Charlotte,,53716,30915,source unknown (Chris sheet); PSV + dynasty value
2024,2024-09-04,1051381725097500672,NCAA ACC,1,Virginia,ChrisW21,48733,20020,
2024,2024-09-04,1051381725097500672,NCAA ACC,2,North Carolina,MattyBent,64841,30567,
2024,2024-09-04,1051381725097500672,NCAA ACC,3,Georgia Tech,BillyMicMac,47868,12617,
2024,2024-09-04,1051381725097500672,NCAA ACC,4,Virginia Tech,landonh12,94074,36734,
2024,2024-09-04,1051381725097500672,NCAA ACC,5,FSU,Yarby,59293,32855,
2024,2024-09-04,1051381725097500672,NCAA ACC,6,Wake Forest,WhiskyScientist,60421,26065,
2024,2024-09-04,1051381725097500672,NCAA ACC,7,Duke,fatalbeast,61438,28940,
2024,2024-09-04,1051381725097500672,NCAA ACC,8,Boston College,eperedetto,57258,17785,
2024,2024-09-04,1051381725097500672,NCAA ACC,9,Miami,markandrewsisthegoat,47750,26691,
2024,2024-09-04,1051381725097500672,NCAA ACC,10,NC State,LetsGooooo365,75831,33257,
2024,2024-09-04,1051381725097500672,NCAA ACC,11,Louisville,Campbell8,56990,21685,
2024,2024-09-04,1051381725097500672,NCAA ACC,12,Clemson,dilbennett,91926,73483,
2024,2024-09-04,1051228339672961024,NCAA BIG 10,1,Purdue,CanadaGoose05,64367,47951,
2024,2024-09-04,1051228339672961024,NCAA BIG 10,2,Nebraska,EthanH,80720,41156,
2024,2024-09-04,1051228339672961024,NCAA BIG 10,3,Northwestern,Clamonte,51743,22409,
2024,2024-09-04,1051228339672961024,NCAA BIG 10,4,Michigan State,BigTexas8,44718,20308,
2024,2024-09-04,1051228339672961024,NCAA BIG 10,5,Penn State,Empty - 5,63287,15228,
2024,2024-09-04,1051228339672961024,NCAA BIG 10,6,Wisconsin,laxbro000,68525,24363,
2024,2024-09-04,1051228339672961024,NCAA BIG 10,7,Minnesota,linkoftime1,85548,60605,
2024,2024-09-04,1051228339672961024,NCAA BIG 10,8,Indiana,eseromo760,51818,34167,
2024,2024-09-04,1051228339672961024,NCAA BIG 10,9,Ohio State,Klashified,59836,38479,
2024,2024-09-04,1051228339672961024,NCAA BIG 10,10,Illinois,richardson98,63251,10834,
2024,2024-09-04,1051228339672961024,NCAA BIG 10,11,Iowa,SpinachAssasin,71190,22427,
2024,2024-09-04,1051228339672961024,NCAA BIG 10,12,Michigan,chrispychicken,61965,27204,
2024,2024-09-04,1051381689932468224,NCAA BIG 12,1,Texas Tech,BigSexy3422,58211,30302,
2024,2024-09-04,1051381689932468224,NCAA BIG 12,2,Iowa State,trev7293,62435,34988,
2024,2024-09-04,1051381689932468224,NCAA BIG 12,3,Missouri,DavidJimm,46963,7167,
2024,2024-09-04,1051381689932468224,NCAA BIG 12,4,Texas A&M,deadheadshane,82989,37254,
2024,2024-09-04,1051381689932468224,NCAA BIG 12,5,Baylor,robertlouis7,101870,62733,
2024,2024-09-04,1051381689932468224,NCAA BIG 12,6,Texas,elianbruger,56552,23665,
2024,2024-09-04,1051381689932468224,NCAA BIG 12,7,Kansas State,Frankeen,75130,31158,
2024,2024-09-04,1051381689932468224,NCAA BIG 12,8,West Virginia,alicho,66045,41063,
2024,2024-09-04,1051381689932468224,NCAA BIG 12,9,Oklahoma,rchau56,56034,10561,
2024,2024-09-04,1051381689932468224,NCAA BIG 12,10,Kansas,FalconsRULE7,35693,15977,
2024,2024-09-04,1051381689932468224,NCAA BIG 12,11,TCU,CousinMose15,75389,33831,
2024,2024-09-04,1051381689932468224,NCAA BIG 12,12,Oklahoma State,Gangly22,50337,25785,
2024,2024-09-04,1051381610739847168,NCAA BIG EAST & CO.,1,Rutgers,sblau24,57744,25964,
2024,2024-09-04,1051381610739847168,NCAA BIG EAST & CO.,2,Maryland,UrTrash,44363,18231,
2024,2024-09-04,1051381610739847168,NCAA BIG EAST & CO.,3,South Dakota State,JiggyK,59232,22867,
2024,2024-09-04,1051381610739847168,NCAA BIG EAST & CO.,4,Pittsburgh,vinceA762,59864,26946,
2024,2024-09-04,1051381610739847168,NCAA BIG EAST & CO.,5,UCONN,ngregg38,73454,32848,
2024,2024-09-04,1051381610739847168,NCAA BIG EAST & CO.,6,Coastal Carolina,joonbug,72267,37250,
2024,2024-09-04,1051381610739847168,NCAA BIG EAST & CO.,7,Syracuse,CodeKhaos,102926,57547,
2024,2024-09-04,1051381610739847168,NCAA BIG EAST & CO.,8,Army,Claser,55619,31655,
2024,2024-09-04,1051381610739847168,NCAA BIG EAST & CO.,9,UCF,POLOCAPALOT,62457,24362,
2024,2024-09-04,1051381610739847168,NCAA BIG EAST & CO.,10,USF,sleepnonmahomie,42852,14383,
2024,2024-09-04,1051381610739847168,NCAA BIG EAST & CO.,11,Navy,Ianiners,57981,32960,
2024,2024-09-04,1051381610739847168,NCAA BIG EAST & CO.,12,Notre Dame,ryno,78617,31065,
2024,2024-09-04,1051381505785810944,NCAA BIG SKY,1,Rhode Island,WillyP15,74100,22263,
2024,2024-09-04,1051381505785810944,NCAA BIG SKY,2,Villanova,PapaCrowther,53290,17979,
2024,2024-09-04,1051381505785810944,NCAA BIG SKY,3,William & Mary,Beastchewy15,66595,31454,
2024,2024-09-04,1051381505785810944,NCAA BIG SKY,4,Eastern Washington,Elestial,42473,23878,
2024,2024-09-04,1051381505785810944,NCAA BIG SKY,5,Stony Brook,agrakush,59972,10103,
2024,2024-09-04,1051381505785810944,NCAA BIG SKY,6,Montana State,Elwayluva7,92897,47799,
2024,2024-09-04,1051381505785810944,NCAA BIG SKY,7,Richmond,fballfreek80,71386,37350,
2024,2024-09-04,1051381505785810944,NCAA BIG SKY,8,Portland State,Vitus,95475,57026,
2024,2024-09-04,1051381505785810944,NCAA BIG SKY,9,Weber State,Pinky7373,53106,26610,
2024,2024-09-04,1051381505785810944,NCAA BIG SKY,10,Northern Iowa,thejockytype,46786,10344,
2024,2024-09-04,1051381505785810944,NCAA BIG SKY,11,Maine,mgrant55,36891,6149,
2024,2024-09-04,1051381505785810944,NCAA BIG SKY,12,Youngstown State,mssullivan2022,73263,53586,
2024,2024-09-04,1051381320515002368,NCAA HISTORICALLY BLACK,1,North Carolina A&T,PhantomXX,77471,25628,
2024,2024-09-04,1051381320515002368,NCAA HISTORICALLY BLACK,2,Alabama A&M,IndyFantasyGod,48613,22556,
2024,2024-09-04,1051381320515002368,NCAA HISTORICALLY BLACK,3,Delaware State,lcummings,65263,35198,
2024,2024-09-04,1051381320515002368,NCAA HISTORICALLY BLACK,4,Southern,memphismaniac,67742,32107,
2024,2024-09-04,1051381320515002368,NCAA HISTORICALLY BLACK,5,Florida A&M,tpearson2222,77471,37206,
2024,2024-09-04,1051381320515002368,NCAA HISTORICALLY BLACK,6,Howard,DeanFalcon,49066,25938,
2024,2024-09-04,1051381320515002368,NCAA HISTORICALLY BLACK,7,Mississippi Valley State,StrikerS091,61643,38568,
2024,2024-09-04,1051381320515002368,NCAA HISTORICALLY BLACK,8,Alcorn State,wblack2012,77688,42137,
2024,2024-09-04,1051381320515002368,NCAA HISTORICALLY BLACK,9,Bethune - Cookman,dammitmanny,70548,23147,
2024,2024-09-04,1051381320515002368,NCAA HISTORICALLY BLACK,10,Jackson State,bb7661KING,56889,28354,
2024,2024-09-04,1051381320515002368,NCAA HISTORICALLY BLACK,11,Tuskegee,Jerryb83,60709,25271,
2024,2024-09-04,1051381320515002368,NCAA HISTORICALLY BLACK,12,Grambling State,scoobydaeaglemahomes,51205,32469,
2024,2024-09-04,1051381408469598208,NCAA IVY,1,Brown,FlynnD,69826,10422,
2024,2024-09-04,1051381408469598208,NCAA IVY,2,Harvard,Matthew12,48563,24898,
2024,2024-09-04,1051381408469598208,NCAA IVY,3,Bucknell,Jrodr71,50356,23193,
2024,2024-09-04,1051381408469598208,NCAA IVY,4,Columbia,alecgagnon2001,76319,40358,
2024,2024-09-04,1051381408469598208,NCAA IVY,5,Georgetown,ccassidy,70513,40970,
2024,2024-09-04,1051381408469598208,NCAA IVY,6,Lehigh,TJWATTDPOY24,55741,36015,
2024,2024-09-04,1051381408469598208,NCAA IVY,7,Penn,KamaraMinute,49064,26883,
2024,2024-09-04,1051381408469598208,NCAA IVY,8,Colgate,PhilupMynuts,77166,28980,
2024,2024-09-04,1051381408469598208,NCAA IVY,9,Yale,TheBear1973,79197,42583,
2024,2024-09-04,1051381408469598208,NCAA IVY,10,Princeton,BlackBOI93,34136,8510,
2024,2024-09-04,1051381408469598208,NCAA IVY,11,Dartmouth,jtheadrick98,88803,53159,
2024,2024-09-04,1051381408469598208,NCAA IVY,12,Cornell,cobrapanther99,68027,31591,
2024,2024-09-04,1051381233009295360,NCAA MOUNTAIN WEST,1,Hawaii,RicochetRay,89591,58289,
2024,2024-09-04,1051381233009295360,NCAA MOUNTAIN WEST,2,Boise State,jmdorsey00,66374,22960,
2024,2024-09-04,1051381233009295360,NCAA MOUNTAIN WEST,3,Wyoming,HonoredMexican,66536,32144,
2024,2024-09-04,1051381233009295360,NCAA MOUNTAIN WEST,4,Air Force,Kyvend01,30873,25297,
2024,2024-09-04,1051381233009295360,NCAA MOUNTAIN WEST,5,Utah State,SleazeMcNair,43281,15699,
2024,2024-09-04,1051381233009295360,NCAA MOUNTAIN WEST,6,BYU,Avery33,59058,36880,
2024,2024-09-04,1051381233009295360,NCAA MOUNTAIN WEST,7,Idaho,loganhall17,71181,40274,
2024,2024-09-04,1051381233009295360,NCAA MOUNTAIN WEST,8,Colorado State,bkoldham,70975,21312,
2024,2024-09-04,1051381233009295360,NCAA MOUNTAIN WEST,9,New Mexico,Mrhawke19,81134,36225,
2024,2024-09-04,1051381233009295360,NCAA MOUNTAIN WEST,10,Nevada,Twistedmentat,57975,23012,
2024,2024-09-04,1051381233009295360,NCAA MOUNTAIN WEST,11,UNLV,bdub3,86947,33493,
2024,2024-09-04,1051381233009295360,NCAA MOUNTAIN WEST,12,San Diego State,noahdaboa,42959,23285,
2024,2024-09-04,1051381274868289536,NCAA OHIO VALLEY,1,Belmont,Mistafyer,65558,33524,
2024,2024-09-04,1051381274868289536,NCAA OHIO VALLEY,2,ETSU,LMarkiewicz04,64832,49907,
2024,2024-09-04,1051381274868289536,NCAA OHIO VALLEY,3,Kennesaw State,srcav,63197,34840,
2024,2024-09-04,1051381274868289536,NCAA OHIO VALLEY,4,Chattanooga,ethansherwood22,69117,34232,
2024,2024-09-04,1051381274868289536,NCAA OHIO VALLEY,5,Eastern Kentucky,Dreev,78372,30171,
2024,2024-09-04,1051381274868289536,NCAA OHIO VALLEY,6,Charleston Southern,leathershoe4,69464,43995,
2024,2024-09-04,1051381274868289536,NCAA OHIO VALLEY,7,Delaware,charlielol,56897,30378,
2024,2024-09-04,1051381274868289536,NCAA OHIO VALLEY,8,Morehead State,ThongBonerstorm,47931,9437,
2024,2024-09-04,1051381274868289536,NCAA OHIO VALLEY,9,Jacksonville State,BobbyH95,60998,20240,
2024,2024-09-04,1051381274868289536,NCAA OHIO VALLEY,10,Monmouth,edgeofdefeat,67264,24751,
2024,2024-09-04,1051381274868289536,NCAA OHIO VALLEY,11,North Alabama,Romantryert,51684,23265,
2024,2024-09-04,1051381274868289536,NCAA OHIO VALLEY,12,North Carolina Central,Firephool,69941,40468,
2024,2024-09-04,1051381777098473472,NCAA PAC 12,1,Arizona,nshox2,40646,8070,
2024,2024-09-04,1051381777098473472,NCAA PAC 12,2,USC,KamaraGOAT41,66077,20977,
2024,2024-09-04,1051381777098473472,NCAA PAC 12,3,Oregon State,Dunebuggy619,75312,32022,
2024,2024-09-04,1051381777098473472,NCAA PAC 12,4,Washington State,chzhead412,81057,37954,
2024,2024-09-04,1051381777098473472,NCAA PAC 12,5,Stanford,laynemercer,57468,28413,
2024,2024-09-04,1051381777098473472,NCAA PAC 12,6,Washington,samggannon,55818,23691,
2024,2024-09-04,1051381777098473472,NCAA PAC 12,7,Arizona State,wrightc214,101297,62268,
2024,2024-09-04,1051381777098473472,NCAA PAC 12,8,Colorado,keppin,51185,24472,
2024,2024-09-04,1051381777098473472,NCAA PAC 12,9,Oregon,ScottyW13,51346,23205,
2024,2024-09-04,1051381777098473472,NCAA PAC 12,10,California,ImagineWiigons,49781,29660,
2024,2024-09-04,1051381777098473472,NCAA PAC 12,11,Utah,seniormeow,68931,33977,
2024,2024-09-04,1051381777098473472,NCAA PAC 12,12,UCLA,lmerkouSaints,68522,35666,
2024,2024-09-04,1051381539596021760,NCAA PIONEER,1,Wofford,MattJB87,73582,43065,
2024,2024-09-04,1051381539596021760,NCAA PIONEER,2,Holy Cross,DownLoMoJo,72686,27280,
2024,2024-09-04,1051381539596021760,NCAA PIONEER,3,Murray State,MyFingerPoints,61457,29712,
2024,2024-09-04,1051381539596021760,NCAA PIONEER,4,Butler,Daphud,76880,21781,
2024,2024-09-04,1051381539596021760,NCAA PIONEER,5,Tennessee State,EBurkhart,46338,18734,
2024,2024-09-04,1051381539596021760,NCAA PIONEER,6,SE Missouri State,BDAVIS309,50174,30634,
2024,2024-09-04,1051381539596021760,NCAA PIONEER,7,Dayton,Ortizz,62899,19627,
2024,2024-09-04,1051381539596021760,NCAA PIONEER,8,Campbell,CrownMeKing,68289,41025,
2024,2024-09-04,1051381539596021760,NCAA PIONEER,9,Austin Peay,DictatorBerry,65385,25390,
2024,2024-09-04,1051381539596021760,NCAA PIONEER,10,Furman,JMullen175,55511,26631,
2024,2024-09-04,1051381539596021760,NCAA PIONEER,11,UT Martin,TheDrapFather,68021,50050,
2024,2024-09-04,1051381539596021760,NCAA PIONEER,12,Davidson,UrMomsFavoriteCoach,66673,36168,
2024,2024-09-04,1051381651198078976,NCAA SEC,1,Florida,tedman546,53163,23743,
2024,2024-09-04,1051381651198078976,NCAA SEC,2,LSU,errand,78890,50156,
2024,2024-09-04,1051381651198078976,NCAA SEC,3,Tennessee,ChadLowe,59344,30122,
2024,2024-09-04,1051381651198078976,NCAA SEC,4,Auburn,ahhchainsaw,82453,47688,
2024,2024-09-04,1051381651198078976,NCAA SEC,5,Ole Miss,ryank45,51516,30490,
2024,2024-09-04,1051381651198078976,NCAA SEC,6,Mississippi State,thatmansanti,81212,48701,
2024,2024-09-04,1051381651198078976,NCAA SEC,7,Georgia,kodakjack,55766,27016,
2024,2024-09-04,1051381651198078976,NCAA SEC,8,Kentucky,MENDl,67007,42092,
2024,2024-09-04,1051381651198078976,NCAA SEC,9,Vanderbilt,booogzz,40117,3977,
2024,2024-09-04,1051381651198078976,NCAA SEC,10,South Carolina,Christian4,76171,27610,
2024,2024-09-04,1051381651198078976,NCAA SEC,11,Alabama,devbovino,58850,15505,
2024,2024-09-04,1051381651198078976,NCAA SEC,12,Arkansas,JosephMarin07,59519,13214,
2024,2024-09-04,1051381575037931520,NCAA SUN BELT,1,Temple,Piglet10,73290,48648,
2024,2024-09-04,1051381575037931520,NCAA SUN BELT,2,UTEP,Tommybuckets000,57006,42587,
2024,2024-09-04,1051381575037931520,NCAA SUN BELT,3,Tulane,Prestongee17,77718,21031,
2024,2024-09-04,1051381575037931520,NCAA SUN BELT,4,Rice,lucchityler,42191,21349,
2024,2024-09-04,1051381575037931520,NCAA SUN BELT,5,Marshall,PackMan1212,64488,13514,
2024,2024-09-04,1051381575037931520,NCAA SUN BELT,6,Tulsa,Raidersforte,79562,40626,
2024,2024-09-04,1051381575037931520,NCAA SUN BELT,7,Georgia Southern,alphabeasttt,62121,43103,
2024,2024-09-04,1051381575037931520,NCAA SUN BELT,8,Memphis,yoboihawks,79560,44014,
2024,2024-09-04,1051381575037931520,NCAA SUN BELT,9,Southern Miss,denvermanning,65014,21026,
2024,2024-09-04,1051381575037931520,NCAA SUN BELT,10,UAB,Fr3shBC11,55480,38238,
2024,2024-09-04,1051381575037931520,NCAA SUN BELT,11,Louisiana Tech,ryanfried2,56735,25772,
2024,2024-09-04,1051381575037931520,NCAA SUN BELT,12,UTSA,utsa,51663,16067,
2024,2024-09-04,1051381357190053888,NCAA USA,1,Troy,dh671,63360,29835,
2024,2024-09-04,1051381357190053888,NCAA USA,2,North Texas,brooksy33,60127,29831,
2024,2024-09-04,1051381357190053888,NCAA USA,3,Florida Atlantic,Botro,63099,41245,
2024,2024-09-04,1051381357190053888,NCAA USA,4,South Alabama,GRIDIRONGANG81,58643,24956,
2024,2024-09-04,1051381357190053888,NCAA USA,5,Georgia State,JustTouchdown1221,71346,26843,
2024,2024-09-04,1051381357190053888,NCAA USA,6,Western Kentucky,PatrickT21,82075,48069,
2024,2024-09-04,1051381357190053888,NCAA USA,7,Middle Tennessee State,ridinroundinarover,64360,40680,
2024,2024-09-04,1051381357190053888,NCAA USA,8,Arkansas State,krichknowsbest,57836,19121,
2024,2024-09-04,1051381357190053888,NCAA USA,9,Texas State,masshole4eva,49272,14776,
2024,2024-09-04,1051381357190053888,NCAA USA,10,Florida International,Woolley69,77158,41300,
2024,2024-09-04,1051381357190053888,NCAA USA,11,Louisiana,bshouseman,62306,16109,
2024,2024-09-04,1051381357190053888,NCAA USA,12,Louisiana Monroe,BroncoZzz,56274,38473,
2024,2024-09-04,1051381464723570688,NCAA WILD,1,Montana,LanceBoneau,109120,54469,
2024,2024-09-04,1051381464723570688,NCAA WILD,2,James Madison,Hart123,54133,13508,
2024,2024-09-04,1051381464723570688,NCAA WILD,3,North Dakota State,4thdownTD,69640,37610,
2024,2024-09-04,1051381464723570688,NCAA WILD,4,Central Michigan,matthewitz,44548,19516,
2024,2024-09-04,1051381464723570688,NCAA WILD,5,Wichita State,FareedB,42425,23242,
2024,2024-09-04,1051381464723570688,NCAA WILD,6,Eastern Michigan,ThomasHarris,52339,21179,
2024,2024-09-04,1051381464723570688,NCAA WILD,7,San Jose State,lumosityfan,32431,5856,
2024,2024-09-04,1051381464723570688,NCAA WILD,8,Citadel,mku1tra,71449,41702,
2024,2024-09-04,1051381464723570688,NCAA WILD,9,Central Arkansas,MrBarryMcCockiner,60524,28322,
2024,2024-09-04,1051381464723570688,NCAA WILD,10,Old Dominion,olddominion2020,103850,56664,
2024,2024-09-04,1051381464723570688,NCAA WILD,11,South Dakota,Squinto,76731,18581,
2024,2024-09-04,1051381464723570688,NCAA WILD,12,UNC Charlotte,DBGiants,48600,20481,
2025,2025-09-19,1192383069776863232,NCAA ACC,1,Virginia,ChrisW21,62526,37535,
2025,2025-09-19,1192383069776863232,NCAA ACC,2,North Carolina,MattyBent,64920,17716,
2025,2025-09-19,1192383069776863232,NCAA ACC,3,Georgia Tech,spendawg,68428,22977,
2025,2025-09-19,1192383069776863232,NCAA ACC,4,Virginia Tech,landonh12,90137,32239,
2025,2025-09-19,1192383069776863232,NCAA ACC,5,FSU,Yarby,59840,26978,
2025,2025-09-19,1192383069776863232,NCAA ACC,6,Wake Forest,WhiskyScientist,65954,25831,
2025,2025-09-19,1192383069776863232,NCAA ACC,7,Duke,fatalbeast,74242,36803,
2025,2025-09-19,1192383069776863232,NCAA ACC,8,Boston College,eperedetto,63123,19444,
2025,2025-09-19,1192383069776863232,NCAA ACC,9,Miami,markandrewsisthegoat,56517,20576,
2025,2025-09-19,1192383069776863232,NCAA ACC,10,NC State,LetsGooooo365,80440,34579,
2025,2025-09-19,1192383069776863232,NCAA ACC,11,Louisville,Campbell8,63136,26058,
2025,2025-09-19,1192383069776863232,NCAA ACC,12,Clemson,dilbennett,85482,52297,
2025,2025-09-19,1187162832969211904,NCAA BIG 10,1,Purdue,Mo00,61909,39474,
2025,2025-09-19,1187162832969211904,NCAA BIG 10,2,Nebraska,EthanH,86507,41360,
2025,2025-09-19,1187162832969211904,NCAA BIG 10,3,Northwestern,kfitch3p,58069,14277,
2025,2025-09-19,1187162832969211904,NCAA BIG 10,4,Michigan State,BigTexas8,51798,18931,
2025,2025-09-19,1187162832969211904,NCAA BIG 10,5,Penn State,AngeloCer,73203,21015,
2025,2025-09-19,1187162832969211904,NCAA BIG 10,6,Wisconsin,laxbro000,71949,19271,
2025,2025-09-19,1187162832969211904,NCAA BIG 10,7,Minnesota,linkoftime1,84078,54478,
2025,2025-09-19,1187162832969211904,NCAA BIG 10,8,Indiana,sirlukedude,48282,18171,
2025,2025-09-19,1187162832969211904,NCAA BIG 10,9,Ohio State,Klashified,56193,28972,
2025,2025-09-19,1187162832969211904,NCAA BIG 10,10,Illinois,richardson98,76715,29348,
2025,2025-09-19,1187162832969211904,NCAA BIG 10,11,Iowa,Schuflakka,96107,40864,
2025,2025-09-19,1187162832969211904,NCAA BIG 10,12,Michigan,chrispychicken,71163,30309,
2025,2025-09-19,1192383107391332352,NCAA BIG 12,1,Texas Tech,BigSexy3422,61533,25932,
2025,2025-09-19,1192383107391332352,NCAA BIG 12,2,Iowa State,trev7293,60401,23823,
2025,2025-09-19,1192383107391332352,NCAA BIG 12,3,Missouri,DavidJimm,77482,33558,
2025,2025-09-19,1192383107391332352,NCAA BIG 12,4,Texas A&M,deadheadshane,85956,33443,
2025,2025-09-19,1192383107391332352,NCAA BIG 12,5,Baylor,robertlouis7,97352,59345,
2025,2025-09-19,1192383107391332352,NCAA BIG 12,6,Texas,elianbruger,62887,23564,
2025,2025-09-19,1192383107391332352,NCAA BIG 12,7,Kansas State,Frankeen,77812,28275,
2025,2025-09-19,1192383107391332352,NCAA BIG 12,8,West Virginia,alicho,64898,32198,
2025,2025-09-19,1192383107391332352,NCAA BIG 12,9,Oklahoma,rchau56,72614,27201,
2025,2025-09-19,1192383107391332352,NCAA BIG 12,10,Kansas,FalconsRULE7,47639,20091,
2025,2025-09-19,1192383107391332352,NCAA BIG 12,11,TCU,CousinMose15,69414,24645,
2025,2025-09-19,1192383107391332352,NCAA BIG 12,12,Oklahoma State,Gangly22,59562,28131,
2025,2025-09-19,1183984327853932544,NCAA BIG EAST & CO.,1,Rutgers,sblau24,59304,23769,
2025,2025-09-19,1183984327853932544,NCAA BIG EAST & CO.,2,Maryland,hurlken,58072,24173,
2025,2025-09-19,1183984327853932544,NCAA BIG EAST & CO.,3,South Dakota State,averagedude23,69060,23946,
2025,2025-09-19,1183984327853932544,NCAA BIG EAST & CO.,4,Pittsburgh,vinceA762,78308,34889,
2025,2025-09-19,1183984327853932544,NCAA BIG EAST & CO.,5,UCONN,GuhhhhReggggg38,69621,30790,
2025,2025-09-19,1183984327853932544,NCAA BIG EAST & CO.,6,Coastal Carolina,joonbug,69988,32889,
2025,2025-09-19,1183984327853932544,NCAA BIG EAST & CO.,7,Syracuse,CodeKhaos,101508,53894,
2025,2025-09-19,1183984327853932544,NCAA BIG EAST & CO.,8,Army,Claser,54811,22205,
2025,2025-09-19,1183984327853932544,NCAA BIG EAST & CO.,9,UCF,JEANTY,66921,20873,
2025,2025-09-19,1183984327853932544,NCAA BIG EAST & CO.,10,USF,ThadCastleGOATS,58473,21124,
2025,2025-09-19,1183984327853932544,NCAA BIG EAST & CO.,11,Navy,Ianiners,62477,20902,
2025,2025-09-19,1183984327853932544,NCAA BIG EAST & CO.,12,Notre Dame,ryno,88044,36239,
2025,2025-09-19,1197683509209083904,NCAA BIG SKY,1,Rhode Island,WillyP15,86532,32519,
2025,2025-09-19,1197683509209083904,NCAA BIG SKY,2,Villanova,PapaCrowther,62126,17548,
2025,2025-09-19,1197683509209083904,NCAA BIG SKY,3,William & Mary,Beastchewy15,86116,36535,
2025,2025-09-19,1197683509209083904,NCAA BIG SKY,4,Eastern Washington,Elestial,46559,17202,
2025,2025-09-19,1197683509209083904,NCAA BIG SKY,5,Stony Brook,agrakush,70849,19886,
2025,2025-09-19,1197683509209083904,NCAA BIG SKY,6,Montana State,Elwayluva7,97165,49491,
2025,2025-09-19,1197683509209083904,NCAA BIG SKY,7,Richmond,fballfreek80,73614,34931,
2025,2025-09-19,1197683509209083904,NCAA BIG SKY,8,Portland State,Vitus,90964,44467,
2025,2025-09-19,1197683509209083904,NCAA BIG SKY,9,Weber State,Pinky7373,50081,14514,
2025,2025-09-19,1197683509209083904,NCAA BIG SKY,10,Northern Iowa,thejockytype,53922,13876,
2025,2025-09-19,1197683509209083904,NCAA BIG SKY,11,Maine,mgrant55,43827,4945,
2025,2025-09-19,1197683509209083904,NCAA BIG SKY,12,Youngstown State,mssullivan2022,73289,42147,
2025,2025-09-19,1197683812742483968,NCAA HISTORICALLY BLACK,1,North Carolina A&T,PhantomXX,91298,37093,
2025,2025-09-19,1197683812742483968,NCAA HISTORICALLY BLACK,2,Alabama A&M,IndyFantasyGod,48977,13151,
2025,2025-09-19,1197683812742483968,NCAA HISTORICALLY BLACK,3,Delaware State,lcummings,65129,28322,
2025,2025-09-19,1197683812742483968,NCAA HISTORICALLY BLACK,4,Southern,memphismaniac,79405,41765,
2025,2025-09-19,1197683812742483968,NCAA HISTORICALLY BLACK,5,Florida A&M,DaMagic436,71528,29843,
2025,2025-09-19,1197683812742483968,NCAA HISTORICALLY BLACK,6,Howard,DeanFalcon,58584,24038,
2025,2025-09-19,1197683812742483968,NCAA HISTORICALLY BLACK,7,Mississippi Valley State,StrikerS091,65295,30648,
2025,2025-09-19,1197683812742483968,NCAA HISTORICALLY BLACK,8,Alcorn State,wblack2012,84690,46094,
2025,2025-09-19,1197683812742483968,NCAA HISTORICALLY BLACK,9,Bethune - Cookman,Pookieboom,68397,21281,
2025,2025-09-19,1197683812742483968,NCAA HISTORICALLY BLACK,10,Jackson State,bb7661KING,58560,22802,
2025,2025-09-19,1197683812742483968,NCAA HISTORICALLY BLACK,11,Tuskegee,Jerryb83,71954,21686,
2025,2025-09-19,1197683812742483968,NCAA HISTORICALLY BLACK,12,Grambling State,scoobydaeaglemahomes,65809,30965,
2025,2025-09-19,1197683676763148288,NCAA IVY,1,Brown,FlynnD,86293,23487,
2025,2025-09-19,1197683676763148288,NCAA IVY,2,Harvard,Matthew12,51934,19997,
2025,2025-09-19,1197683676763148288,NCAA IVY,3,Bucknell,Jrodr71,55852,22493,
2025,2025-09-19,1197683676763148288,NCAA IVY,4,Columbia,alecgagnon2001,72567,27619,
2025,2025-09-19,1197683676763148288,NCAA IVY,5,Georgetown,ccassidy,84008,44337,
2025,2025-09-19,1197683676763148288,NCAA IVY,6,Lehigh,TJWATTDPOY25,66716,36562,
2025,2025-09-19,1197683676763148288,NCAA IVY,7,Penn,Hambnr,51540,19943,
2025,2025-09-19,1197683676763148288,NCAA IVY,8,Colgate,PhilupMynuts,80721,32945,
2025,2025-09-19,1197683676763148288,NCAA IVY,9,Yale,TheBear1973,82104,35530,
2025,2025-09-19,1197683676763148288,NCAA IVY,10,Princeton,BLACK93BOIZS,39106,8062,
2025,2025-09-19,1197683676763148288,NCAA IVY,11,Dartmouth,jtheadrick98,84880,39274,
2025,2025-09-19,1197683676763148288,NCAA IVY,12,Cornell,cobrapanther99,80361,37496,
2025,2025-09-19,1197683891784134656,NCAA MOUNTAIN WEST,1,Hawaii,RicochetRay,92382,58188,
2025,2025-09-19,1197683891784134656,NCAA MOUNTAIN WEST,2,Boise State,jmdorsey00,81909,37729,
2025,2025-09-19,1197683891784134656,NCAA MOUNTAIN WEST,3,Wyoming,HonoredMexican,70492,29712,
2025,2025-09-19,1197683891784134656,NCAA MOUNTAIN WEST,4,Air Force,Kyvend01,32226,15687,
2025,2025-09-19,1197683891784134656,NCAA MOUNTAIN WEST,5,Utah State,RyGuy95,65610,27331,
2025,2025-09-19,1197683891784134656,NCAA MOUNTAIN WEST,6,BYU,KlondikeBar,71614,29229,
2025,2025-09-19,1197683891784134656,NCAA MOUNTAIN WEST,7,Idaho,Vikes18319,64975,19613,
2025,2025-09-19,1197683891784134656,NCAA MOUNTAIN WEST,8,Colorado State,bkoldham,73154,22969,
2025,2025-09-19,1197683891784134656,NCAA MOUNTAIN WEST,9,New Mexico,Mrhawke19,83694,30677,
2025,2025-09-19,1197683891784134656,NCAA MOUNTAIN WEST,10,Nevada,Twistedmentat,60285,25732,
2025,2025-09-19,1197683891784134656,NCAA MOUNTAIN WEST,11,UNLV,bdub3,83987,29495,
2025,2025-09-19,1197683891784134656,NCAA MOUNTAIN WEST,12,San Diego State,noahdaboa,55082,26029,
2025,2025-09-19,1197684159036805120,NCAA OHIO VALLEY,1,Belmont,Mistafyer,72445,30321,
2025,2025-09-19,1197684159036805120,NCAA OHIO VALLEY,2,ETSU,LMarkiewicz04,68833,39069,
2025,2025-09-19,1197684159036805120,NCAA OHIO VALLEY,3,Kennesaw State,srcav,63539,29160,
2025,2025-09-19,1197684159036805120,NCAA OHIO VALLEY,4,Chattanooga,ethansherwood22,82487,42945,
2025,2025-09-19,1197684159036805120,NCAA OHIO VALLEY,5,Eastern Kentucky,Dreev,74969,30048,
2025,2025-09-19,1197684159036805120,NCAA OHIO VALLEY,6,Charleston Southern,leathershoe4,60325,30827,
2025,2025-09-19,1197684159036805120,NCAA OHIO VALLEY,7,Delaware,charlielol,66089,31231,
2025,2025-09-19,1197684159036805120,NCAA OHIO VALLEY,8,Morehead State,mooremc,64846,14556,
2025,2025-09-19,1197684159036805120,NCAA OHIO VALLEY,9,Jacksonville State,BobbyH95,68042,17821,
2025,2025-09-19,1197684159036805120,NCAA OHIO VALLEY,10,Monmouth,edgeofdefeat,74406,25833,
2025,2025-09-19,1197684159036805120,NCAA OHIO VALLEY,11,North Alabama,Romantryert,66673,33736,
2025,2025-09-19,1197684159036805120,NCAA OHIO VALLEY,12,North Carolina Central,Firephool,74239,35975,
2025,2025-09-19,1192383038721757184,NCAA PAC 12,1,Arizona,nshox2,54238,9544,
2025,2025-09-19,1192383038721757184,NCAA PAC 12,2,USC,KamaraGOAT41,75731,31197,
2025,2025-09-19,1192383038721757184,NCAA PAC 12,3,Oregon State,Dunebuggy619,76435,27977,
2025,2025-09-19,1192383038721757184,NCAA PAC 12,4,Washington State,chzhead412,95162,46168,
2025,2025-09-19,1192383038721757184,NCAA PAC 12,5,Stanford,laynemercer,61348,27175,
2025,2025-09-19,1192383038721757184,NCAA PAC 12,6,Washington,samggannon,60302,26090,
2025,2025-09-19,1192383038721757184,NCAA PAC 12,7,Arizona State,wrightc214,95015,49135,
2025,2025-09-19,1192383038721757184,NCAA PAC 12,8,Colorado,keppin,61142,19288,
2025,2025-09-19,1192383038721757184,NCAA PAC 12,9,Oregon,ScottyW13,57585,12901,
2025,2025-09-19,1192383038721757184,NCAA PAC 12,10,California,ImagineWiigons,53125,32702,
2025,2025-09-19,1192383038721757184,NCAA PAC 12,11,Utah,seniormeow,71633,27537,
2025,2025-09-19,1192383038721757184,NCAA PAC 12,12,UCLA,lmerkouSaints,75058,40958,
2025,2025-09-19,1192383184619986944,NCAA PIONEER,1,Wofford,MattJB87,72970,34546,
2025,2025-09-19,1192383184619986944,NCAA PIONEER,2,Holy Cross,DownLoMoJo,71800,26627,
2025,2025-09-19,1192383184619986944,NCAA PIONEER,3,Murray State,MyFingerPoints,76994,35162,
2025,2025-09-19,1192383184619986944,NCAA PIONEER,4,Butler,Daphud,82351,27971,
2025,2025-09-19,1192383184619986944,NCAA PIONEER,5,Tennessee State,EBurkhart,49311,14368,
2025,2025-09-19,1192383184619986944,NCAA PIONEER,6,SE Missouri State,BDAVIS309,66734,36707,
2025,2025-09-19,1192383184619986944,NCAA PIONEER,7,Dayton,Ortizz,72063,22615,
2025,2025-09-19,1192383184619986944,NCAA PIONEER,8,Campbell,CrownMeKing,81483,42615,
2025,2025-09-19,1192383184619986944,NCAA PIONEER,9,Austin Peay,DictatorBerry,69483,21492,
2025,2025-09-19,1192383184619986944,NCAA PIONEER,10,Furman,JMullen175,64956,30227,
2025,2025-09-19,1192383184619986944,NCAA PIONEER,11,UT Martin,FatPat1251,69049,40713,
2025,2025-09-19,1192383184619986944,NCAA PIONEER,12,Davidson,UrMomsFavoriteCoach,60529,26405,
2025,2025-09-19,1188461140190814208,NCAA SEC,1,Florida,tedman546,55995,22760,
2025,2025-09-19,1188461140190814208,NCAA SEC,2,LSU,errand,75212,38947,
2025,2025-09-19,1188461140190814208,NCAA SEC,3,Tennessee,ChadLowe,65647,28836,
2025,2025-09-19,1188461140190814208,NCAA SEC,4,Auburn,ahhchainsaw,78105,39972,
2025,2025-09-19,1188461140190814208,NCAA SEC,5,Ole Miss,ryank45,56050,24411,
2025,2025-09-19,1188461140190814208,NCAA SEC,6,Mississippi State,thatmansanti,86908,46306,
2025,2025-09-19,1188461140190814208,NCAA SEC,7,Georgia,kodakjack,50066,11985,
2025,2025-09-19,1188461140190814208,NCAA SEC,8,Kentucky,MENDl,74149,30775,
2025,2025-09-19,1188461140190814208,NCAA SEC,9,Vanderbilt,booogzz,52069,14945,
2025,2025-09-19,1188461140190814208,NCAA SEC,10,South Carolina,PigMinnow,88144,36560,
2025,2025-09-19,1188461140190814208,NCAA SEC,11,Alabama,devbovino,77150,28237,
2025,2025-09-19,1188461140190814208,NCAA SEC,12,Arkansas,JosephMarin07,75360,28539,
2025,2025-09-19,1192383143762542592,NCAA SUN BELT,1,Temple,Empty - 1,77777,38903,
2025,2025-09-19,1192383143762542592,NCAA SUN BELT,2,UTEP,Tommybuckets000,68186,38975,
2025,2025-09-19,1192383143762542592,NCAA SUN BELT,3,Tulane,Prestongee17,76858,22312,
2025,2025-09-19,1192383143762542592,NCAA SUN BELT,4,Rice,lucchityler,52697,23955,
2025,2025-09-19,1192383143762542592,NCAA SUN BELT,5,Marshall,PackMan1212,81772,27949,
2025,2025-09-19,1192383143762542592,NCAA SUN BELT,6,Tulsa,Raidersforte,80984,29995,
2025,2025-09-19,1192383143762542592,NCAA SUN BELT,7,Georgia Southern,alphabeasttt,69883,36652,
2025,2025-09-19,1192383143762542592,NCAA SUN BELT,8,Memphis,yoboihawks,80874,35649,
2025,2025-09-19,1192383143762542592,NCAA SUN BELT,9,Southern Miss,denvermanning,77392,36859,
2025,2025-09-19,1192383143762542592,NCAA SUN BELT,10,UAB,Fr3shBC11,49580,23015,
2025,2025-09-19,1192383143762542592,NCAA SUN BELT,11,Louisiana Tech,Resolhjk,58511,19771,
2025,2025-09-19,1192383143762542592,NCAA SUN BELT,12,UTSA,utsa,59811,19271,
2025,2025-09-19,1197683737584746496,NCAA USA,1,Troy,dh671,78456,40223,
2025,2025-09-19,1197683737584746496,NCAA USA,2,North Texas,brooksy33,62880,21671,
2025,2025-09-19,1197683737584746496,NCAA USA,3,Florida Atlantic,Botro,66348,35063,
2025,2025-09-19,1197683737584746496,NCAA USA,4,South Alabama,GRIDIRONGANG81,70111,27291,
2025,2025-09-19,1197683737584746496,NCAA USA,5,Georgia State,JustTouchdown1221,77450,25507,
2025,2025-09-19,1197683737584746496,NCAA USA,6,Western Kentucky,PatrickT21,77993,39041,
2025,2025-09-19,1197683737584746496,NCAA USA,7,Middle Tennessee State,arandrea,71148,32458,
2025,2025-09-19,1197683737584746496,NCAA USA,8,Arkansas State,krichknowsbest,65180,26984,
2025,2025-09-19,1197683737584746496,NCAA USA,9,Texas State,masshole4eva,65129,26828,
2025,2025-09-19,1197683737584746496,NCAA USA,10,Florida International,Woolley69,75493,35985,
2025,2025-09-19,1197683737584746496,NCAA USA,11,Louisiana,bshouseman,76555,23925,
2025,2025-09-19,1197683737584746496,NCAA USA,12,Louisiana Monroe,BroncoZzz,49045,28629,
2025,2025-09-19,1197683625282244608,NCAA WILD,1,Montana,LanceBoneau,99896,45151,
2025,2025-09-19,1197683625282244608,NCAA WILD,2,James Madison,Hart123,72528,29052,
2025,2025-09-19,1197683625282244608,NCAA WILD,3,North Dakota State,4thdownTD,69523,27574,
2025,2025-09-19,1197683625282244608,NCAA WILD,4,Central Michigan,matthewitz,56447,19601,
2025,2025-09-19,1197683625282244608,NCAA WILD,5,Wichita State,FareedB,52442,19480,
2025,2025-09-19,1197683625282244608,NCAA WILD,6,Eastern Michigan,ThomasHarris,59930,25397,
2025,2025-09-19,1197683625282244608,NCAA WILD,7,San Jose State,mrflack,44755,7386,
2025,2025-09-19,1197683625282244608,NCAA WILD,8,Citadel,mku1tra,76000,40781,
2025,2025-09-19,1197683625282244608,NCAA WILD,9,Central Arkansas,MrBarryMcCockiner,63228,24179,
2025,2025-09-19,1197683625282244608,NCAA WILD,10,Old Dominion,olddominion2020,100584,45321,
2025,2025-09-19,1197683625282244608,NCAA WILD,11,South Dakota,Squinto,81926,25670,
2025,2025-09-19,1197683625282244608,NCAA WILD,12,UNC Charlotte,DBGiants,58811,20102,
