Year,LeagueName,RosterID,Team,Basis
2019,NCAA PAC 12,7,Arizona State,Chris's 2020 draft-order list (2019 finish) + Sleeper
2019,NCAA PAC 12,8,Colorado,Chris's 2020 draft-order list (2019 finish) + Sleeper
2019,NCAA PAC 12,9,Oregon,Chris's 2020 draft-order list (2019 finish) + Sleeper
2019,NCAA PAC 12,1,Arizona,Chris's 2020 draft-order list (2019 finish) + Sleeper
2019,NCAA PAC 12,12,UCLA,Chris's 2020 draft-order list (2019 finish) + Sleeper
2019,NCAA PAC 12,5,Stanford,Chris's 2020 draft-order list (2019 finish) + Sleeper
2019,NCAA PAC 12,3,Oregon State,Chris's 2020 draft-order list (2019 finish) + Sleeper
2019,NCAA PAC 12,2,USC,Chris's 2020 draft-order list (2019 finish) + Sleeper
2019,NCAA PAC 12,10,California,Chris's 2020 draft-order list (2019 finish) + Sleeper
2019,NCAA PAC 12,4,Washington State,Chris's 2020 draft-order list (2019 finish) + Sleeper
2019,NCAA PAC 12,11,Utah,Chris's 2020 draft-order list (2019 finish) + Sleeper
2019,NCAA PAC 12,6,Washington,Chris's 2020 draft-order list (2019 finish) + Sleeper
2019,NCAA BIG EAST & CO.,10,USF,Chris's 2020 draft-order list (2019 finish) + Sleeper
2019,NCAA BIG EAST & CO.,9,UCF,Chris's 2020 draft-order list (2019 finish) + Sleeper
2019,NCAA BIG EAST & CO.,6,Coastal Carolina,Chris's 2020 draft-order list (2019 finish) + Sleeper
2019,NCAA BIG EAST & CO.,4,Pittsburgh,Chris's 2020 draft-order list (2019 finish) + Sleeper
2019,NCAA BIG EAST & CO.,5,UCONN,Chris's 2020 draft-order list (2019 finish) + Sleeper
2019,NCAA BIG EAST & CO.,11,Navy,Chris's 2020 draft-order list (2019 finish) + Sleeper
2019,NCAA BIG EAST & CO.,1,Rutgers,Chris's 2020 draft-order list (2019 finish) + Sleeper
2019,NCAA BIG EAST & CO.,3,South Dakota State,Chris's 2020 draft-order list (2019 finish) + Sleeper
2019,NCAA BIG EAST & CO.,7,Syracuse,Chris's 2020 draft-order list (2019 finish) + Sleeper
2019,NCAA BIG EAST & CO.,2,Maryland,Chris's 2020 draft-order list (2019 finish) + Sleeper
2019,NCAA BIG EAST & CO.,12,Notre Dame,Chris's 2020 draft-order list (2019 finish) + Sleeper
2019,NCAA BIG EAST & CO.,8,Army,Chris's 2020 draft-order list (2019 finish) + Sleeper
2019,NCAA ACC,5,FSU,Chris's 2020 draft-order list (2019 finish) + Sleeper
2019,NCAA ACC,11,Louisville,Chris's 2020 draft-order list (2019 finish) + Sleeper
2019,NCAA ACC,8,Boston College,Chris's 2020 draft-order list (2019 finish) + Sleeper
2019,NCAA ACC,6,Wake Forest,Chris's 2020 draft-order list (2019 finish) + Sleeper
2019,NCAA ACC,1,Virginia,Chris's 2020 draft-order list (2019 finish) + Sleeper
2019,NCAA ACC,10,NC State,Chris's 2020 draft-order list (2019 finish) + Sleeper
2019,NCAA ACC,2,North Carolina,Chris's 2020 draft-order list (2019 finish) + Sleeper
2019,NCAA ACC,9,Miami,Chris's 2020 draft-order list (2019 finish) + Sleeper
2019,NCAA ACC,7,Duke,Chris's 2020 draft-order list (2019 finish) + Sleeper
2019,NCAA ACC,4,Virginia Tech,Chris's 2020 draft-order list (2019 finish) + Sleeper
2019,NCAA ACC,3,Georgia Tech,Chris's 2020 draft-order list (2019 finish) + Sleeper
2019,NCAA ACC,12,Clemson,Chris's 2020 draft-order list (2019 finish) + Sleeper
2019,NCAA SEC,8,South Carolina,Chris's 2020 draft-order list (2019 finish) + Sleeper
2019,NCAA SEC,1,Florida,Chris's 2020 draft-order list (2019 finish) + Sleeper
2019,NCAA SEC,6,Mississippi State,Chris's 2020 draft-order list (2019 finish) + Sleeper
2019,NCAA SEC,12,Arkansas,Chris's 2020 draft-order list (2019 finish) + Sleeper
2019,NCAA SEC,9,Vanderbilt,Chris's 2020 draft-order list (2019 finish) + Sleeper
2019,NCAA SEC,7,Georgia,Chris's 2020 draft-order list (2019 finish) + Sleeper
2019,NCAA SEC,3,Tennessee,Chris's 2020 draft-order list (2019 finish) + Sleeper
2019,NCAA SEC,2,LSU,Chris's 2020 draft-order list (2019 finish) + Sleeper
2019,NCAA SEC,5,Ole Miss,Chris's 2020 draft-order list (2019 finish) + Sleeper
2019,NCAA SEC,11,Alabama,Chris's 2020 draft-order list (2019 finish) + Sleeper
2019,NCAA SEC,4,Auburn,Chris's 2020 draft-order list (2019 finish) + Sleeper
2019,NCAA SEC,10,Kentucky,Chris's 2020 draft-order list (2019 finish) + Sleeper
2019,NCAA BIG 10,7,Minnesota,Chris's 2020 draft-order list (2019 finish) + Sleeper
2019,NCAA BIG 10,8,Indiana,Chris's 2020 draft-order list (2019 finish) + Sleeper
2019,NCAA BIG 10,11,Iowa,Chris's 2020 draft-order list (2019 finish) + Sleeper
2019,NCAA BIG 10,9,Ohio State,Chris's 2020 draft-order list (2019 finish) + Sleeper
2019,NCAA BIG 10,5,Penn State,Chris's 2020 draft-order list (2019 finish) + Sleeper
2019,NCAA BIG 10,12,Michigan,Chris's 2020 draft-order list (2019 finish) + Sleeper
2019,NCAA BIG 10,2,Nebraska,Chris's 2020 draft-order list (2019 finish) + Sleeper
2019,NCAA BIG 10,6,Wisconsin,Chris's 2020 draft-order list (2019 finish) + Sleeper
2019,NCAA BIG 10,1,Purdue,Chris's 2020 draft-order list (2019 finish) + Sleeper
2019,NCAA BIG 10,10,Illinois,Chris's 2020 draft-order list (2019 finish) + Sleeper
2019,NCAA BIG 10,4,Michigan State,Chris's 2020 draft-order list (2019 finish) + Sleeper
2019,NCAA BIG 10,3,Northwestern,Chris's 2020 draft-order list (2019 finish) + Sleeper
2019,NCAA BIG 12,12,Oklahoma State,Chris's 2020 draft-order list (2019 finish) + Sleeper
2019,NCAA BIG 12,6,Texas,Chris's 2020 draft-order list (2019 finish) + Sleeper
2019,NCAA BIG 12,11,TCU,Chris's 2020 draft-order list (2019 finish) + Sleeper
2019,NCAA BIG 12,3,Missouri,Chris's 2020 draft-order list (2019 finish) + Sleeper
2019,NCAA BIG 12,2,Iowa State,Chris's 2020 draft-order list (2019 finish) + Sleeper
2019,NCAA BIG 12,8,West Virginia,Chris's 2020 draft-order list (2019 finish) + Sleeper
2019,NCAA BIG 12,9,Oklahoma,Chris's 2020 draft-order list (2019 finish) + Sleeper
2019,NCAA BIG 12,10,Kansas,Chris's 2020 draft-order list (2019 finish) + Sleeper
2019,NCAA BIG 12,4,Texas A&M,Chris's 2020 draft-order list (2019 finish) + Sleeper
2019,NCAA BIG 12,5,Baylor,Chris's 2020 draft-order list (2019 finish) + Sleeper
2019,NCAA BIG 12,7,Kansas State,Chris's 2020 draft-order list (2019 finish) + Sleeper
2019,NCAA BIG 12,1,Texas Tech,Chris's 2020 draft-order list (2019 finish) + Sleeper
2019,NCAA MOUNTAIN WEST,6,BYU,Chris's 2020 draft-order list (2019 finish) + Sleeper
2019,NCAA MOUNTAIN WEST,1,Hawaii,Chris's 2020 draft-order list (2019 finish) + Sleeper
2019,NCAA MOUNTAIN WEST,3,Wyoming,Chris's 2020 draft-order list (2019 finish) + Sleeper
2019,NCAA MOUNTAIN WEST,5,Utah State,Chris's 2020 draft-order list (2019 finish) + Sleeper
2019,NCAA MOUNTAIN WEST,4,Fresno State,Chris's 2020 draft-order list (2019 finish) + Sleeper
2019,NCAA MOUNTAIN WEST,7,Idaho,Chris's 2020 draft-order list (2019 finish) + Sleeper
2019,NCAA MOUNTAIN WEST,2,Boise State,Chris's 2020 draft-order list (2019 finish) + Sleeper
2019,NCAA MOUNTAIN WEST,8,Colorado State,Chris's 2020 draft-order list (2019 finish) + Sleeper
2019,NCAA MOUNTAIN WEST,11,UNLV,Chris's 2020 draft-order list (2019 finish) + Sleeper
2019,NCAA MOUNTAIN WEST,12,San Diego State,Chris's 2020 draft-order list (2019 finish) + Sleeper
2019,NCAA MOUNTAIN WEST,10,Nevada,Chris's 2020 draft-order list (2019 finish) + Sleeper
2019,NCAA MOUNTAIN WEST,9,New Mexico,Chris's 2020 draft-order list (2019 finish) + Sleeper
2019,NCAA AMERICAN,1,Bowling Green,Chris's 2020 draft-order list (2019 finish) + Sleeper
2019,NCAA AMERICAN,11,Appalachian State,Chris's 2020 draft-order list (2019 finish) + Sleeper
2019,NCAA AMERICAN,12,NIU,Chris's 2020 draft-order list (2019 finish) + Sleeper
2019,NCAA AMERICAN,9,ECU,Chris's 2020 draft-order list (2019 finish) + Sleeper
2019,NCAA AMERICAN,3,Toledo,Chris's 2020 draft-order list (2019 finish) + Sleeper
2019,NCAA AMERICAN,2,Air Force,Chris's 2020 draft-order list (2019 finish) + Sleeper
2019,NCAA AMERICAN,8,Cincinnati,Chris's 2020 draft-order list (2019 finish) + Sleeper
2019,NCAA AMERICAN,7,Buffalo,Chris's 2020 draft-order list (2019 finish) + Sleeper
2019,NCAA AMERICAN,10,Ball State,Chris's 2020 draft-order list (2019 finish) + Sleeper
2019,NCAA AMERICAN,6,Western Michigan,Chris's 2020 draft-order list (2019 finish) + Sleeper
2019,NCAA AMERICAN,4,Miami (OH),Chris's 2020 draft-order list (2019 finish) + Sleeper
2019,NCAA AMERICAN,5,Ohio,Chris's 2020 draft-order list (2019 finish) + Sleeper
2019,NCAA SUN BELT,12,UTSA,Chris's 2020 draft-order list (2019 finish) + Sleeper
2019,NCAA SUN BELT,3,Tulane,Chris's 2020 draft-order list (2019 finish) + Sleeper
2019,NCAA SUN BELT,7,Georgia Southern,Chris's 2020 draft-order list (2019 finish) + Sleeper
2019,NCAA SUN BELT,5,Marshall,Chris's 2020 draft-order list (2019 finish) + Sleeper
2019,NCAA SUN BELT,6,Tulsa,Chris's 2020 draft-order list (2019 finish) + Sleeper
2019,NCAA SUN BELT,9,Southern Miss,Chris's 2020 draft-order list (2019 finish) + Sleeper
2019,NCAA SUN BELT,10,UAB,Chris's 2020 draft-order list (2019 finish) + Sleeper
2019,NCAA SUN BELT,1,Temple,Chris's 2020 draft-order list (2019 finish) + Sleeper
2019,NCAA SUN BELT,2,UTEP,Chris's 2020 draft-order list (2019 finish) + Sleeper
2019,NCAA SUN BELT,4,Rice,Chris's 2020 draft-order list (2019 finish) + Sleeper
2019,NCAA SUN BELT,11,Louisiana Tech,Chris's 2020 draft-order list (2019 finish) + Sleeper
2019,NCAA SUN BELT,8,Memphis,Chris's 2020 draft-order list (2019 finish) + Sleeper
2019,NCAA WILD,9,Central Arkansas,Chris's 2020 draft-order list (2019 finish) + Sleeper
2019,NCAA WILD,4,Central Michigan,Chris's 2020 draft-order list (2019 finish) + Sleeper
2019,NCAA WILD,3,North Dakota State,Chris's 2020 draft-order list (2019 finish) + Sleeper
2019,NCAA WILD,11,South Dakota,Chris's 2020 draft-order list (2019 finish) + Sleeper
2019,NCAA WILD,2,James Madison,Chris's 2020 draft-order list (2019 finish) + Sleeper
2019,NCAA WILD,10,Old Dominion,Chris's 2020 draft-order list (2019 finish) + Sleeper
2019,NCAA WILD,1,Montana,Chris's 2020 draft-order list (2019 finish) + Sleeper
2019,NCAA WILD,12,UNC Charlotte,Chris's 2020 draft-order list (2019 finish) + Sleeper
2019,NCAA WILD,6,Eastern Michigan,Chris's 2020 draft-order list (2019 finish) + Sleeper
2019,NCAA WILD,7,San Jose State,Chris's 2020 draft-order list (2019 finish) + Sleeper
2019,NCAA WILD,5,Wichita State,Chris's 2020 draft-order list (2019 finish) + Sleeper
2019,NCAA WILD,8,Citadel,Chris's 2020 draft-order list (2019 finish) + Sleeper
2019,NCAA IVY,6,Lehigh,Chris's 2020 draft-order list (2019 finish) + Sleeper
2019,NCAA IVY,4,Columbia,Chris's 2020 draft-order list (2019 finish) + Sleeper
2019,NCAA IVY,9,Yale,Chris's 2020 draft-order list (2019 finish) + Sleeper
2019,NCAA IVY,11,Dartmouth,Chris's 2020 draft-order list (2019 finish) + Sleeper
2019,NCAA IVY,12,Cornell,Chris's 2020 draft-order list (2019 finish) + Sleeper
2019,NCAA IVY,1,Brown,Chris's 2020 draft-order list (2019 finish) + Sleeper
2019,NCAA IVY,5,Georgetown,Chris's 2020 draft-order list (2019 finish) + Sleeper
2019,NCAA IVY,10,Princeton,Chris's 2020 draft-order list (2019 finish) + Sleeper
2019,NCAA IVY,8,Colgate,Chris's 2020 draft-order list (2019 finish) + Sleeper
2019,NCAA IVY,7,Penn,Chris's 2020 draft-order list (2019 finish) + Sleeper
2019,NCAA IVY,2,Harvard,Chris's 2020 draft-order list (2019 finish) + Sleeper
2019,NCAA IVY,3,Bucknell,Chris's 2020 draft-order list (2019 finish) + Sleeper
2020,NCAA ACC,1,Virginia,verified: Chris's 2020 sheets matched to Sleeper points
2020,NCAA ACC,2,North Carolina,verified: Chris's 2020 sheets matched to Sleeper points
2020,NCAA ACC,3,Georgia Tech,verified: Chris's 2020 sheets matched to Sleeper points
2020,NCAA ACC,4,Virginia Tech,verified: Chris's 2020 sheets matched to Sleeper points
2020,NCAA ACC,5,FSU,verified: Chris's 2020 sheets matched to Sleeper points
2020,NCAA ACC,6,Wake Forest,verified: Chris's 2020 sheets matched to Sleeper points
2020,NCAA ACC,7,Duke,verified: Chris's 2020 sheets matched to Sleeper points
2020,NCAA ACC,8,Boston College,verified: Chris's 2020 sheets matched to Sleeper points
2020,NCAA ACC,9,Miami,verified: Chris's 2020 sheets matched to Sleeper points
2020,NCAA ACC,10,NC State,verified: Chris's 2020 sheets matched to Sleeper points
2020,NCAA ACC,11,Louisville,verified: Chris's 2020 sheets matched to Sleeper points
2020,NCAA ACC,12,Clemson,verified: Chris's 2020 sheets matched to Sleeper points
2020,NCAA BIG 10,1,Purdue,verified: Chris's 2020 sheets matched to Sleeper points
2020,NCAA BIG 10,2,Nebraska,verified: Chris's 2020 sheets matched to Sleeper points
2020,NCAA BIG 10,3,Northwestern,verified: Chris's 2020 sheets matched to Sleeper points
2020,NCAA BIG 10,4,Michigan State,verified: Chris's 2020 sheets matched to Sleeper points
2020,NCAA BIG 10,5,Penn State,verified: Chris's 2020 sheets matched to Sleeper points
2020,NCAA BIG 10,6,Wisconsin,verified: Chris's 2020 sheets matched to Sleeper points
2020,NCAA BIG 10,7,Minnesota,verified: Chris's 2020 sheets matched to Sleeper points
2020,NCAA BIG 10,8,Indiana,verified: Chris's 2020 sheets matched to Sleeper points
2020,NCAA BIG 10,9,Ohio State,verified: Chris's 2020 sheets matched to Sleeper points
2020,NCAA BIG 10,10,Illinois,verified: Chris's 2020 sheets matched to Sleeper points
2020,NCAA BIG 10,11,Iowa,verified: Chris's 2020 sheets matched to Sleeper points
2020,NCAA BIG 10,12,Michigan,verified: Chris's 2020 sheets matched to Sleeper points
2020,NCAA BIG 12,1,Texas Tech,verified: Chris's 2020 sheets matched to Sleeper points
2020,NCAA BIG 12,2,Iowa State,verified: Chris's 2020 sheets matched to Sleeper points
2020,NCAA BIG 12,3,Missouri,verified: Chris's 2020 sheets matched to Sleeper points
2020,NCAA BIG 12,4,Texas A&M,verified: Chris's 2020 sheets matched to Sleeper points
2020,NCAA BIG 12,5,Baylor,verified: Chris's 2020 sheets matched to Sleeper points
2020,NCAA BIG 12,6,Texas,verified: Chris's 2020 sheets matched to Sleeper points
2020,NCAA BIG 12,7,Kansas State,verified: Chris's 2020 sheets matched to Sleeper points
2020,NCAA BIG 12,8,West Virginia,verified: Chris's 2020 sheets matched to Sleeper points
2020,NCAA BIG 12,9,Oklahoma,verified: Chris's 2020 sheets matched to Sleeper points
2020,NCAA BIG 12,10,Kansas,verified: Chris's 2020 sheets matched to Sleeper points
2020,NCAA BIG 12,11,TCU,verified: Chris's 2020 sheets matched to Sleeper points
2020,NCAA BIG 12,12,Oklahoma State,verified: Chris's 2020 sheets matched to Sleeper points
2020,NCAA BIG EAST & CO.,1,Rutgers,verified: Chris's 2020 sheets matched to Sleeper points
2020,NCAA BIG EAST & CO.,2,Maryland,verified: Chris's 2020 sheets matched to Sleeper points
2020,NCAA BIG EAST & CO.,3,South Dakota State,verified: Chris's 2020 sheets matched to Sleeper points
2020,NCAA BIG EAST & CO.,4,Pittsburgh,verified: Chris's 2020 sheets matched to Sleeper points
2020,NCAA BIG EAST & CO.,5,UCONN,verified: Chris's 2020 sheets matched to Sleeper points
2020,NCAA BIG EAST & CO.,6,Coastal Carolina,verified: Chris's 2020 sheets matched to Sleeper points
2020,NCAA BIG EAST & CO.,7,Syracuse,verified: Chris's 2020 sheets matched to Sleeper points
2020,NCAA BIG EAST & CO.,8,Army,verified: Chris's 2020 sheets matched to Sleeper points
2020,NCAA BIG EAST & CO.,9,UCF,verified: Chris's 2020 sheets matched to Sleeper points
2020,NCAA BIG EAST & CO.,10,USF,verified: Chris's 2020 sheets matched to Sleeper points
2020,NCAA BIG EAST & CO.,11,Navy,verified: Chris's 2020 sheets matched to Sleeper points
2020,NCAA BIG EAST & CO.,12,Notre Dame,verified: Chris's 2020 sheets matched to Sleeper points
2020,NCAA BIG SKY,1,Rhode Island,verified: Chris's 2020 sheets matched to Sleeper points
2020,NCAA BIG SKY,2,Villanova,verified: Chris's 2020 sheets matched to Sleeper points
2020,NCAA BIG SKY,3,William & Mary,verified: Chris's 2020 sheets matched to Sleeper points
2020,NCAA BIG SKY,4,Eastern Washington,verified: Chris's 2020 sheets matched to Sleeper points
2020,NCAA BIG SKY,5,Stony Brook,verified: Chris's 2020 sheets matched to Sleeper points
2020,NCAA BIG SKY,6,Montana State,verified: Chris's 2020 sheets matched to Sleeper points
2020,NCAA BIG SKY,7,Richmond,verified: Chris's 2020 sheets matched to Sleeper points
2020,NCAA BIG SKY,8,Portland State,verified: Chris's 2020 sheets matched to Sleeper points
2020,NCAA BIG SKY,9,Weber State,verified: Chris's 2020 sheets matched to Sleeper points
2020,NCAA BIG SKY,10,Northern Iowa,verified: Chris's 2020 sheets matched to Sleeper points
2020,NCAA BIG SKY,11,Maine,verified: Chris's 2020 sheets matched to Sleeper points
2020,NCAA BIG SKY,12,Youngstown State,verified: Chris's 2020 sheets matched to Sleeper points
2020,NCAA HISTORICALLY BLACK,1,North Carolina A&T,verified: Chris's 2020 sheets matched to Sleeper points
2020,NCAA HISTORICALLY BLACK,2,Alabama A&M,verified: Chris's 2020 sheets matched to Sleeper points
2020,NCAA HISTORICALLY BLACK,3,Delaware State,verified: Chris's 2020 sheets matched to Sleeper points
2020,NCAA HISTORICALLY BLACK,4,Southern,verified: Chris's 2020 sheets matched to Sleeper points
2020,NCAA HISTORICALLY BLACK,5,Florida A&M,verified: Chris's 2020 sheets matched to Sleeper points
2020,NCAA HISTORICALLY BLACK,6,Howard,verified: Chris's 2020 sheets matched to Sleeper points
2020,NCAA HISTORICALLY BLACK,7,Mississippi Valley State,verified: Chris's 2020 sheets matched to Sleeper points
2020,NCAA HISTORICALLY BLACK,8,Alcorn State,verified: Chris's 2020 sheets matched to Sleeper points
2020,NCAA HISTORICALLY BLACK,9,Bethune - Cookman,verified: Chris's 2020 sheets matched to Sleeper points
2020,NCAA HISTORICALLY BLACK,10,Hampton,verified: Chris's 2020 sheets matched to Sleeper points
2020,NCAA HISTORICALLY BLACK,11,Tuskegee,verified: Chris's 2020 sheets matched to Sleeper points
2020,NCAA HISTORICALLY BLACK,12,Grambling State,verified: Chris's 2020 sheets matched to Sleeper points
2020,NCAA IVY,1,Brown,verified: Chris's 2020 sheets matched to Sleeper points
2020,NCAA IVY,2,Harvard,verified: Chris's 2020 sheets matched to Sleeper points
2020,NCAA IVY,3,Bucknell,verified: Chris's 2020 sheets matched to Sleeper points
2020,NCAA IVY,4,Columbia,verified: Chris's 2020 sheets matched to Sleeper points
2020,NCAA IVY,5,Georgetown,verified: Chris's 2020 sheets matched to Sleeper points
2020,NCAA IVY,6,Lehigh,verified: Chris's 2020 sheets matched to Sleeper points
2020,NCAA IVY,7,Penn,verified: Chris's 2020 sheets matched to Sleeper points
2020,NCAA IVY,8,Colgate,verified: Chris's 2020 sheets matched to Sleeper points
2020,NCAA IVY,9,Yale,verified: Chris's 2020 sheets matched to Sleeper points
2020,NCAA IVY,10,Princeton,verified: Chris's 2020 sheets matched to Sleeper points
2020,NCAA IVY,11,Dartmouth,verified: Chris's 2020 sheets matched to Sleeper points
2020,NCAA IVY,12,Cornell,verified: Chris's 2020 sheets matched to Sleeper points
2020,NCAA MOUNTAIN WEST,1,Hawaii,verified: Chris's 2020 sheets matched to Sleeper points
2020,NCAA MOUNTAIN WEST,2,Boise State,verified: Chris's 2020 sheets matched to Sleeper points
2020,NCAA MOUNTAIN WEST,3,Wyoming,verified: Chris's 2020 sheets matched to Sleeper points
2020,NCAA MOUNTAIN WEST,4,Fresno State,verified: Chris's 2020 sheets matched to Sleeper points
2020,NCAA MOUNTAIN WEST,5,Utah State,verified: Chris's 2020 sheets matched to Sleeper points
2020,NCAA MOUNTAIN WEST,6,BYU,verified: Chris's 2020 sheets matched to Sleeper points
2020,NCAA MOUNTAIN WEST,7,Idaho,verified: Chris's 2020 sheets matched to Sleeper points
2020,NCAA MOUNTAIN WEST,8,Colorado State,verified: Chris's 2020 sheets matched to Sleeper points
2020,NCAA MOUNTAIN WEST,9,New Mexico,verified: Chris's 2020 sheets matched to Sleeper points
2020,NCAA MOUNTAIN WEST,10,Nevada,verified: Chris's 2020 sheets matched to Sleeper points
2020,NCAA MOUNTAIN WEST,11,UNLV,verified: Chris's 2020 sheets matched to Sleeper points
2020,NCAA MOUNTAIN WEST,12,San Diego State,verified: Chris's 2020 sheets matched to Sleeper points
2020,NCAA PAC 12,1,Arizona,verified: Chris's 2020 sheets matched to Sleeper points
2020,NCAA PAC 12,2,USC,verified: Chris's 2020 sheets matched to Sleeper points
2020,NCAA PAC 12,3,Oregon State,verified: Chris's 2020 sheets matched to Sleeper points
2020,NCAA PAC 12,4,Washington State,verified: Chris's 2020 sheets matched to Sleeper points
2020,NCAA PAC 12,5,Stanford,verified: Chris's 2020 sheets matched to Sleeper points
2020,NCAA PAC 12,6,Washington,verified: Chris's 2020 sheets matched to Sleeper points
2020,NCAA PAC 12,7,Arizona State,verified: Chris's 2020 sheets matched to Sleeper points
2020,NCAA PAC 12,8,Colorado,verified: Chris's 2020 sheets matched to Sleeper points
2020,NCAA PAC 12,9,Oregon,verified: Chris's 2020 sheets matched to Sleeper points
2020,NCAA PAC 12,10,California,verified: Chris's 2020 sheets matched to Sleeper points
2020,NCAA PAC 12,11,Utah,verified: Chris's 2020 sheets matched to Sleeper points
2020,NCAA PAC 12,12,UCLA,verified: Chris's 2020 sheets matched to Sleeper points
2020,NCAA PIONEER,1,Wofford,verified: Chris's 2020 sheets matched to Sleeper points
2020,NCAA PIONEER,2,Holy Cross,verified: Chris's 2020 sheets matched to Sleeper points
2020,NCAA PIONEER,3,Murray State,verified: Chris's 2020 sheets matched to Sleeper points
2020,NCAA PIONEER,4,Butler,verified: Chris's 2020 sheets matched to Sleeper points
2020,NCAA PIONEER,5,Tennessee State,verified: Chris's 2020 sheets matched to Sleeper points
2020,NCAA PIONEER,6,SE Missouri State,verified: Chris's 2020 sheets matched to Sleeper points
2020,NCAA PIONEER,7,Dayton,verified: Chris's 2020 sheets matched to Sleeper points
2020,NCAA PIONEER,8,Campbell,verified: Chris's 2020 sheets matched to Sleeper points
2020,NCAA PIONEER,9,Austin Peay,verified: Chris's 2020 sheets matched to Sleeper points
2020,NCAA PIONEER,10,Furman,verified: Chris's 2020 sheets matched to Sleeper points
2020,NCAA PIONEER,11,UT Martin,verified: Chris's 2020 sheets matched to Sleeper points
2020,NCAA PIONEER,12,Davidson,verified: Chris's 2020 sheets matched to Sleeper points
2020,NCAA SEC,1,Florida,verified: Chris's 2020 sheets matched to Sleeper points
2020,NCAA SEC,2,LSU,verified: Chris's 2020 sheets matched to Sleeper points
2020,NCAA SEC,3,Tennessee,verified: Chris's 2020 sheets matched to Sleeper points
2020,NCAA SEC,4,Auburn,verified: Chris's 2020 sheets matched to Sleeper points
2020,NCAA SEC,5,Ole Miss,verified: Chris's 2020 sheets matched to Sleeper points
2020,NCAA SEC,6,Mississippi State,verified: Chris's 2020 sheets matched to Sleeper points
2020,NCAA SEC,7,Georgia,verified: Chris's 2020 sheets matched to Sleeper points
2020,NCAA SEC,8,South Carolina,verified: Chris's 2020 sheets matched to Sleeper points
2020,NCAA SEC,9,Vanderbilt,verified: Chris's 2020 sheets matched to Sleeper points
2020,NCAA SEC,10,Kentucky,verified: Chris's 2020 sheets matched to Sleeper points
2020,NCAA SEC,11,Alabama,verified: Chris's 2020 sheets matched to Sleeper points
2020,NCAA SEC,12,Arkansas,verified: Chris's 2020 sheets matched to Sleeper points
2020,NCAA SOUTHLAND,1,McNeese State,verified: Chris's 2020 sheets matched to Sleeper points
2020,NCAA SOUTHLAND,2,Presbyterian,verified: Chris's 2020 sheets matched to Sleeper points
2020,NCAA SOUTHLAND,3,Stephen F. Austin,verified: Chris's 2020 sheets matched to Sleeper points
2020,NCAA SOUTHLAND,4,FGCU,verified: Chris's 2020 sheets matched to Sleeper points
2020,NCAA SOUTHLAND,5,Sam Houston State,verified: Chris's 2020 sheets matched to Sleeper points
2020,NCAA SOUTHLAND,6,Lamar,verified: Chris's 2020 sheets matched to Sleeper points
2020,NCAA SOUTHLAND,7,Southeastern Louisiana,verified: Chris's 2020 sheets matched to Sleeper points
2020,NCAA SOUTHLAND,8,Dixie State,verified: Chris's 2020 sheets matched to Sleeper points
2020,NCAA SOUTHLAND,9,Houston Baptist,verified: Chris's 2020 sheets matched to Sleeper points
2020,NCAA SOUTHLAND,10,Northwestern State,verified: Chris's 2020 sheets matched to Sleeper points
2020,NCAA SOUTHLAND,11,Nicholls State,verified: Chris's 2020 sheets matched to Sleeper points
2020,NCAA SOUTHLAND,12,Incarnate Word,verified: Chris's 2020 sheets matched to Sleeper points
2020,NCAA SUN BELT,1,Temple,verified: Chris's 2020 sheets matched to Sleeper points
2020,NCAA SUN BELT,2,UTEP,verified: Chris's 2020 sheets matched to Sleeper points
2020,NCAA SUN BELT,3,Tulane,verified: Chris's 2020 sheets matched to Sleeper points
2020,NCAA SUN BELT,4,Rice,verified: Chris's 2020 sheets matched to Sleeper points
2020,NCAA SUN BELT,5,Marshall,verified: Chris's 2020 sheets matched to Sleeper points
2020,NCAA SUN BELT,6,Tulsa,verified: Chris's 2020 sheets matched to Sleeper points
2020,NCAA SUN BELT,7,Georgia Southern,verified: Chris's 2020 sheets matched to Sleeper points
2020,NCAA SUN BELT,8,Memphis,verified: Chris's 2020 sheets matched to Sleeper points
2020,NCAA SUN BELT,9,Southern Miss,verified: Chris's 2020 sheets matched to Sleeper points
2020,NCAA SUN BELT,10,UAB,verified: Chris's 2020 sheets matched to Sleeper points
2020,NCAA SUN BELT,11,Louisiana Tech,verified: Chris's 2020 sheets matched to Sleeper points
2020,NCAA SUN BELT,12,UTSA,verified: Chris's 2020 sheets matched to Sleeper points
2020,NCAA USA,1,Troy,verified: Chris's 2020 sheets matched to Sleeper points
2020,NCAA USA,2,North Texas,verified: Chris's 2020 sheets matched to Sleeper points
2020,NCAA USA,3,Florida Atlantic,verified: Chris's 2020 sheets matched to Sleeper points
2020,NCAA USA,4,Florida International,verified: Chris's 2020 sheets matched to Sleeper points
2020,NCAA USA,5,Georgia State,verified: Chris's 2020 sheets matched to Sleeper points
2020,NCAA USA,6,Western Kentucky,verified: Chris's 2020 sheets matched to Sleeper points
2020,NCAA USA,7,Middle Tennessee State,verified: Chris's 2020 sheets matched to Sleeper points
2020,NCAA USA,8,Arkansas State,verified: Chris's 2020 sheets matched to Sleeper points
2020,NCAA USA,9,Texas State,verified: Chris's 2020 sheets matched to Sleeper points
2020,NCAA USA,10,Louisiana Monroe,verified: Chris's 2020 sheets matched to Sleeper points
2020,NCAA USA,11,South Alabama,verified: Chris's 2020 sheets matched to Sleeper points
2020,NCAA USA,12,Louisiana,verified: Chris's 2020 sheets matched to Sleeper points
2020,NCAA WILD,1,Montana,verified: Chris's 2020 sheets matched to Sleeper points
2020,NCAA WILD,2,James Madison,verified: Chris's 2020 sheets matched to Sleeper points
2020,NCAA WILD,3,North Dakota State,verified: Chris's 2020 sheets matched to Sleeper points
2020,NCAA WILD,4,Central Michigan,verified: Chris's 2020 sheets matched to Sleeper points
2020,NCAA WILD,5,Wichita State,verified: Chris's 2020 sheets matched to Sleeper points
2020,NCAA WILD,6,Eastern Michigan,verified: Chris's 2020 sheets matched to Sleeper points
2020,NCAA WILD,7,San Jose State,verified: Chris's 2020 sheets matched to Sleeper points
2020,NCAA WILD,8,Citadel,verified: Chris's 2020 sheets matched to Sleeper points
2020,NCAA WILD,9,Central Arkansas,verified: Chris's 2020 sheets matched to Sleeper points
2020,NCAA WILD,10,Old Dominion,verified: Chris's 2020 sheets matched to Sleeper points
2020,NCAA WILD,11,South Dakota,verified: Chris's 2020 sheets matched to Sleeper points
2020,NCAA WILD,12,UNC Charlotte,verified: Chris's 2020 sheets matched to Sleeper points
2021,NCAA MOUNTAIN WEST,4,Fresno State,Chris's 2021 bowl list (Geico Bowl); Air Force by 2022
2021,NCAA SEC,11,Alabama,assumed = today's name (no rename known)
2021,NCAA HISTORICALLY BLACK,2,Alabama A&M,assumed = today's name (no rename known)
2021,NCAA HISTORICALLY BLACK,8,Alcorn State,assumed = today's name (no rename known)
2021,NCAA PAC 12,1,Arizona,assumed = today's name (no rename known)
2021,NCAA PAC 12,7,Arizona State,assumed = today's name (no rename known)
2021,NCAA SEC,12,Arkansas,assumed = today's name (no rename known)
2021,NCAA USA,8,Arkansas State,assumed = today's name (no rename known)
2021,NCAA BIG EAST & CO.,8,Army,assumed = today's name (no rename known)
2021,NCAA SEC,4,Auburn,assumed = today's name (no rename known)
2021,NCAA PIONEER,9,Austin Peay,assumed = today's name (no rename known)
2021,NCAA BIG 12,5,Baylor,assumed = today's name (no rename known)
2021,NCAA OHIO VALLEY,1,Belmont,assumed = today's name (no rename known)
2021,NCAA HISTORICALLY BLACK,9,Bethune - Cookman,assumed = today's name (no rename known)
2021,NCAA MOUNTAIN WEST,2,Boise State,assumed = today's name (no rename known)
2021,NCAA ACC,8,Boston College,assumed = today's name (no rename known)
2021,NCAA IVY,1,Brown,assumed = today's name (no rename known)
2021,NCAA IVY,3,Bucknell,assumed = today's name (no rename known)
2021,NCAA PIONEER,4,Butler,assumed = today's name (no rename known)
2021,NCAA MOUNTAIN WEST,6,BYU,assumed = today's name (no rename known)
2021,NCAA PAC 12,10,California,assumed = today's name (no rename known)
2021,NCAA PIONEER,8,Campbell,assumed = today's name (no rename known)
2021,NCAA WILD,9,Central Arkansas,assumed = today's name (no rename known)
2021,NCAA WILD,4,Central Michigan,assumed = today's name (no rename known)
2021,NCAA OHIO VALLEY,6,Charleston Southern,assumed = today's name (no rename known)
2021,NCAA OHIO VALLEY,4,Chattanooga,assumed = today's name (no rename known)
2021,NCAA WILD,8,Citadel,assumed = today's name (no rename known)
2021,NCAA ACC,12,Clemson,assumed = today's name (no rename known)
2021,NCAA BIG EAST & CO.,6,Coastal Carolina,assumed = today's name (no rename known)
2021,NCAA IVY,8,Colgate,assumed = today's name (no rename known)
2021,NCAA PAC 12,8,Colorado,assumed = today's name (no rename known)
2021,NCAA MOUNTAIN WEST,8,Colorado State,assumed = today's name (no rename known)
2021,NCAA IVY,4,Columbia,assumed = today's name (no rename known)
2021,NCAA IVY,12,Cornell,assumed = today's name (no rename known)
2021,NCAA IVY,11,Dartmouth,assumed = today's name (no rename known)
2021,NCAA PIONEER,12,Davidson,assumed = today's name (no rename known)
2021,NCAA PIONEER,7,Dayton,assumed = today's name (no rename known)
2021,NCAA OHIO VALLEY,7,Delaware,assumed = today's name (no rename known)
2021,NCAA HISTORICALLY BLACK,3,Delaware State,assumed = today's name (no rename known)
2021,NCAA ACC,7,Duke,assumed = today's name (no rename known)
2021,NCAA OHIO VALLEY,5,Eastern Kentucky,assumed = today's name (no rename known)
2021,NCAA WILD,6,Eastern Michigan,assumed = today's name (no rename known)
2021,NCAA BIG SKY,4,Eastern Washington,assumed = today's name (no rename known)
2021,NCAA OHIO VALLEY,2,ETSU,assumed = today's name (no rename known)
2021,NCAA SEC,1,Florida,assumed = today's name (no rename known)
2021,NCAA HISTORICALLY BLACK,5,Florida A&M,assumed = today's name (no rename known)
2021,NCAA USA,3,Florida Atlantic,assumed = today's name (no rename known)
2021,NCAA USA,10,Florida International,assumed = today's name (no rename known)
2021,NCAA ACC,5,FSU,assumed = today's name (no rename known)
2021,NCAA PIONEER,10,Furman,assumed = today's name (no rename known)
2021,NCAA IVY,5,Georgetown,assumed = today's name (no rename known)
2021,NCAA SEC,7,Georgia,assumed = today's name (no rename known)
2021,NCAA SUN BELT,7,Georgia Southern,assumed = today's name (no rename known)
2021,NCAA USA,5,Georgia State,assumed = today's name (no rename known)
2021,NCAA ACC,3,Georgia Tech,assumed = today's name (no rename known)
2021,NCAA HISTORICALLY BLACK,12,Grambling State,assumed = today's name (no rename known)
2021,NCAA IVY,2,Harvard,assumed = today's name (no rename known)
2021,NCAA MOUNTAIN WEST,1,Hawaii,assumed = today's name (no rename known)
2021,NCAA PIONEER,2,Holy Cross,assumed = today's name (no rename known)
2021,NCAA HISTORICALLY BLACK,6,Howard,assumed = today's name (no rename known)
2021,NCAA MOUNTAIN WEST,7,Idaho,Chris: ranger's Idaho team (2021)
2021,NCAA BIG 10,10,Illinois,assumed = today's name (no rename known)
2021,NCAA BIG 10,8,Indiana,assumed = today's name (no rename known)
2021,NCAA BIG 10,11,Iowa,assumed = today's name (no rename known)
2021,NCAA BIG 12,2,Iowa State,assumed = today's name (no rename known)
2021,NCAA HISTORICALLY BLACK,10,Jackson State,assumed = today's name (no rename known)
2021,NCAA OHIO VALLEY,9,Jacksonville State,assumed = today's name (no rename known)
2021,NCAA WILD,2,James Madison,assumed = today's name (no rename known)
2021,NCAA BIG 12,10,Kansas,assumed = today's name (no rename known)
2021,NCAA BIG 12,7,Kansas State,assumed = today's name (no rename known)
2021,NCAA OHIO VALLEY,3,Kennesaw State,assumed = today's name (no rename known)
2021,NCAA SEC,8,Kentucky,assumed = today's name (no rename known)
2021,NCAA IVY,6,Lehigh,assumed = today's name (no rename known)
2021,NCAA USA,11,Louisiana,assumed = today's name (no rename known)
2021,NCAA USA,12,Louisiana Monroe,assumed = today's name (no rename known)
2021,NCAA SUN BELT,11,Louisiana Tech,assumed = today's name (no rename known)
2021,NCAA ACC,11,Louisville,assumed = today's name (no rename known)
2021,NCAA SEC,2,LSU,assumed = today's name (no rename known)
2021,NCAA BIG SKY,11,Maine,assumed = today's name (no rename known)
2021,NCAA SUN BELT,5,Marshall,assumed = today's name (no rename known)
2021,NCAA BIG EAST & CO.,2,Maryland,assumed = today's name (no rename known)
2021,NCAA SUN BELT,8,Memphis,assumed = today's name (no rename known)
2021,NCAA ACC,9,Miami,assumed = today's name (no rename known)
2021,NCAA BIG 10,12,Michigan,assumed = today's name (no rename known)
2021,NCAA BIG 10,4,Michigan State,assumed = today's name (no rename known)
2021,NCAA USA,7,Middle Tennessee State,assumed = today's name (no rename known)
2021,NCAA BIG 10,7,Minnesota,assumed = today's name (no rename known)
2021,NCAA SEC,6,Mississippi State,assumed = today's name (no rename known)
2021,NCAA HISTORICALLY BLACK,7,Mississippi Valley State,assumed = today's name (no rename known)
2021,NCAA BIG 12,3,Missouri,assumed = today's name (no rename known)
2021,NCAA OHIO VALLEY,10,Monmouth,assumed = today's name (no rename known)
2021,NCAA WILD,1,Montana,assumed = today's name (no rename known)
2021,NCAA BIG SKY,6,Montana State,assumed = today's name (no rename known)
2021,NCAA OHIO VALLEY,8,Morehead State,assumed = today's name (no rename known)
2021,NCAA PIONEER,3,Murray State,assumed = today's name (no rename known)
2021,NCAA BIG EAST & CO.,11,Navy,assumed = today's name (no rename known)
2021,NCAA ACC,10,NC State,assumed = today's name (no rename known)
2021,NCAA BIG 10,2,Nebraska,assumed = today's name (no rename known)
2021,NCAA MOUNTAIN WEST,10,Nevada,assumed = today's name (no rename known)
2021,NCAA MOUNTAIN WEST,9,New Mexico,assumed = today's name (no rename known)
2021,NCAA OHIO VALLEY,11,North Alabama,assumed = today's name (no rename known)
2021,NCAA ACC,2,North Carolina,assumed = today's name (no rename known)
2021,NCAA HISTORICALLY BLACK,1,North Carolina A&T,assumed = today's name (no rename known)
2021,NCAA OHIO VALLEY,12,North Carolina Central,assumed = today's name (no rename known)
2021,NCAA WILD,3,North Dakota State,assumed = today's name (no rename known)
2021,NCAA USA,2,North Texas,assumed = today's name (no rename known)
2021,NCAA BIG SKY,10,Northern Iowa,assumed = today's name (no rename known)
2021,NCAA BIG 10,3,Northwestern,assumed = today's name (no rename known)
2021,NCAA BIG EAST & CO.,12,Notre Dame,assumed = today's name (no rename known)
2021,NCAA BIG 10,9,Ohio State,assumed = today's name (no rename known)
2021,NCAA BIG 12,9,Oklahoma,assumed = today's name (no rename known)
2021,NCAA BIG 12,12,Oklahoma State,assumed = today's name (no rename known)
2021,NCAA WILD,10,Old Dominion,assumed = today's name (no rename known)
2021,NCAA SEC,5,Ole Miss,assumed = today's name (no rename known)
2021,NCAA PAC 12,9,Oregon,assumed = today's name (no rename known)
2021,NCAA PAC 12,3,Oregon State,assumed = today's name (no rename known)
2021,NCAA IVY,7,Penn,assumed = today's name (no rename known)
2021,NCAA BIG 10,5,Penn State,assumed = today's name (no rename known)
2021,NCAA BIG EAST & CO.,4,Pittsburgh,assumed = today's name (no rename known)
2021,NCAA BIG SKY,8,Portland State,assumed = today's name (no rename known)
2021,NCAA IVY,10,Princeton,assumed = today's name (no rename known)
2021,NCAA BIG 10,1,Purdue,assumed = today's name (no rename known)
2021,NCAA BIG SKY,1,Rhode Island,assumed = today's name (no rename known)
2021,NCAA SUN BELT,4,Rice,assumed = today's name (no rename known)
2021,NCAA BIG SKY,7,Richmond,assumed = today's name (no rename known)
2021,NCAA BIG EAST & CO.,1,Rutgers,assumed = today's name (no rename known)
2021,NCAA MOUNTAIN WEST,12,San Diego State,assumed = today's name (no rename known)
2021,NCAA WILD,7,San Jose State,assumed = today's name (no rename known)
2021,NCAA PIONEER,6,SE Missouri State,assumed = today's name (no rename known)
2021,NCAA USA,4,South Alabama,assumed = today's name (no rename known)
2021,NCAA SEC,10,South Carolina,assumed = today's name (no rename known)
2021,NCAA WILD,11,South Dakota,assumed = today's name (no rename known)
2021,NCAA BIG EAST & CO.,3,South Dakota State,assumed = today's name (no rename known)
2021,NCAA HISTORICALLY BLACK,4,Southern,assumed = today's name (no rename known)
2021,NCAA SUN BELT,9,Southern Miss,assumed = today's name (no rename known)
2021,NCAA PAC 12,5,Stanford,assumed = today's name (no rename known)
2021,NCAA BIG SKY,5,Stony Brook,assumed = today's name (no rename known)
2021,NCAA BIG EAST & CO.,7,Syracuse,assumed = today's name (no rename known)
2021,NCAA BIG 12,11,TCU,assumed = today's name (no rename known)
2021,NCAA SUN BELT,1,Temple,assumed = today's name (no rename known)
2021,NCAA SEC,3,Tennessee,assumed = today's name (no rename known)
2021,NCAA PIONEER,5,Tennessee State,assumed = today's name (no rename known)
2021,NCAA BIG 12,6,Texas,assumed = today's name (no rename known)
2021,NCAA BIG 12,4,Texas A&M,assumed = today's name (no rename known)
2021,NCAA USA,9,Texas State,assumed = today's name (no rename known)
2021,NCAA BIG 12,1,Texas Tech,assumed = today's name (no rename known)
2021,NCAA USA,1,Troy,assumed = today's name (no rename known)
2021,NCAA SUN BELT,3,Tulane,assumed = today's name (no rename known)
2021,NCAA SUN BELT,6,Tulsa,assumed = today's name (no rename known)
2021,NCAA HISTORICALLY BLACK,11,Tuskegee,assumed = today's name (no rename known)
2021,NCAA SUN BELT,10,UAB,assumed = today's name (no rename known)
2021,NCAA BIG EAST & CO.,9,UCF,assumed = today's name (no rename known)
2021,NCAA PAC 12,12,UCLA,assumed = today's name (no rename known)
2021,NCAA BIG EAST & CO.,5,UCONN,assumed = today's name (no rename known)
2021,NCAA WILD,12,UNC Charlotte,assumed = today's name (no rename known)
2021,NCAA MOUNTAIN WEST,11,UNLV,assumed = today's name (no rename known)
2021,NCAA PAC 12,2,USC,assumed = today's name (no rename known)
2021,NCAA BIG EAST & CO.,10,USF,assumed = today's name (no rename known)
2021,NCAA PIONEER,11,UT Martin,assumed = today's name (no rename known)
2021,NCAA PAC 12,11,Utah,assumed = today's name (no rename known)
2021,NCAA MOUNTAIN WEST,5,Utah State,assumed = today's name (no rename known)
2021,NCAA SUN BELT,2,UTEP,assumed = today's name (no rename known)
2021,NCAA SUN BELT,12,UTSA,assumed = today's name (no rename known)
2021,NCAA SEC,9,Vanderbilt,assumed = today's name (no rename known)
2021,NCAA BIG SKY,2,Villanova,assumed = today's name (no rename known)
2021,NCAA ACC,1,Virginia,assumed = today's name (no rename known)
2021,NCAA ACC,4,Virginia Tech,assumed = today's name (no rename known)
2021,NCAA ACC,6,Wake Forest,assumed = today's name (no rename known)
2021,NCAA PAC 12,6,Washington,assumed = today's name (no rename known)
2021,NCAA PAC 12,4,Washington State,assumed = today's name (no rename known)
2021,NCAA BIG SKY,9,Weber State,assumed = today's name (no rename known)
2021,NCAA BIG 12,8,West Virginia,assumed = today's name (no rename known)
2021,NCAA USA,6,Western Kentucky,assumed = today's name (no rename known)
2021,NCAA WILD,5,Wichita State,assumed = today's name (no rename known)
2021,NCAA BIG SKY,3,William & Mary,assumed = today's name (no rename known)
2021,NCAA BIG SKY,12,Youngstown State,assumed = today's name (no rename known)
2021,NCAA BIG 10,6,Wisconsin,assumed = today's name (no rename known)
2021,NCAA MOUNTAIN WEST,3,Wyoming,assumed = today's name (no rename known)
2021,NCAA IVY,9,Yale,assumed = today's name (no rename known)
2021,NCAA PIONEER,1,Wofford,assumed = today's name (no rename known)
2022,NCAA MOUNTAIN WEST,4,Air Force,assumed = today's name (no rename known)
2022,NCAA SEC,11,Alabama,assumed = today's name (no rename known)
2022,NCAA HISTORICALLY BLACK,2,Alabama A&M,assumed = today's name (no rename known)
2022,NCAA HISTORICALLY BLACK,8,Alcorn State,assumed = today's name (no rename known)
2022,NCAA PAC 12,1,Arizona,assumed = today's name (no rename known)
2022,NCAA PAC 12,7,Arizona State,assumed = today's name (no rename known)
2022,NCAA SEC,12,Arkansas,assumed = today's name (no rename known)
2022,NCAA USA,8,Arkansas State,assumed = today's name (no rename known)
2022,NCAA BIG EAST & CO.,8,Army,assumed = today's name (no rename known)
2022,NCAA SEC,4,Auburn,assumed = today's name (no rename known)
2022,NCAA PIONEER,9,Austin Peay,assumed = today's name (no rename known)
2022,NCAA BIG 12,5,Baylor,assumed = today's name (no rename known)
2022,NCAA OHIO VALLEY,1,Belmont,assumed = today's name (no rename known)
2022,NCAA HISTORICALLY BLACK,9,Bethune - Cookman,assumed = today's name (no rename known)
2022,NCAA MOUNTAIN WEST,2,Boise State,assumed = today's name (no rename known)
2022,NCAA ACC,8,Boston College,assumed = today's name (no rename known)
2022,NCAA IVY,1,Brown,assumed = today's name (no rename known)
2022,NCAA IVY,3,Bucknell,assumed = today's name (no rename known)
2022,NCAA PIONEER,4,Butler,assumed = today's name (no rename known)
2022,NCAA MOUNTAIN WEST,6,BYU,assumed = today's name (no rename known)
2022,NCAA PAC 12,10,California,assumed = today's name (no rename known)
2022,NCAA PIONEER,8,Campbell,assumed = today's name (no rename known)
2022,NCAA WILD,9,Central Arkansas,assumed = today's name (no rename known)
2022,NCAA WILD,4,Central Michigan,assumed = today's name (no rename known)
2022,NCAA OHIO VALLEY,6,Charleston Southern,assumed = today's name (no rename known)
2022,NCAA OHIO VALLEY,4,Chattanooga,assumed = today's name (no rename known)
2022,NCAA WILD,8,Citadel,assumed = today's name (no rename known)
2022,NCAA ACC,12,Clemson,assumed = today's name (no rename known)
2022,NCAA BIG EAST & CO.,6,Coastal Carolina,assumed = today's name (no rename known)
2022,NCAA IVY,8,Colgate,assumed = today's name (no rename known)
2022,NCAA PAC 12,8,Colorado,assumed = today's name (no rename known)
2022,NCAA MOUNTAIN WEST,8,Colorado State,assumed = today's name (no rename known)
2022,NCAA IVY,4,Columbia,assumed = today's name (no rename known)
2022,NCAA IVY,12,Cornell,assumed = today's name (no rename known)
2022,NCAA IVY,11,Dartmouth,assumed = today's name (no rename known)
2022,NCAA PIONEER,12,Davidson,assumed = today's name (no rename known)
2022,NCAA PIONEER,7,Dayton,assumed = today's name (no rename known)
2022,NCAA OHIO VALLEY,7,Delaware,assumed = today's name (no rename known)
2022,NCAA HISTORICALLY BLACK,3,Delaware State,assumed = today's name (no rename known)
2022,NCAA ACC,7,Duke,assumed = today's name (no rename known)
2022,NCAA OHIO VALLEY,5,Eastern Kentucky,assumed = today's name (no rename known)
2022,NCAA WILD,6,Eastern Michigan,assumed = today's name (no rename known)
2022,NCAA BIG SKY,4,Eastern Washington,assumed = today's name (no rename known)
2022,NCAA OHIO VALLEY,2,ETSU,assumed = today's name (no rename known)
2022,NCAA SEC,1,Florida,assumed = today's name (no rename known)
2022,NCAA HISTORICALLY BLACK,5,Florida A&M,assumed = today's name (no rename known)
2022,NCAA USA,3,Florida Atlantic,assumed = today's name (no rename known)
2022,NCAA USA,10,Florida International,assumed = today's name (no rename known)
2022,NCAA ACC,5,FSU,assumed = today's name (no rename known)
2022,NCAA PIONEER,10,Furman,assumed = today's name (no rename known)
2022,NCAA IVY,5,Georgetown,assumed = today's name (no rename known)
2022,NCAA SEC,7,Georgia,assumed = today's name (no rename known)
2022,NCAA SUN BELT,7,Georgia Southern,assumed = today's name (no rename known)
2022,NCAA USA,5,Georgia State,assumed = today's name (no rename known)
2022,NCAA ACC,3,Georgia Tech,assumed = today's name (no rename known)
2022,NCAA HISTORICALLY BLACK,12,Grambling State,assumed = today's name (no rename known)
2022,NCAA IVY,2,Harvard,assumed = today's name (no rename known)
2022,NCAA MOUNTAIN WEST,1,Hawaii,assumed = today's name (no rename known)
2022,NCAA PIONEER,2,Holy Cross,assumed = today's name (no rename known)
2022,NCAA HISTORICALLY BLACK,6,Howard,assumed = today's name (no rename known)
2022,NCAA MOUNTAIN WEST,7,Idaho,verified by score match (TeamAliases 2022-2025)
2022,NCAA BIG 10,10,Illinois,assumed = today's name (no rename known)
2022,NCAA BIG 10,8,Indiana,assumed = today's name (no rename known)
2022,NCAA BIG 10,11,Iowa,assumed = today's name (no rename known)
2022,NCAA BIG 12,2,Iowa State,assumed = today's name (no rename known)
2022,NCAA HISTORICALLY BLACK,10,Jackson State,assumed = today's name (no rename known)
2022,NCAA OHIO VALLEY,9,Jacksonville State,assumed = today's name (no rename known)
2022,NCAA WILD,2,James Madison,assumed = today's name (no rename known)
2022,NCAA BIG 12,10,Kansas,assumed = today's name (no rename known)
2022,NCAA BIG 12,7,Kansas State,assumed = today's name (no rename known)
2022,NCAA OHIO VALLEY,3,Kennesaw State,assumed = today's name (no rename known)
2022,NCAA SEC,8,Kentucky,assumed = today's name (no rename known)
2022,NCAA IVY,6,Lehigh,assumed = today's name (no rename known)
2022,NCAA USA,11,Louisiana,assumed = today's name (no rename known)
2022,NCAA USA,12,Louisiana Monroe,assumed = today's name (no rename known)
2022,NCAA SUN BELT,11,Louisiana Tech,assumed = today's name (no rename known)
2022,NCAA ACC,11,Louisville,assumed = today's name (no rename known)
2022,NCAA SEC,2,LSU,assumed = today's name (no rename known)
2022,NCAA BIG SKY,11,Maine,assumed = today's name (no rename known)
2022,NCAA SUN BELT,5,Marshall,assumed = today's name (no rename known)
2022,NCAA BIG EAST & CO.,2,Maryland,assumed = today's name (no rename known)
2022,NCAA SUN BELT,8,Memphis,assumed = today's name (no rename known)
2022,NCAA ACC,9,Miami,assumed = today's name (no rename known)
2022,NCAA BIG 10,12,Michigan,assumed = today's name (no rename known)
2022,NCAA BIG 10,4,Michigan State,assumed = today's name (no rename known)
2022,NCAA USA,7,Middle Tennessee State,assumed = today's name (no rename known)
2022,NCAA BIG 10,7,Minnesota,assumed = today's name (no rename known)
2022,NCAA SEC,6,Mississippi State,assumed = today's name (no rename known)
2022,NCAA HISTORICALLY BLACK,7,Mississippi Valley State,assumed = today's name (no rename known)
2022,NCAA BIG 12,3,Missouri,assumed = today's name (no rename known)
2022,NCAA OHIO VALLEY,10,Monmouth,assumed = today's name (no rename known)
2022,NCAA WILD,1,Montana,assumed = today's name (no rename known)
2022,NCAA BIG SKY,6,Montana State,assumed = today's name (no rename known)
2022,NCAA OHIO VALLEY,8,Morehead State,assumed = today's name (no rename known)
2022,NCAA PIONEER,3,Murray State,assumed = today's name (no rename known)
2022,NCAA BIG EAST & CO.,11,Navy,assumed = today's name (no rename known)
2022,NCAA ACC,10,NC State,assumed = today's name (no rename known)
2022,NCAA BIG 10,2,Nebraska,assumed = today's name (no rename known)
2022,NCAA MOUNTAIN WEST,10,Nevada,assumed = today's name (no rename known)
2022,NCAA MOUNTAIN WEST,9,New Mexico,assumed = today's name (no rename known)
2022,NCAA OHIO VALLEY,11,North Alabama,assumed = today's name (no rename known)
2022,NCAA ACC,2,North Carolina,assumed = today's name (no rename known)
2022,NCAA HISTORICALLY BLACK,1,North Carolina A&T,assumed = today's name (no rename known)
2022,NCAA OHIO VALLEY,12,North Carolina Central,assumed = today's name (no rename known)
2022,NCAA WILD,3,North Dakota State,assumed = today's name (no rename known)
2022,NCAA USA,2,North Texas,assumed = today's name (no rename known)
2022,NCAA BIG SKY,10,Northern Iowa,assumed = today's name (no rename known)
2022,NCAA BIG 10,3,Northwestern,assumed = today's name (no rename known)
2022,NCAA BIG EAST & CO.,12,Notre Dame,assumed = today's name (no rename known)
2022,NCAA BIG 10,9,Ohio State,assumed = today's name (no rename known)
2022,NCAA BIG 12,9,Oklahoma,assumed = today's name (no rename known)
2022,NCAA BIG 12,12,Oklahoma State,assumed = today's name (no rename known)
2022,NCAA WILD,10,Old Dominion,assumed = today's name (no rename known)
2022,NCAA SEC,5,Ole Miss,assumed = today's name (no rename known)
2022,NCAA PAC 12,9,Oregon,assumed = today's name (no rename known)
2022,NCAA PAC 12,3,Oregon State,assumed = today's name (no rename known)
2022,NCAA IVY,7,Penn,assumed = today's name (no rename known)
2022,NCAA BIG 10,5,Penn State,assumed = today's name (no rename known)
2022,NCAA BIG EAST & CO.,4,Pittsburgh,assumed = today's name (no rename known)
2022,NCAA BIG SKY,8,Portland State,assumed = today's name (no rename known)
2022,NCAA IVY,10,Princeton,assumed = today's name (no rename known)
2022,NCAA BIG 10,1,Purdue,assumed = today's name (no rename known)
2022,NCAA BIG SKY,1,Rhode Island,assumed = today's name (no rename known)
2022,NCAA SUN BELT,4,Rice,assumed = today's name (no rename known)
2022,NCAA BIG SKY,7,Richmond,assumed = today's name (no rename known)
2022,NCAA BIG EAST & CO.,1,Rutgers,assumed = today's name (no rename known)
2022,NCAA MOUNTAIN WEST,12,San Diego State,assumed = today's name (no rename known)
2022,NCAA WILD,7,San Jose State,assumed = today's name (no rename known)
2022,NCAA PIONEER,6,SE Missouri State,assumed = today's name (no rename known)
2022,NCAA USA,4,South Alabama,assumed = today's name (no rename known)
2022,NCAA SEC,10,South Carolina,assumed = today's name (no rename known)
2022,NCAA WILD,11,South Dakota,assumed = today's name (no rename known)
2022,NCAA BIG EAST & CO.,3,South Dakota State,assumed = today's name (no rename known)
2022,NCAA HISTORICALLY BLACK,4,Southern,assumed = today's name (no rename known)
2022,NCAA SUN BELT,9,Southern Miss,assumed = today's name (no rename known)
2022,NCAA PAC 12,5,Stanford,assumed = today's name (no rename known)
2022,NCAA BIG SKY,5,Stony Brook,assumed = today's name (no rename known)
2022,NCAA BIG EAST & CO.,7,Syracuse,assumed = today's name (no rename known)
2022,NCAA BIG 12,11,TCU,assumed = today's name (no rename known)
2022,NCAA SUN BELT,1,Temple,assumed = today's name (no rename known)
2022,NCAA SEC,3,Tennessee,assumed = today's name (no rename known)
2022,NCAA PIONEER,5,Tennessee State,assumed = today's name (no rename known)
2022,NCAA BIG 12,6,Texas,assumed = today's name (no rename known)
2022,NCAA BIG 12,4,Texas A&M,assumed = today's name (no rename known)
2022,NCAA USA,9,Texas State,assumed = today's name (no rename known)
2022,NCAA BIG 12,1,Texas Tech,assumed = today's name (no rename known)
2022,NCAA USA,1,Troy,assumed = today's name (no rename known)
2022,NCAA SUN BELT,3,Tulane,assumed = today's name (no rename known)
2022,NCAA SUN BELT,6,Tulsa,assumed = today's name (no rename known)
2022,NCAA HISTORICALLY BLACK,11,Tuskegee,assumed = today's name (no rename known)
2022,NCAA SUN BELT,10,UAB,assumed = today's name (no rename known)
2022,NCAA BIG EAST & CO.,9,UCF,assumed = today's name (no rename known)
2022,NCAA PAC 12,12,UCLA,assumed = today's name (no rename known)
2022,NCAA BIG EAST & CO.,5,UCONN,assumed = today's name (no rename known)
2022,NCAA WILD,12,UNC Charlotte,assumed = today's name (no rename known)
2022,NCAA MOUNTAIN WEST,11,UNLV,assumed = today's name (no rename known)
2022,NCAA PAC 12,2,USC,assumed = today's name (no rename known)
2022,NCAA BIG EAST & CO.,10,USF,assumed = today's name (no rename known)
2022,NCAA PIONEER,11,UT Martin,assumed = today's name (no rename known)
2022,NCAA PAC 12,11,Utah,assumed = today's name (no rename known)
2022,NCAA MOUNTAIN WEST,5,Utah State,assumed = today's name (no rename known)
2022,NCAA SUN BELT,2,UTEP,assumed = today's name (no rename known)
2022,NCAA SUN BELT,12,UTSA,assumed = today's name (no rename known)
2022,NCAA SEC,9,Vanderbilt,assumed = today's name (no rename known)
2022,NCAA BIG SKY,2,Villanova,assumed = today's name (no rename known)
2022,NCAA ACC,1,Virginia,assumed = today's name (no rename known)
2022,NCAA ACC,4,Virginia Tech,assumed = today's name (no rename known)
2022,NCAA ACC,6,Wake Forest,assumed = today's name (no rename known)
2022,NCAA PAC 12,6,Washington,assumed = today's name (no rename known)
2022,NCAA PAC 12,4,Washington State,assumed = today's name (no rename known)
2022,NCAA BIG SKY,9,Weber State,assumed = today's name (no rename known)
2022,NCAA BIG 12,8,West Virginia,assumed = today's name (no rename known)
2022,NCAA USA,6,Western Kentucky,assumed = today's name (no rename known)
2022,NCAA WILD,5,Wichita State,assumed = today's name (no rename known)
2022,NCAA BIG SKY,3,William & Mary,assumed = today's name (no rename known)
2022,NCAA BIG SKY,12,Youngstown State,assumed = today's name (no rename known)
2022,NCAA BIG 10,6,Wisconsin,assumed = today's name (no rename known)
2022,NCAA MOUNTAIN WEST,3,Wyoming,assumed = today's name (no rename known)
2022,NCAA IVY,9,Yale,assumed = today's name (no rename known)
2022,NCAA PIONEER,1,Wofford,assumed = today's name (no rename known)
2023,NCAA MOUNTAIN WEST,4,Air Force,assumed = today's name (no rename known)
2023,NCAA SEC,11,Alabama,assumed = today's name (no rename known)
2023,NCAA HISTORICALLY BLACK,2,Alabama A&M,assumed = today's name (no rename known)
2023,NCAA HISTORICALLY BLACK,8,Alcorn State,assumed = today's name (no rename known)
2023,NCAA PAC 12,1,Arizona,assumed = today's name (no rename known)
2023,NCAA PAC 12,7,Arizona State,assumed = today's name (no rename known)
2023,NCAA SEC,12,Arkansas,assumed = today's name (no rename known)
2023,NCAA USA,8,Arkansas State,assumed = today's name (no rename known)
2023,NCAA BIG EAST & CO.,8,Army,assumed = today's name (no rename known)
2023,NCAA SEC,4,Auburn,assumed = today's name (no rename known)
2023,NCAA PIONEER,9,Austin Peay,assumed = today's name (no rename known)
2023,NCAA BIG 12,5,Baylor,assumed = today's name (no rename known)
2023,NCAA OHIO VALLEY,1,Belmont,assumed = today's name (no rename known)
2023,NCAA HISTORICALLY BLACK,9,Bethune - Cookman,assumed = today's name (no rename known)
2023,NCAA MOUNTAIN WEST,2,Boise State,assumed = today's name (no rename known)
2023,NCAA ACC,8,Boston College,assumed = today's name (no rename known)
2023,NCAA IVY,1,Brown,assumed = today's name (no rename known)
2023,NCAA IVY,3,Bucknell,assumed = today's name (no rename known)
2023,NCAA PIONEER,4,Butler,assumed = today's name (no rename known)
2023,NCAA MOUNTAIN WEST,6,BYU,assumed = today's name (no rename known)
2023,NCAA PAC 12,10,California,assumed = today's name (no rename known)
2023,NCAA PIONEER,8,Campbell,assumed = today's name (no rename known)
2023,NCAA WILD,9,Central Arkansas,assumed = today's name (no rename known)
2023,NCAA WILD,4,Central Michigan,assumed = today's name (no rename known)
2023,NCAA OHIO VALLEY,6,Charleston Southern,assumed = today's name (no rename known)
2023,NCAA OHIO VALLEY,4,Chattanooga,assumed = today's name (no rename known)
2023,NCAA WILD,8,Citadel,assumed = today's name (no rename known)
2023,NCAA ACC,12,Clemson,assumed = today's name (no rename known)
2023,NCAA BIG EAST & CO.,6,Coastal Carolina,assumed = today's name (no rename known)
2023,NCAA IVY,8,Colgate,assumed = today's name (no rename known)
2023,NCAA PAC 12,8,Colorado,assumed = today's name (no rename known)
2023,NCAA MOUNTAIN WEST,8,Colorado State,assumed = today's name (no rename known)
2023,NCAA IVY,4,Columbia,assumed = today's name (no rename known)
2023,NCAA IVY,12,Cornell,assumed = today's name (no rename known)
2023,NCAA IVY,11,Dartmouth,assumed = today's name (no rename known)
2023,NCAA PIONEER,12,Davidson,assumed = today's name (no rename known)
2023,NCAA PIONEER,7,Dayton,assumed = today's name (no rename known)
2023,NCAA OHIO VALLEY,7,Delaware,assumed = today's name (no rename known)
2023,NCAA HISTORICALLY BLACK,3,Delaware State,assumed = today's name (no rename known)
2023,NCAA ACC,7,Duke,assumed = today's name (no rename known)
2023,NCAA OHIO VALLEY,5,Eastern Kentucky,assumed = today's name (no rename known)
2023,NCAA WILD,6,Eastern Michigan,assumed = today's name (no rename known)
2023,NCAA BIG SKY,4,Eastern Washington,assumed = today's name (no rename known)
2023,NCAA OHIO VALLEY,2,ETSU,assumed = today's name (no rename known)
2023,NCAA SEC,1,Florida,assumed = today's name (no rename known)
2023,NCAA HISTORICALLY BLACK,5,Florida A&M,assumed = today's name (no rename known)
2023,NCAA USA,3,Florida Atlantic,assumed = today's name (no rename known)
2023,NCAA USA,10,Florida International,assumed = today's name (no rename known)
2023,NCAA ACC,5,FSU,assumed = today's name (no rename known)
2023,NCAA PIONEER,10,Furman,assumed = today's name (no rename known)
2023,NCAA IVY,5,Georgetown,assumed = today's name (no rename known)
2023,NCAA SEC,7,Georgia,assumed = today's name (no rename known)
2023,NCAA SUN BELT,7,Georgia Southern,assumed = today's name (no rename known)
2023,NCAA USA,5,Georgia State,assumed = today's name (no rename known)
2023,NCAA ACC,3,Georgia Tech,assumed = today's name (no rename known)
2023,NCAA HISTORICALLY BLACK,12,Grambling State,assumed = today's name (no rename known)
2023,NCAA IVY,2,Harvard,assumed = today's name (no rename known)
2023,NCAA MOUNTAIN WEST,1,Hawaii,assumed = today's name (no rename known)
2023,NCAA PIONEER,2,Holy Cross,assumed = today's name (no rename known)
2023,NCAA HISTORICALLY BLACK,6,Howard,assumed = today's name (no rename known)
2023,NCAA MOUNTAIN WEST,7,Idaho,verified by score match (TeamAliases 2022-2025)
2023,NCAA BIG 10,10,Illinois,assumed = today's name (no rename known)
2023,NCAA BIG 10,8,Indiana,assumed = today's name (no rename known)
2023,NCAA BIG 10,11,Iowa,assumed = today's name (no rename known)
2023,NCAA BIG 12,2,Iowa State,assumed = today's name (no rename known)
2023,NCAA HISTORICALLY BLACK,10,Jackson State,assumed = today's name (no rename known)
2023,NCAA OHIO VALLEY,9,Jacksonville State,assumed = today's name (no rename known)
2023,NCAA WILD,2,James Madison,assumed = today's name (no rename known)
2023,NCAA BIG 12,10,Kansas,assumed = today's name (no rename known)
2023,NCAA BIG 12,7,Kansas State,assumed = today's name (no rename known)
2023,NCAA OHIO VALLEY,3,Kennesaw State,assumed = today's name (no rename known)
2023,NCAA SEC,8,Kentucky,assumed = today's name (no rename known)
2023,NCAA IVY,6,Lehigh,assumed = today's name (no rename known)
2023,NCAA USA,11,Louisiana,assumed = today's name (no rename known)
2023,NCAA USA,12,Louisiana Monroe,assumed = today's name (no rename known)
2023,NCAA SUN BELT,11,Louisiana Tech,assumed = today's name (no rename known)
2023,NCAA ACC,11,Louisville,assumed = today's name (no rename known)
2023,NCAA SEC,2,LSU,assumed = today's name (no rename known)
2023,NCAA BIG SKY,11,Maine,assumed = today's name (no rename known)
2023,NCAA SUN BELT,5,Marshall,assumed = today's name (no rename known)
2023,NCAA BIG EAST & CO.,2,Maryland,assumed = today's name (no rename known)
2023,NCAA SUN BELT,8,Memphis,assumed = today's name (no rename known)
2023,NCAA ACC,9,Miami,assumed = today's name (no rename known)
2023,NCAA BIG 10,12,Michigan,assumed = today's name (no rename known)
2023,NCAA BIG 10,4,Michigan State,assumed = today's name (no rename known)
2023,NCAA USA,7,Middle Tennessee State,assumed = today's name (no rename known)
2023,NCAA BIG 10,7,Minnesota,assumed = today's name (no rename known)
2023,NCAA SEC,6,Mississippi State,assumed = today's name (no rename known)
2023,NCAA HISTORICALLY BLACK,7,Mississippi Valley State,assumed = today's name (no rename known)
2023,NCAA BIG 12,3,Missouri,assumed = today's name (no rename known)
2023,NCAA OHIO VALLEY,10,Monmouth,assumed = today's name (no rename known)
2023,NCAA WILD,1,Montana,assumed = today's name (no rename known)
2023,NCAA BIG SKY,6,Montana State,assumed = today's name (no rename known)
2023,NCAA OHIO VALLEY,8,Morehead State,assumed = today's name (no rename known)
2023,NCAA PIONEER,3,Murray State,assumed = today's name (no rename known)
2023,NCAA BIG EAST & CO.,11,Navy,assumed = today's name (no rename known)
2023,NCAA ACC,10,NC State,assumed = today's name (no rename known)
2023,NCAA BIG 10,2,Nebraska,assumed = today's name (no rename known)
2023,NCAA MOUNTAIN WEST,10,Nevada,assumed = today's name (no rename known)
2023,NCAA MOUNTAIN WEST,9,New Mexico,assumed = today's name (no rename known)
2023,NCAA OHIO VALLEY,11,North Alabama,assumed = today's name (no rename known)
2023,NCAA ACC,2,North Carolina,assumed = today's name (no rename known)
2023,NCAA HISTORICALLY BLACK,1,North Carolina A&T,assumed = today's name (no rename known)
2023,NCAA OHIO VALLEY,12,North Carolina Central,assumed = today's name (no rename known)
2023,NCAA WILD,3,North Dakota State,assumed = today's name (no rename known)
2023,NCAA USA,2,North Texas,assumed = today's name (no rename known)
2023,NCAA BIG SKY,10,Northern Iowa,assumed = today's name (no rename known)
2023,NCAA BIG 10,3,Northwestern,assumed = today's name (no rename known)
2023,NCAA BIG EAST & CO.,12,Notre Dame,assumed = today's name (no rename known)
2023,NCAA BIG 10,9,Ohio State,assumed = today's name (no rename known)
2023,NCAA BIG 12,9,Oklahoma,assumed = today's name (no rename known)
2023,NCAA BIG 12,12,Oklahoma State,assumed = today's name (no rename known)
2023,NCAA WILD,10,Old Dominion,assumed = today's name (no rename known)
2023,NCAA SEC,5,Ole Miss,assumed = today's name (no rename known)
2023,NCAA PAC 12,9,Oregon,assumed = today's name (no rename known)
2023,NCAA PAC 12,3,Oregon State,assumed = today's name (no rename known)
2023,NCAA IVY,7,Penn,assumed = today's name (no rename known)
2023,NCAA BIG 10,5,Penn State,assumed = today's name (no rename known)
2023,NCAA BIG EAST & CO.,4,Pittsburgh,assumed = today's name (no rename known)
2023,NCAA BIG SKY,8,Portland State,assumed = today's name (no rename known)
2023,NCAA IVY,10,Princeton,assumed = today's name (no rename known)
2023,NCAA BIG 10,1,Purdue,assumed = today's name (no rename known)
2023,NCAA BIG SKY,1,Rhode Island,assumed = today's name (no rename known)
2023,NCAA SUN BELT,4,Rice,assumed = today's name (no rename known)
2023,NCAA BIG SKY,7,Richmond,assumed = today's name (no rename known)
2023,NCAA BIG EAST & CO.,1,Rutgers,assumed = today's name (no rename known)
2023,NCAA MOUNTAIN WEST,12,San Diego State,assumed = today's name (no rename known)
2023,NCAA WILD,7,San Jose State,assumed = today's name (no rename known)
2023,NCAA PIONEER,6,SE Missouri State,assumed = today's name (no rename known)
2023,NCAA USA,4,South Alabama,assumed = today's name (no rename known)
2023,NCAA SEC,10,South Carolina,assumed = today's name (no rename known)
2023,NCAA WILD,11,South Dakota,assumed = today's name (no rename known)
2023,NCAA BIG EAST & CO.,3,South Dakota State,assumed = today's name (no rename known)
2023,NCAA HISTORICALLY BLACK,4,Southern,assumed = today's name (no rename known)
2023,NCAA SUN BELT,9,Southern Miss,assumed = today's name (no rename known)
2023,NCAA PAC 12,5,Stanford,assumed = today's name (no rename known)
2023,NCAA BIG SKY,5,Stony Brook,assumed = today's name (no rename known)
2023,NCAA BIG EAST & CO.,7,Syracuse,assumed = today's name (no rename known)
2023,NCAA BIG 12,11,TCU,assumed = today's name (no rename known)
2023,NCAA SUN BELT,1,Temple,assumed = today's name (no rename known)
2023,NCAA SEC,3,Tennessee,assumed = today's name (no rename known)
2023,NCAA PIONEER,5,Tennessee State,assumed = today's name (no rename known)
2023,NCAA BIG 12,6,Texas,assumed = today's name (no rename known)
2023,NCAA BIG 12,4,Texas A&M,assumed = today's name (no rename known)
2023,NCAA USA,9,Texas State,assumed = today's name (no rename known)
2023,NCAA BIG 12,1,Texas Tech,assumed = today's name (no rename known)
2023,NCAA USA,1,Troy,assumed = today's name (no rename known)
2023,NCAA SUN BELT,3,Tulane,assumed = today's name (no rename known)
2023,NCAA SUN BELT,6,Tulsa,assumed = today's name (no rename known)
2023,NCAA HISTORICALLY BLACK,11,Tuskegee,assumed = today's name (no rename known)
2023,NCAA SUN BELT,10,UAB,assumed = today's name (no rename known)
2023,NCAA BIG EAST & CO.,9,UCF,assumed = today's name (no rename known)
2023,NCAA PAC 12,12,UCLA,assumed = today's name (no rename known)
2023,NCAA BIG EAST & CO.,5,UCONN,assumed = today's name (no rename known)
2023,NCAA WILD,12,UNC Charlotte,assumed = today's name (no rename known)
2023,NCAA MOUNTAIN WEST,11,UNLV,assumed = today's name (no rename known)
2023,NCAA PAC 12,2,USC,assumed = today's name (no rename known)
2023,NCAA BIG EAST & CO.,10,USF,assumed = today's name (no rename known)
2023,NCAA PIONEER,11,UT Martin,assumed = today's name (no rename known)
2023,NCAA PAC 12,11,Utah,assumed = today's name (no rename known)
2023,NCAA MOUNTAIN WEST,5,Utah State,assumed = today's name (no rename known)
2023,NCAA SUN BELT,2,UTEP,assumed = today's name (no rename known)
2023,NCAA SUN BELT,12,UTSA,assumed = today's name (no rename known)
2023,NCAA SEC,9,Vanderbilt,assumed = today's name (no rename known)
2023,NCAA BIG SKY,2,Villanova,assumed = today's name (no rename known)
2023,NCAA ACC,1,Virginia,assumed = today's name (no rename known)
2023,NCAA ACC,4,Virginia Tech,assumed = today's name (no rename known)
2023,NCAA ACC,6,Wake Forest,assumed = today's name (no rename known)
2023,NCAA PAC 12,6,Washington,assumed = today's name (no rename known)
2023,NCAA PAC 12,4,Washington State,assumed = today's name (no rename known)
2023,NCAA BIG SKY,9,Weber State,assumed = today's name (no rename known)
2023,NCAA BIG 12,8,West Virginia,assumed = today's name (no rename known)
2023,NCAA USA,6,Western Kentucky,assumed = today's name (no rename known)
2023,NCAA WILD,5,Wichita State,assumed = today's name (no rename known)
2023,NCAA BIG SKY,3,William & Mary,assumed = today's name (no rename known)
2023,NCAA BIG SKY,12,Youngstown State,assumed = today's name (no rename known)
2023,NCAA BIG 10,6,Wisconsin,assumed = today's name (no rename known)
2023,NCAA MOUNTAIN WEST,3,Wyoming,assumed = today's name (no rename known)
2023,NCAA IVY,9,Yale,assumed = today's name (no rename known)
2023,NCAA PIONEER,1,Wofford,assumed = today's name (no rename known)
2024,NCAA MOUNTAIN WEST,4,Air Force,assumed = today's name (no rename known)
2024,NCAA SEC,11,Alabama,assumed = today's name (no rename known)
2024,NCAA HISTORICALLY BLACK,2,Alabama A&M,assumed = today's name (no rename known)
2024,NCAA HISTORICALLY BLACK,8,Alcorn State,assumed = today's name (no rename known)
2024,NCAA PAC 12,1,Arizona,assumed = today's name (no rename known)
2024,NCAA PAC 12,7,Arizona State,assumed = today's name (no rename known)
2024,NCAA SEC,12,Arkansas,assumed = today's name (no rename known)
2024,NCAA USA,8,Arkansas State,assumed = today's name (no rename known)
2024,NCAA BIG EAST & CO.,8,Army,assumed = today's name (no rename known)
2024,NCAA SEC,4,Auburn,assumed = today's name (no rename known)
2024,NCAA PIONEER,9,Austin Peay,assumed = today's name (no rename known)
2024,NCAA BIG 12,5,Baylor,assumed = today's name (no rename known)
2024,NCAA OHIO VALLEY,1,Belmont,assumed = today's name (no rename known)
2024,NCAA HISTORICALLY BLACK,9,Bethune - Cookman,assumed = today's name (no rename known)
2024,NCAA MOUNTAIN WEST,2,Boise State,assumed = today's name (no rename known)
2024,NCAA ACC,8,Boston College,assumed = today's name (no rename known)
2024,NCAA IVY,1,Brown,assumed = today's name (no rename known)
2024,NCAA IVY,3,Bucknell,assumed = today's name (no rename known)
2024,NCAA PIONEER,4,Butler,assumed = today's name (no rename known)
2024,NCAA MOUNTAIN WEST,6,BYU,assumed = today's name (no rename known)
2024,NCAA PAC 12,10,California,assumed = today's name (no rename known)
2024,NCAA PIONEER,8,Campbell,assumed = today's name (no rename known)
2024,NCAA WILD,9,Central Arkansas,assumed = today's name (no rename known)
2024,NCAA WILD,4,Central Michigan,assumed = today's name (no rename known)
2024,NCAA OHIO VALLEY,6,Charleston Southern,assumed = today's name (no rename known)
2024,NCAA OHIO VALLEY,4,Chattanooga,assumed = today's name (no rename known)
2024,NCAA WILD,8,Citadel,assumed = today's name (no rename known)
2024,NCAA ACC,12,Clemson,assumed = today's name (no rename known)
2024,NCAA BIG EAST & CO.,6,Coastal Carolina,assumed = today's name (no rename known)
2024,NCAA IVY,8,Colgate,assumed = today's name (no rename known)
2024,NCAA PAC 12,8,Colorado,assumed = today's name (no rename known)
2024,NCAA MOUNTAIN WEST,8,Colorado State,assumed = today's name (no rename known)
2024,NCAA IVY,4,Columbia,assumed = today's name (no rename known)
2024,NCAA IVY,12,Cornell,assumed = today's name (no rename known)
2024,NCAA IVY,11,Dartmouth,assumed = today's name (no rename known)
2024,NCAA PIONEER,12,Davidson,assumed = today's name (no rename known)
2024,NCAA PIONEER,7,Dayton,assumed = today's name (no rename known)
2024,NCAA OHIO VALLEY,7,Delaware,assumed = today's name (no rename known)
2024,NCAA HISTORICALLY BLACK,3,Delaware State,assumed = today's name (no rename known)
2024,NCAA ACC,7,Duke,assumed = today's name (no rename known)
2024,NCAA OHIO VALLEY,5,Eastern Kentucky,assumed = today's name (no rename known)
2024,NCAA WILD,6,Eastern Michigan,assumed = today's name (no rename known)
2024,NCAA BIG SKY,4,Eastern Washington,assumed = today's name (no rename known)
2024,NCAA OHIO VALLEY,2,ETSU,assumed = today's name (no rename known)
2024,NCAA SEC,1,Florida,assumed = today's name (no rename known)
2024,NCAA HISTORICALLY BLACK,5,Florida A&M,assumed = today's name (no rename known)
2024,NCAA USA,3,Florida Atlantic,assumed = today's name (no rename known)
2024,NCAA USA,10,Florida International,assumed = today's name (no rename known)
2024,NCAA ACC,5,FSU,assumed = today's name (no rename known)
2024,NCAA PIONEER,10,Furman,assumed = today's name (no rename known)
2024,NCAA IVY,5,Georgetown,assumed = today's name (no rename known)
2024,NCAA SEC,7,Georgia,assumed = today's name (no rename known)
2024,NCAA SUN BELT,7,Georgia Southern,assumed = today's name (no rename known)
2024,NCAA USA,5,Georgia State,assumed = today's name (no rename known)
2024,NCAA ACC,3,Georgia Tech,assumed = today's name (no rename known)
2024,NCAA HISTORICALLY BLACK,12,Grambling State,assumed = today's name (no rename known)
2024,NCAA IVY,2,Harvard,assumed = today's name (no rename known)
2024,NCAA MOUNTAIN WEST,1,Hawaii,assumed = today's name (no rename known)
2024,NCAA PIONEER,2,Holy Cross,assumed = today's name (no rename known)
2024,NCAA HISTORICALLY BLACK,6,Howard,assumed = today's name (no rename known)
2024,NCAA MOUNTAIN WEST,7,Idaho,verified by score match (TeamAliases 2022-2025)
2024,NCAA BIG 10,10,Illinois,assumed = today's name (no rename known)
2024,NCAA BIG 10,8,Indiana,assumed = today's name (no rename known)
2024,NCAA BIG 10,11,Iowa,assumed = today's name (no rename known)
2024,NCAA BIG 12,2,Iowa State,assumed = today's name (no rename known)
2024,NCAA HISTORICALLY BLACK,10,Jackson State,assumed = today's name (no rename known)
2024,NCAA OHIO VALLEY,9,Jacksonville State,assumed = today's name (no rename known)
2024,NCAA WILD,2,James Madison,assumed = today's name (no rename known)
2024,NCAA BIG 12,10,Kansas,assumed = today's name (no rename known)
2024,NCAA BIG 12,7,Kansas State,assumed = today's name (no rename known)
2024,NCAA OHIO VALLEY,3,Kennesaw State,assumed = today's name (no rename known)
2024,NCAA SEC,8,Kentucky,assumed = today's name (no rename known)
2024,NCAA IVY,6,Lehigh,assumed = today's name (no rename known)
2024,NCAA USA,11,Louisiana,assumed = today's name (no rename known)
2024,NCAA USA,12,Louisiana Monroe,assumed = today's name (no rename known)
2024,NCAA SUN BELT,11,Louisiana Tech,assumed = today's name (no rename known)
2024,NCAA ACC,11,Louisville,assumed = today's name (no rename known)
2024,NCAA SEC,2,LSU,assumed = today's name (no rename known)
2024,NCAA BIG SKY,11,Maine,assumed = today's name (no rename known)
2024,NCAA SUN BELT,5,Marshall,assumed = today's name (no rename known)
2024,NCAA BIG EAST & CO.,2,Maryland,assumed = today's name (no rename known)
2024,NCAA SUN BELT,8,Memphis,assumed = today's name (no rename known)
2024,NCAA ACC,9,Miami,assumed = today's name (no rename known)
2024,NCAA BIG 10,12,Michigan,assumed = today's name (no rename known)
2024,NCAA BIG 10,4,Michigan State,assumed = today's name (no rename known)
2024,NCAA USA,7,Middle Tennessee State,assumed = today's name (no rename known)
2024,NCAA BIG 10,7,Minnesota,assumed = today's name (no rename known)
2024,NCAA SEC,6,Mississippi State,assumed = today's name (no rename known)
2024,NCAA HISTORICALLY BLACK,7,Mississippi Valley State,assumed = today's name (no rename known)
2024,NCAA BIG 12,3,Missouri,assumed = today's name (no rename known)
2024,NCAA OHIO VALLEY,10,Monmouth,assumed = today's name (no rename known)
2024,NCAA WILD,1,Montana,assumed = today's name (no rename known)
2024,NCAA BIG SKY,6,Montana State,assumed = today's name (no rename known)
2024,NCAA OHIO VALLEY,8,Morehead State,assumed = today's name (no rename known)
2024,NCAA PIONEER,3,Murray State,assumed = today's name (no rename known)
2024,NCAA BIG EAST & CO.,11,Navy,assumed = today's name (no rename known)
2024,NCAA ACC,10,NC State,assumed = today's name (no rename known)
2024,NCAA BIG 10,2,Nebraska,assumed = today's name (no rename known)
2024,NCAA MOUNTAIN WEST,10,Nevada,assumed = today's name (no rename known)
2024,NCAA MOUNTAIN WEST,9,New Mexico,assumed = today's name (no rename known)
2024,NCAA OHIO VALLEY,11,North Alabama,assumed = today's name (no rename known)
2024,NCAA ACC,2,North Carolina,assumed = today's name (no rename known)
2024,NCAA HISTORICALLY BLACK,1,North Carolina A&T,assumed = today's name (no rename known)
2024,NCAA OHIO VALLEY,12,North Carolina Central,assumed = today's name (no rename known)
2024,NCAA WILD,3,North Dakota State,assumed = today's name (no rename known)
2024,NCAA USA,2,North Texas,assumed = today's name (no rename known)
2024,NCAA BIG SKY,10,Northern Iowa,assumed = today's name (no rename known)
2024,NCAA BIG 10,3,Northwestern,assumed = today's name (no rename known)
2024,NCAA BIG EAST & CO.,12,Notre Dame,assumed = today's name (no rename known)
2024,NCAA BIG 10,9,Ohio State,assumed = today's name (no rename known)
2024,NCAA BIG 12,9,Oklahoma,assumed = today's name (no rename known)
2024,NCAA BIG 12,12,Oklahoma State,assumed = today's name (no rename known)
2024,NCAA WILD,10,Old Dominion,assumed = today's name (no rename known)
2024,NCAA SEC,5,Ole Miss,assumed = today's name (no rename known)
2024,NCAA PAC 12,9,Oregon,assumed = today's name (no rename known)
2024,NCAA PAC 12,3,Oregon State,assumed = today's name (no rename known)
2024,NCAA IVY,7,Penn,assumed = today's name (no rename known)
2024,NCAA BIG 10,5,Penn State,assumed = today's name (no rename known)
2024,NCAA BIG EAST & CO.,4,Pittsburgh,assumed = today's name (no rename known)
2024,NCAA BIG SKY,8,Portland State,assumed = today's name (no rename known)
2024,NCAA IVY,10,Princeton,assumed = today's name (no rename known)
2024,NCAA BIG 10,1,Purdue,assumed = today's name (no rename known)
2024,NCAA BIG SKY,1,Rhode Island,assumed = today's name (no rename known)
2024,NCAA SUN BELT,4,Rice,assumed = today's name (no rename known)
2024,NCAA BIG SKY,7,Richmond,assumed = today's name (no rename known)
2024,NCAA BIG EAST & CO.,1,Rutgers,assumed = today's name (no rename known)
2024,NCAA MOUNTAIN WEST,12,San Diego State,assumed = today's name (no rename known)
2024,NCAA WILD,7,San Jose State,assumed = today's name (no rename known)
2024,NCAA PIONEER,6,SE Missouri State,assumed = today's name (no rename known)
2024,NCAA USA,4,South Alabama,assumed = today's name (no rename known)
2024,NCAA SEC,10,South Carolina,assumed = today's name (no rename known)
2024,NCAA WILD,11,South Dakota,assumed = today's name (no rename known)
2024,NCAA BIG EAST & CO.,3,South Dakota State,assumed = today's name (no rename known)
2024,NCAA HISTORICALLY BLACK,4,Southern,assumed = today's name (no rename known)
2024,NCAA SUN BELT,9,Southern Miss,assumed = today's name (no rename known)
2024,NCAA PAC 12,5,Stanford,assumed = today's name (no rename known)
2024,NCAA BIG SKY,5,Stony Brook,assumed = today's name (no rename known)
2024,NCAA BIG EAST & CO.,7,Syracuse,assumed = today's name (no rename known)
2024,NCAA BIG 12,11,TCU,assumed = today's name (no rename known)
2024,NCAA SUN BELT,1,Temple,assumed = today's name (no rename known)
2024,NCAA SEC,3,Tennessee,assumed = today's name (no rename known)
2024,NCAA PIONEER,5,Tennessee State,assumed = today's name (no rename known)
2024,NCAA BIG 12,6,Texas,assumed = today's name (no rename known)
2024,NCAA BIG 12,4,Texas A&M,assumed = today's name (no rename known)
2024,NCAA USA,9,Texas State,assumed = today's name (no rename known)
2024,NCAA BIG 12,1,Texas Tech,assumed = today's name (no rename known)
2024,NCAA USA,1,Troy,assumed = today's name (no rename known)
2024,NCAA SUN BELT,3,Tulane,assumed = today's name (no rename known)
2024,NCAA SUN BELT,6,Tulsa,assumed = today's name (no rename known)
2024,NCAA HISTORICALLY BLACK,11,Tuskegee,assumed = today's name (no rename known)
2024,NCAA SUN BELT,10,UAB,assumed = today's name (no rename known)
2024,NCAA BIG EAST & CO.,9,UCF,assumed = today's name (no rename known)
2024,NCAA PAC 12,12,UCLA,assumed = today's name (no rename known)
2024,NCAA BIG EAST & CO.,5,UCONN,assumed = today's name (no rename known)
2024,NCAA WILD,12,UNC Charlotte,assumed = today's name (no rename known)
2024,NCAA MOUNTAIN WEST,11,UNLV,assumed = today's name (no rename known)
2024,NCAA PAC 12,2,USC,assumed = today's name (no rename known)
2024,NCAA BIG EAST & CO.,10,USF,assumed = today's name (no rename known)
2024,NCAA PIONEER,11,UT Martin,assumed = today's name (no rename known)
2024,NCAA PAC 12,11,Utah,assumed = today's name (no rename known)
2024,NCAA MOUNTAIN WEST,5,Utah State,assumed = today's name (no rename known)
2024,NCAA SUN BELT,2,UTEP,assumed = today's name (no rename known)
2024,NCAA SUN BELT,12,UTSA,assumed = today's name (no rename known)
2024,NCAA SEC,9,Vanderbilt,assumed = today's name (no rename known)
2024,NCAA BIG SKY,2,Villanova,assumed = today's name (no rename known)
2024,NCAA ACC,1,Virginia,assumed = today's name (no rename known)
2024,NCAA ACC,4,Virginia Tech,assumed = today's name (no rename known)
2024,NCAA ACC,6,Wake Forest,assumed = today's name (no rename known)
2024,NCAA PAC 12,6,Washington,assumed = today's name (no rename known)
2024,NCAA PAC 12,4,Washington State,assumed = today's name (no rename known)
2024,NCAA BIG SKY,9,Weber State,assumed = today's name (no rename known)
2024,NCAA BIG 12,8,West Virginia,assumed = today's name (no rename known)
2024,NCAA USA,6,Western Kentucky,assumed = today's name (no rename known)
2024,NCAA WILD,5,Wichita State,assumed = today's name (no rename known)
2024,NCAA BIG SKY,3,William & Mary,assumed = today's name (no rename known)
2024,NCAA BIG SKY,12,Youngstown State,assumed = today's name (no rename known)
2024,NCAA BIG 10,6,Wisconsin,assumed = today's name (no rename known)
2024,NCAA MOUNTAIN WEST,3,Wyoming,assumed = today's name (no rename known)
2024,NCAA IVY,9,Yale,assumed = today's name (no rename known)
2024,NCAA PIONEER,1,Wofford,assumed = today's name (no rename known)
2025,NCAA MOUNTAIN WEST,4,Air Force,assumed = today's name (no rename known)
2025,NCAA SEC,11,Alabama,assumed = today's name (no rename known)
2025,NCAA HISTORICALLY BLACK,2,Alabama A&M,assumed = today's name (no rename known)
2025,NCAA HISTORICALLY BLACK,8,Alcorn State,assumed = today's name (no rename known)
2025,NCAA PAC 12,1,Arizona,assumed = today's name (no rename known)
2025,NCAA PAC 12,7,Arizona State,assumed = today's name (no rename known)
2025,NCAA SEC,12,Arkansas,assumed = today's name (no rename known)
2025,NCAA USA,8,Arkansas State,assumed = today's name (no rename known)
2025,NCAA BIG EAST & CO.,8,Army,assumed = today's name (no rename known)
2025,NCAA SEC,4,Auburn,assumed = today's name (no rename known)
2025,NCAA PIONEER,9,Austin Peay,assumed = today's name (no rename known)
2025,NCAA BIG 12,5,Baylor,assumed = today's name (no rename known)
2025,NCAA OHIO VALLEY,1,Belmont,assumed = today's name (no rename known)
2025,NCAA HISTORICALLY BLACK,9,Bethune - Cookman,assumed = today's name (no rename known)
2025,NCAA MOUNTAIN WEST,2,Boise State,assumed = today's name (no rename known)
2025,NCAA ACC,8,Boston College,assumed = today's name (no rename known)
2025,NCAA IVY,1,Brown,assumed = today's name (no rename known)
2025,NCAA IVY,3,Bucknell,assumed = today's name (no rename known)
2025,NCAA PIONEER,4,Butler,assumed = today's name (no rename known)
2025,NCAA MOUNTAIN WEST,6,BYU,assumed = today's name (no rename known)
2025,NCAA PAC 12,10,California,assumed = today's name (no rename known)
2025,NCAA PIONEER,8,Campbell,assumed = today's name (no rename known)
2025,NCAA WILD,9,Central Arkansas,assumed = today's name (no rename known)
2025,NCAA WILD,4,Central Michigan,assumed = today's name (no rename known)
2025,NCAA OHIO VALLEY,6,Charleston Southern,assumed = today's name (no rename known)
2025,NCAA OHIO VALLEY,4,Chattanooga,assumed = today's name (no rename known)
2025,NCAA WILD,8,Citadel,assumed = today's name (no rename known)
2025,NCAA ACC,12,Clemson,assumed = today's name (no rename known)
2025,NCAA BIG EAST & CO.,6,Coastal Carolina,assumed = today's name (no rename known)
2025,NCAA IVY,8,Colgate,assumed = today's name (no rename known)
2025,NCAA PAC 12,8,Colorado,assumed = today's name (no rename known)
2025,NCAA MOUNTAIN WEST,8,Colorado State,assumed = today's name (no rename known)
2025,NCAA IVY,4,Columbia,assumed = today's name (no rename known)
2025,NCAA IVY,12,Cornell,assumed = today's name (no rename known)
2025,NCAA IVY,11,Dartmouth,assumed = today's name (no rename known)
2025,NCAA PIONEER,12,Davidson,assumed = today's name (no rename known)
2025,NCAA PIONEER,7,Dayton,assumed = today's name (no rename known)
2025,NCAA OHIO VALLEY,7,Delaware,assumed = today's name (no rename known)
2025,NCAA HISTORICALLY BLACK,3,Delaware State,assumed = today's name (no rename known)
2025,NCAA ACC,7,Duke,assumed = today's name (no rename known)
2025,NCAA OHIO VALLEY,5,Eastern Kentucky,assumed = today's name (no rename known)
2025,NCAA WILD,6,Eastern Michigan,assumed = today's name (no rename known)
2025,NCAA BIG SKY,4,Eastern Washington,assumed = today's name (no rename known)
2025,NCAA OHIO VALLEY,2,ETSU,assumed = today's name (no rename known)
2025,NCAA SEC,1,Florida,assumed = today's name (no rename known)
2025,NCAA HISTORICALLY BLACK,5,Florida A&M,assumed = today's name (no rename known)
2025,NCAA USA,3,Florida Atlantic,assumed = today's name (no rename known)
2025,NCAA USA,10,Florida International,assumed = today's name (no rename known)
2025,NCAA ACC,5,FSU,assumed = today's name (no rename known)
2025,NCAA PIONEER,10,Furman,assumed = today's name (no rename known)
2025,NCAA IVY,5,Georgetown,assumed = today's name (no rename known)
2025,NCAA SEC,7,Georgia,assumed = today's name (no rename known)
2025,NCAA SUN BELT,7,Georgia Southern,assumed = today's name (no rename known)
2025,NCAA USA,5,Georgia State,assumed = today's name (no rename known)
2025,NCAA ACC,3,Georgia Tech,assumed = today's name (no rename known)
2025,NCAA HISTORICALLY BLACK,12,Grambling State,assumed = today's name (no rename known)
2025,NCAA IVY,2,Harvard,assumed = today's name (no rename known)
2025,NCAA MOUNTAIN WEST,1,Hawaii,assumed = today's name (no rename known)
2025,NCAA PIONEER,2,Holy Cross,assumed = today's name (no rename known)
2025,NCAA HISTORICALLY BLACK,6,Howard,assumed = today's name (no rename known)
2025,NCAA MOUNTAIN WEST,7,Idaho,verified by score match (TeamAliases 2022-2025)
2025,NCAA BIG 10,10,Illinois,assumed = today's name (no rename known)
2025,NCAA BIG 10,8,Indiana,assumed = today's name (no rename known)
2025,NCAA BIG 10,11,Iowa,assumed = today's name (no rename known)
2025,NCAA BIG 12,2,Iowa State,assumed = today's name (no rename known)
2025,NCAA HISTORICALLY BLACK,10,Jackson State,assumed = today's name (no rename known)
2025,NCAA OHIO VALLEY,9,Jacksonville State,assumed = today's name (no rename known)
2025,NCAA WILD,2,James Madison,assumed = today's name (no rename known)
2025,NCAA BIG 12,10,Kansas,assumed = today's name (no rename known)
2025,NCAA BIG 12,7,Kansas State,assumed = today's name (no rename known)
2025,NCAA OHIO VALLEY,3,Kennesaw State,assumed = today's name (no rename known)
2025,NCAA SEC,8,Kentucky,assumed = today's name (no rename known)
2025,NCAA IVY,6,Lehigh,assumed = today's name (no rename known)
2025,NCAA USA,11,Louisiana,assumed = today's name (no rename known)
2025,NCAA USA,12,Louisiana Monroe,assumed = today's name (no rename known)
2025,NCAA SUN BELT,11,Louisiana Tech,assumed = today's name (no rename known)
2025,NCAA ACC,11,Louisville,assumed = today's name (no rename known)
2025,NCAA SEC,2,LSU,assumed = today's name (no rename known)
2025,NCAA BIG SKY,11,Maine,assumed = today's name (no rename known)
2025,NCAA SUN BELT,5,Marshall,assumed = today's name (no rename known)
2025,NCAA BIG EAST & CO.,2,Maryland,assumed = today's name (no rename known)
2025,NCAA SUN BELT,8,Memphis,assumed = today's name (no rename known)
2025,NCAA ACC,9,Miami,assumed = today's name (no rename known)
2025,NCAA BIG 10,12,Michigan,assumed = today's name (no rename known)
2025,NCAA BIG 10,4,Michigan State,assumed = today's name (no rename known)
2025,NCAA USA,7,Middle Tennessee State,assumed = today's name (no rename known)
2025,NCAA BIG 10,7,Minnesota,assumed = today's name (no rename known)
2025,NCAA SEC,6,Mississippi State,assumed = today's name (no rename known)
2025,NCAA HISTORICALLY BLACK,7,Mississippi Valley State,assumed = today's name (no rename known)
2025,NCAA BIG 12,3,Missouri,assumed = today's name (no rename known)
2025,NCAA OHIO VALLEY,10,Monmouth,assumed = today's name (no rename known)
2025,NCAA WILD,1,Montana,assumed = today's name (no rename known)
2025,NCAA BIG SKY,6,Montana State,assumed = today's name (no rename known)
2025,NCAA OHIO VALLEY,8,Morehead State,assumed = today's name (no rename known)
2025,NCAA PIONEER,3,Murray State,assumed = today's name (no rename known)
2025,NCAA BIG EAST & CO.,11,Navy,assumed = today's name (no rename known)
2025,NCAA ACC,10,NC State,assumed = today's name (no rename known)
2025,NCAA BIG 10,2,Nebraska,assumed = today's name (no rename known)
2025,NCAA MOUNTAIN WEST,10,Nevada,assumed = today's name (no rename known)
2025,NCAA MOUNTAIN WEST,9,New Mexico,assumed = today's name (no rename known)
2025,NCAA OHIO VALLEY,11,North Alabama,assumed = today's name (no rename known)
2025,NCAA ACC,2,North Carolina,assumed = today's name (no rename known)
2025,NCAA HISTORICALLY BLACK,1,North Carolina A&T,assumed = today's name (no rename known)
2025,NCAA OHIO VALLEY,12,North Carolina Central,assumed = today's name (no rename known)
2025,NCAA WILD,3,North Dakota State,assumed = today's name (no rename known)
2025,NCAA USA,2,North Texas,assumed = today's name (no rename known)
2025,NCAA BIG SKY,10,Northern Iowa,assumed = today's name (no rename known)
2025,NCAA BIG 10,3,Northwestern,assumed = today's name (no rename known)
2025,NCAA BIG EAST & CO.,12,Notre Dame,assumed = today's name (no rename known)
2025,NCAA BIG 10,9,Ohio State,assumed = today's name (no rename known)
2025,NCAA BIG 12,9,Oklahoma,assumed = today's name (no rename known)
2025,NCAA BIG 12,12,Oklahoma State,assumed = today's name (no rename known)
2025,NCAA WILD,10,Old Dominion,assumed = today's name (no rename known)
2025,NCAA SEC,5,Ole Miss,assumed = today's name (no rename known)
2025,NCAA PAC 12,9,Oregon,assumed = today's name (no rename known)
2025,NCAA PAC 12,3,Oregon State,assumed = today's name (no rename known)
2025,NCAA IVY,7,Penn,assumed = today's name (no rename known)
2025,NCAA BIG 10,5,Penn State,assumed = today's name (no rename known)
2025,NCAA BIG EAST & CO.,4,Pittsburgh,assumed = today's name (no rename known)
2025,NCAA BIG SKY,8,Portland State,assumed = today's name (no rename known)
2025,NCAA IVY,10,Princeton,assumed = today's name (no rename known)
2025,NCAA BIG 10,1,Purdue,assumed = today's name (no rename known)
2025,NCAA BIG SKY,1,Rhode Island,assumed = today's name (no rename known)
2025,NCAA SUN BELT,4,Rice,assumed = today's name (no rename known)
2025,NCAA BIG SKY,7,Richmond,assumed = today's name (no rename known)
2025,NCAA BIG EAST & CO.,1,Rutgers,assumed = today's name (no rename known)
2025,NCAA MOUNTAIN WEST,12,San Diego State,assumed = today's name (no rename known)
2025,NCAA WILD,7,San Jose State,assumed = today's name (no rename known)
2025,NCAA PIONEER,6,SE Missouri State,assumed = today's name (no rename known)
2025,NCAA USA,4,South Alabama,assumed = today's name (no rename known)
2025,NCAA SEC,10,South Carolina,assumed = today's name (no rename known)
2025,NCAA WILD,11,South Dakota,assumed = today's name (no rename known)
2025,NCAA BIG EAST & CO.,3,South Dakota State,assumed = today's name (no rename known)
2025,NCAA HISTORICALLY BLACK,4,Southern,assumed = today's name (no rename known)
2025,NCAA SUN BELT,9,Southern Miss,assumed = today's name (no rename known)
2025,NCAA PAC 12,5,Stanford,assumed = today's name (no rename known)
2025,NCAA BIG SKY,5,Stony Brook,assumed = today's name (no rename known)
2025,NCAA BIG EAST & CO.,7,Syracuse,assumed = today's name (no rename known)
2025,NCAA BIG 12,11,TCU,assumed = today's name (no rename known)
2025,NCAA SUN BELT,1,Temple,assumed = today's name (no rename known)
2025,NCAA SEC,3,Tennessee,assumed = today's name (no rename known)
2025,NCAA PIONEER,5,Tennessee State,assumed = today's name (no rename known)
2025,NCAA BIG 12,6,Texas,assumed = today's name (no rename known)
2025,NCAA BIG 12,4,Texas A&M,assumed = today's name (no rename known)
2025,NCAA USA,9,Texas State,assumed = today's name (no rename known)
2025,NCAA BIG 12,1,Texas Tech,assumed = today's name (no rename known)
2025,NCAA USA,1,Troy,assumed = today's name (no rename known)
2025,NCAA SUN BELT,3,Tulane,assumed = today's name (no rename known)
2025,NCAA SUN BELT,6,Tulsa,assumed = today's name (no rename known)
2025,NCAA HISTORICALLY BLACK,11,Tuskegee,assumed = today's name (no rename known)
2025,NCAA SUN BELT,10,UAB,assumed = today's name (no rename known)
2025,NCAA BIG EAST & CO.,9,UCF,assumed = today's name (no rename known)
2025,NCAA PAC 12,12,UCLA,assumed = today's name (no rename known)
2025,NCAA BIG EAST & CO.,5,UCONN,assumed = today's name (no rename known)
2025,NCAA WILD,12,UNC Charlotte,assumed = today's name (no rename known)
2025,NCAA MOUNTAIN WEST,11,UNLV,assumed = today's name (no rename known)
2025,NCAA PAC 12,2,USC,assumed = today's name (no rename known)
2025,NCAA BIG EAST & CO.,10,USF,assumed = today's name (no rename known)
2025,NCAA PIONEER,11,UT Martin,assumed = today's name (no rename known)
2025,NCAA PAC 12,11,Utah,assumed = today's name (no rename known)
2025,NCAA MOUNTAIN WEST,5,Utah State,assumed = today's name (no rename known)
2025,NCAA SUN BELT,2,UTEP,assumed = today's name (no rename known)
2025,NCAA SUN BELT,12,UTSA,assumed = today's name (no rename known)
2025,NCAA SEC,9,Vanderbilt,assumed = today's name (no rename known)
2025,NCAA BIG SKY,2,Villanova,assumed = today's name (no rename known)
2025,NCAA ACC,1,Virginia,assumed = today's name (no rename known)
2025,NCAA ACC,4,Virginia Tech,assumed = today's name (no rename known)
2025,NCAA ACC,6,Wake Forest,assumed = today's name (no rename known)
2025,NCAA PAC 12,6,Washington,assumed = today's name (no rename known)
2025,NCAA PAC 12,4,Washington State,assumed = today's name (no rename known)
2025,NCAA BIG SKY,9,Weber State,assumed = today's name (no rename known)
2025,NCAA BIG 12,8,West Virginia,assumed = today's name (no rename known)
2025,NCAA USA,6,Western Kentucky,assumed = today's name (no rename known)
2025,NCAA WILD,5,Wichita State,assumed = today's name (no rename known)
2025,NCAA BIG SKY,3,William & Mary,assumed = today's name (no rename known)
2025,NCAA BIG SKY,12,Youngstown State,assumed = today's name (no rename known)
2025,NCAA BIG 10,6,Wisconsin,assumed = today's name (no rename known)
2025,NCAA MOUNTAIN WEST,3,Wyoming,assumed = today's name (no rename known)
2025,NCAA IVY,9,Yale,assumed = today's name (no rename known)
2025,NCAA PIONEER,1,Wofford,assumed = today's name (no rename known)
