Year,LeagueID,LeagueName,Week,RosterID,ProjectedPts
2026,1331775206619885568,NCAA BIG EAST & CO.,1,1,128.41
2026,1331775206619885568,NCAA BIG EAST & CO.,1,2,94.72
2026,1331775206619885568,NCAA BIG EAST & CO.,1,3,117.2
2026,1331775206619885568,NCAA BIG EAST & CO.,1,4,148.06
2026,1331775206619885568,NCAA BIG EAST & CO.,1,5,134.12
2026,1331775206619885568,NCAA BIG EAST & CO.,1,6,150.59
2026,1331775206619885568,NCAA BIG EAST & CO.,1,7,162.27
2026,1331775206619885568,NCAA BIG EAST & CO.,1,8,124.82
2026,1331775206619885568,NCAA BIG EAST & CO.,1,9,135.96
2026,1331775206619885568,NCAA BIG EAST & CO.,1,10,117.47
2026,1331775206619885568,NCAA BIG EAST & CO.,1,11,125.64
2026,1331775206619885568,NCAA BIG EAST & CO.,1,12,133.66
2026,1331775170712444928,NCAA SEC,1,1,118.12
2026,1331775170712444928,NCAA SEC,1,2,147.13
2026,1331775170712444928,NCAA SEC,1,3,119.78
2026,1331775170712444928,NCAA SEC,1,4,142.77
2026,1331775170712444928,NCAA SEC,1,5,109.51
2026,1331775170712444928,NCAA SEC,1,6,162.19
2026,1331775170712444928,NCAA SEC,1,7,123.34
2026,1331775170712444928,NCAA SEC,1,8,145.4
2026,1331775170712444928,NCAA SEC,1,9,109.98
2026,1331775170712444928,NCAA SEC,1,10,130.6
2026,1331775170712444928,NCAA SEC,1,11,119.3
2026,1331775170712444928,NCAA SEC,1,12,137.82
2026,1331775106527006720,NCAA PAC 12,1,1,102.31
2026,1331775106527006720,NCAA PAC 12,1,2,134.02
2026,1331775106527006720,NCAA PAC 12,1,3,123.9
2026,1331775106527006720,NCAA PAC 12,1,4,153.64
2026,1331775106527006720,NCAA PAC 12,1,5,139.05
2026,1331775106527006720,NCAA PAC 12,1,6,126.36
2026,1331775106527006720,NCAA PAC 12,1,7,163.89
2026,1331775106527006720,NCAA PAC 12,1,8,141.05
2026,1331775106527006720,NCAA PAC 12,1,9,100.89
2026,1331775106527006720,NCAA PAC 12,1,10,84.58
2026,1331775106527006720,NCAA PAC 12,1,11,137.82
2026,1331775106527006720,NCAA PAC 12,1,12,151.89
2026,1331774915392577536,NCAA ACC,1,1,144.91
2026,1331774915392577536,NCAA ACC,1,2,126.11
2026,1331774915392577536,NCAA ACC,1,3,127.29
2026,1331774915392577536,NCAA ACC,1,4,129.06
2026,1331774915392577536,NCAA ACC,1,5,139.98
2026,1331774915392577536,NCAA ACC,1,6,131.66
2026,1331774915392577536,NCAA ACC,1,7,153.44
2026,1331774915392577536,NCAA ACC,1,8,141.28
2026,1331774915392577536,NCAA ACC,1,9,115.79
2026,1331774915392577536,NCAA ACC,1,10,149.13
2026,1331774915392577536,NCAA ACC,1,11,128.16
2026,1331774915392577536,NCAA ACC,1,12,156.47
2026,1331774880181399552,NCAA BIG 12,1,1,134.25
2026,1331774880181399552,NCAA BIG 12,1,2,106.63
2026,1331774880181399552,NCAA BIG 12,1,3,133.19
2026,1331774880181399552,NCAA BIG 12,1,4,152.76
2026,1331774880181399552,NCAA BIG 12,1,5,169.89
2026,1331774880181399552,NCAA BIG 12,1,6,112.61
2026,1331774880181399552,NCAA BIG 12,1,7,149.97
2026,1331774880181399552,NCAA BIG 12,1,8,127.24
2026,1331774880181399552,NCAA BIG 12,1,9,121.8
2026,1331774880181399552,NCAA BIG 12,1,10,100.53
2026,1331774880181399552,NCAA BIG 12,1,11,144.64
2026,1331774880181399552,NCAA BIG 12,1,12,129.41
2026,1331774846710849536,NCAA SUN BELT,1,1,155.23
2026,1331774846710849536,NCAA SUN BELT,1,2,111.81
2026,1331774846710849536,NCAA SUN BELT,1,3,127.04
2026,1331774846710849536,NCAA SUN BELT,1,4,110.4
2026,1331774846710849536,NCAA SUN BELT,1,5,143.4
2026,1331774846710849536,NCAA SUN BELT,1,6,131.98
2026,1331774846710849536,NCAA SUN BELT,1,7,142.73
2026,1331774846710849536,NCAA SUN BELT,1,8,155.46
2026,1331774846710849536,NCAA SUN BELT,1,9,134.5
2026,1331774846710849536,NCAA SUN BELT,1,10,94.44
2026,1331774846710849536,NCAA SUN BELT,1,11,132.21
2026,1331774846710849536,NCAA SUN BELT,1,12,124.99
2026,1331774804222545920,NCAA PIONEER,1,1,129.92
2026,1331774804222545920,NCAA PIONEER,1,2,137.49
2026,1331774804222545920,NCAA PIONEER,1,3,139.19
2026,1331774804222545920,NCAA PIONEER,1,4,134.09
2026,1331774804222545920,NCAA PIONEER,1,5,94.28
2026,1331774804222545920,NCAA PIONEER,1,6,135.97
2026,1331774804222545920,NCAA PIONEER,1,7,119.65
2026,1331774804222545920,NCAA PIONEER,1,8,149.63
2026,1331774804222545920,NCAA PIONEER,1,9,138.54
2026,1331774804222545920,NCAA PIONEER,1,10,136.99
2026,1331774804222545920,NCAA PIONEER,1,11,157.74
2026,1331774804222545920,NCAA PIONEER,1,12,120.11
2026,1331774741488369664,NCAA IVY,1,1,142.99
2026,1331774741488369664,NCAA IVY,1,2,120.32
2026,1331774741488369664,NCAA IVY,1,3,131.35
2026,1331774741488369664,NCAA IVY,1,4,133.8
2026,1331774741488369664,NCAA IVY,1,5,154.55
2026,1331774741488369664,NCAA IVY,1,6,130.93
2026,1331774741488369664,NCAA IVY,1,7,111.89
2026,1331774741488369664,NCAA IVY,1,8,128.88
2026,1331774741488369664,NCAA IVY,1,9,145.38
2026,1331774741488369664,NCAA IVY,1,10,125.94
2026,1331774741488369664,NCAA IVY,1,11,144.98
2026,1331774741488369664,NCAA IVY,1,12,143.49
2026,1331774695346823168,NCAA USA,1,1,148.07
2026,1331774695346823168,NCAA USA,1,2,140.17
2026,1331774695346823168,NCAA USA,1,3,146.77
2026,1331774695346823168,NCAA USA,1,4,137.3
2026,1331774695346823168,NCAA USA,1,5,143.99
2026,1331774695346823168,NCAA USA,1,6,134.87
2026,1331774695346823168,NCAA USA,1,7,145.49
2026,1331774695346823168,NCAA USA,1,8,133.51
2026,1331774695346823168,NCAA USA,1,9,125.09
2026,1331774695346823168,NCAA USA,1,10,127.66
2026,1331774695346823168,NCAA USA,1,11,121.58
2026,1331774695346823168,NCAA USA,1,12,89.04
2026,1331774630620332032,NCAA HISTORICALLY BLACK,1,1,139.45
2026,1331774630620332032,NCAA HISTORICALLY BLACK,1,2,104.92
2026,1331774630620332032,NCAA HISTORICALLY BLACK,1,3,136.51
2026,1331774630620332032,NCAA HISTORICALLY BLACK,1,4,129.41
2026,1331774630620332032,NCAA HISTORICALLY BLACK,1,5,145.63
2026,1331774630620332032,NCAA HISTORICALLY BLACK,1,6,124.64
2026,1331774630620332032,NCAA HISTORICALLY BLACK,1,7,122.79
2026,1331774630620332032,NCAA HISTORICALLY BLACK,1,8,153.15
2026,1331774630620332032,NCAA HISTORICALLY BLACK,1,9,126.13
2026,1331774630620332032,NCAA HISTORICALLY BLACK,1,10,127.0
2026,1331774630620332032,NCAA HISTORICALLY BLACK,1,11,135.81
2026,1331774630620332032,NCAA HISTORICALLY BLACK,1,12,134.8
2026,1331774599196585984,NCAA MOUNTAIN WEST,1,1,156.87
2026,1331774599196585984,NCAA MOUNTAIN WEST,1,2,124.42
2026,1331774599196585984,NCAA MOUNTAIN WEST,1,3,130.99
2026,1331774599196585984,NCAA MOUNTAIN WEST,1,4,70.01
2026,1331774599196585984,NCAA MOUNTAIN WEST,1,5,116.15
2026,1331774599196585984,NCAA MOUNTAIN WEST,1,6,148.29
2026,1331774599196585984,NCAA MOUNTAIN WEST,1,7,129.3
2026,1331774599196585984,NCAA MOUNTAIN WEST,1,8,139.71
2026,1331774599196585984,NCAA MOUNTAIN WEST,1,9,142.43
2026,1331774599196585984,NCAA MOUNTAIN WEST,1,10,134.59
2026,1331774599196585984,NCAA MOUNTAIN WEST,1,11,137.34
2026,1331774599196585984,NCAA MOUNTAIN WEST,1,12,145.98
2026,1331774544905510912,NCAA OHIO VALLEY,1,1,127.84
2026,1331774544905510912,NCAA OHIO VALLEY,1,2,140.51
2026,1331774544905510912,NCAA OHIO VALLEY,1,3,107.06
2026,1331774544905510912,NCAA OHIO VALLEY,1,4,153.01
2026,1331774544905510912,NCAA OHIO VALLEY,1,5,139.89
2026,1331774544905510912,NCAA OHIO VALLEY,1,6,127.53
2026,1331774544905510912,NCAA OHIO VALLEY,1,7,138.85
2026,1331774544905510912,NCAA OHIO VALLEY,1,8,117.86
2026,1331774544905510912,NCAA OHIO VALLEY,1,9,124.64
2026,1331774544905510912,NCAA OHIO VALLEY,1,10,132.27
2026,1331774544905510912,NCAA OHIO VALLEY,1,11,149.41
2026,1331774544905510912,NCAA OHIO VALLEY,1,12,145.4
2026,1331774454493122560,NCAA WILD,1,1,161.73
2026,1331774454493122560,NCAA WILD,1,2,143.42
2026,1331774454493122560,NCAA WILD,1,3,128.32
2026,1331774454493122560,NCAA WILD,1,4,80.73
2026,1331774454493122560,NCAA WILD,1,5,131.7
2026,1331774454493122560,NCAA WILD,1,6,131.74
2026,1331774454493122560,NCAA WILD,1,7,107.17
2026,1331774454493122560,NCAA WILD,1,8,130.58
2026,1331774454493122560,NCAA WILD,1,9,99.16
2026,1331774454493122560,NCAA WILD,1,10,166.94
2026,1331774454493122560,NCAA WILD,1,11,128.94
2026,1331774454493122560,NCAA WILD,1,12,139.34
2026,1316899936696016896,NCAA BIG 10,1,1,136.92
2026,1316899936696016896,NCAA BIG 10,1,2,151.24
2026,1316899936696016896,NCAA BIG 10,1,3,98.15
2026,1316899936696016896,NCAA BIG 10,1,4,117.65
2026,1316899936696016896,NCAA BIG 10,1,5,129.81
2026,1316899936696016896,NCAA BIG 10,1,6,127.03
2026,1316899936696016896,NCAA BIG 10,1,7,165.67
2026,1316899936696016896,NCAA BIG 10,1,8,113.81
2026,1316899936696016896,NCAA BIG 10,1,9,126.28
2026,1316899936696016896,NCAA BIG 10,1,10,131.0
2026,1316899936696016896,NCAA BIG 10,1,11,148.2
2026,1316899936696016896,NCAA BIG 10,1,12,148.05
2026,1316899756005412864,NCAA BIG SKY,1,1,142.03
2026,1316899756005412864,NCAA BIG SKY,1,2,129.72
2026,1316899756005412864,NCAA BIG SKY,1,3,157.62
2026,1316899756005412864,NCAA BIG SKY,1,4,112.95
2026,1316899756005412864,NCAA BIG SKY,1,5,120.38
2026,1316899756005412864,NCAA BIG SKY,1,6,153.07
2026,1316899756005412864,NCAA BIG SKY,1,7,135.56
2026,1316899756005412864,NCAA BIG SKY,1,8,164.55
2026,1316899756005412864,NCAA BIG SKY,1,9,70.93
2026,1316899756005412864,NCAA BIG SKY,1,10,67.84
2026,1316899756005412864,NCAA BIG SKY,1,11,108.94
2026,1316899756005412864,NCAA BIG SKY,1,12,156.73
