LeagueID,LeagueName,DraftID,Status,Type,Season,Rounds,Teams
455862950553448448,NCAA ACC,455862953845977088,complete,snake,2019,35,12
460505297153159168,NCAA AMERICAN,460505298944126976,complete,snake,2019,35,12
460505110800232448,NCAA BIG 10,463409723719282688,complete,snake,2019,4,12
460505110800232448,NCAA BIG 10,460505112721223680,pre_draft,snake,2019,35,12
471499316175826944,NCAA BIG 12,457607793864601600,complete,snake,2019,35,12
455834597620445184,NCAA BIG EAST & CO.,455834605019197440,complete,snake,2019,35,12
462453135504306176,NCAA IVY,462453137395937280,complete,snake,2019,35,12
462407211507773440,NCAA MOUNTAIN WEST,462407213411987456,complete,snake,2019,35,12
460504411332931584,NCAA PAC 12 ,461357949516771328,complete,snake,2019,4,12
460504411332931584,NCAA PAC 12 ,461357471546470400,pre_draft,snake,2019,4,12
460504411332931584,NCAA PAC 12 ,461355545568210944,pre_draft,snake,2019,4,12
460504411332931584,NCAA PAC 12 ,460891925751263232,complete,snake,2019,31,12
460504411332931584,NCAA PAC 12 ,460891903353679872,pre_draft,snake,2019,31,12
460504411332931584,NCAA PAC 12 ,460504413044207616,complete,snake,2019,31,12
460505032731652096,NCAA SEC,460505033973166080,complete,snake,2019,35,12
462407340038025216,NCAA SUN BELT,462407342659465216,complete,snake,2019,35,12
462453279037583360,NCAA WILD,462453280534949888,complete,snake,2019,35,12
520082008453632000,NCAA ACC,520082008453632001,complete,snake,2020,4,12
519114104323002368,NCAA BIG 10,519114104323002369,complete,snake,2020,4,12
520086664899657728,NCAA BIG 12,520086664899657729,complete,snake,2020,4,12
519112273652240384,NCAA BIG EAST & CO.,521263229314908160,complete,snake,2020,4,12
519112273652240384,NCAA BIG EAST & CO.,519112273652240385,complete,snake,2020,4,12
519431936523956224,NCAA BIG SKY,519431938217299968,complete,snake,2020,40,12
519412020617998336,NCAA HISTORICALLY BLACK,519412022362828800,complete,snake,2020,40,12
519109907858935808,NCAA IVY,519109907858935809,complete,snake,2020,4,12
519113931987255296,NCAA MOUNTAIN WEST,519113931987255297,complete,snake,2020,4,12
519108145819570176,NCAA PAC 12,519235211462332416,complete,snake,2020,4,12
519108145819570176,NCAA PAC 12,519108145819570177,complete,snake,2020,4,12
519446956439826432,NCAA PIONEER,519446958686818304,complete,snake,2020,40,12
520081942477230080,NCAA SEC,520081942477230081,complete,snake,2020,4,12
552229388243996672,NCAA SOUTHLAND,552229390069239808,complete,snake,2020,40,12
519113796658036736,NCAA SUN BELT,519113796658036737,complete,snake,2020,4,12
519398167841558528,NCAA USA,519398170051956736,complete,snake,2020,40,12
519112491566792704,NCAA WILD,521262380688863232,complete,snake,2020,4,12
519112491566792704,NCAA WILD,519112491566792705,complete,snake,2020,4,12
