Year,LeagueID,LeagueName,Division1,Division2,RosterPositions,PreviousLeagueID,TotalRosters,Status,FoundBy
2019,455862950553448448,NCAA ACC,ATLANTIC,COASTAL,"QB,RB,RB,WR,WR,WR,TE,FLEX,FLEX,K,DEF,BN,BN,BN,BN,BN,BN,BN,BN,BN,BN,BN,BN,BN,BN,BN,BN,BN,BN,BN,BN,BN,BN,BN,BN",,12,complete,previous_league_id of NCAA ACC 2020
2019,460505297153159168,NCAA AMERICAN,EAST,MIDWEST,"QB,RB,RB,WR,WR,WR,TE,FLEX,FLEX,K,DEF,BN,BN,BN,BN,BN,BN,BN,BN,BN,BN,BN,BN,BN,BN,BN,BN,BN,BN,BN,BN,BN,BN,BN,BN",,12,complete,member search (user 460383495076704256)
2019,460505110800232448,NCAA BIG 10,EAST,WEST,"QB,RB,RB,WR,WR,WR,TE,FLEX,FLEX,K,DEF,BN,BN,BN,BN,BN,BN,BN,BN,BN,BN,BN,BN,BN,BN,BN,BN,BN,BN,BN,BN,BN,BN,BN,BN",0,12,complete,previous_league_id of NCAA BIG 10 2020
2019,471499316175826944,NCAA BIG 12,HEAT,WIND,"QB,RB,RB,WR,WR,WR,TE,FLEX,FLEX,K,DEF,BN,BN,BN,BN,BN,BN,BN,BN,BN,BN,BN,BN,BN,BN,BN,BN,BN,BN,BN,BN,BN,BN,BN,BN",,12,complete,previous_league_id of NCAA BIG 12 2020
2019,455834597620445184,NCAA BIG EAST & CO.,MIDEAST,NORTHEAST,"QB,RB,RB,WR,WR,WR,TE,FLEX,FLEX,K,DEF,BN,BN,BN,BN,BN,BN,BN,BN,BN,BN,BN,BN,BN,BN,BN,BN,BN,BN,BN,BN,BN,BN,BN,BN",,12,complete,previous_league_id of NCAA BIG EAST & CO. 2020
2019,462453135504306176,NCAA IVY,RICH,SMART,"QB,RB,RB,WR,WR,WR,TE,FLEX,FLEX,K,DEF,BN,BN,BN,BN,BN,BN,BN,BN,BN,BN,BN,BN,BN,BN,BN,BN,BN,BN,BN,BN,BN,BN,BN,BN",,12,complete,previous_league_id of NCAA IVY 2020
2019,462407211507773440,NCAA MOUNTAIN WEST,SAINT,SIN,"QB,RB,RB,WR,WR,WR,TE,FLEX,FLEX,K,DEF,BN,BN,BN,BN,BN,BN,BN,BN,BN,BN,BN,BN,BN,BN,BN,BN,BN,BN,BN,BN,BN,BN,BN,BN",,12,complete,previous_league_id of NCAA MOUNTAIN WEST 2020
2019,460504411332931584,NCAA PAC 12 ,NORTH,SOUTH,"QB,RB,RB,WR,WR,WR,TE,FLEX,FLEX,K,DEF,BN,BN,BN,BN,BN,BN,BN,BN,BN,BN,BN,BN,BN,BN,BN,BN,BN,BN,BN,BN,BN,BN,BN,BN",0,12,complete,previous_league_id of NCAA PAC 12 2020
2019,460505032731652096,NCAA SEC,EAST,WEST,"QB,RB,RB,WR,WR,WR,TE,FLEX,FLEX,K,DEF,BN,BN,BN,BN,BN,BN,BN,BN,BN,BN,BN,BN,BN,BN,BN,BN,BN,BN,BN,BN,BN,BN,BN,BN",,12,complete,previous_league_id of NCAA SEC 2020
2019,462407340038025216,NCAA SUN BELT,BIBLE,REBEL,"QB,RB,RB,WR,WR,WR,TE,FLEX,FLEX,K,DEF,BN,BN,BN,BN,BN,BN,BN,BN,BN,BN,BN,BN,BN,BN,BN,BN,BN,BN,BN,BN,BN,BN,BN,BN",,12,complete,previous_league_id of NCAA SUN BELT 2020
2019,462453279037583360,NCAA WILD,PLAINS,VALLEY,"QB,RB,RB,WR,WR,WR,TE,FLEX,FLEX,K,DEF,BN,BN,BN,BN,BN,BN,BN,BN,BN,BN,BN,BN,BN,BN,BN,BN,BN,BN,BN,BN,BN,BN,BN,BN",,12,complete,previous_league_id of NCAA WILD 2020
2020,520082008453632000,NCAA ACC,ATLANTIC,COASTAL,"QB,RB,RB,WR,WR,WR,TE,FLEX,FLEX,K,DEF,BN,BN,BN,BN,BN,BN,BN,BN,BN,BN,BN,BN,BN,BN,BN,BN,BN,BN,BN,BN,BN,BN,BN,BN,BN,BN,BN,BN,BN",455862950553448448,12,complete,previous_league_id of NCAA ACC 2021
2020,519114104323002368,NCAA BIG 10,EAST,WEST,"QB,RB,RB,WR,WR,WR,TE,FLEX,FLEX,K,DEF,BN,BN,BN,BN,BN,BN,BN,BN,BN,BN,BN,BN,BN,BN,BN,BN,BN,BN,BN,BN,BN,BN,BN,BN,BN,BN,BN,BN,BN,BN",460505110800232448,12,complete,previous_league_id of NCAA BIG 10 2021
2020,520086664899657728,NCAA BIG 12,HEAT,WIND,"QB,RB,RB,WR,WR,WR,TE,FLEX,FLEX,K,DEF,BN,BN,BN,BN,BN,BN,BN,BN,BN,BN,BN,BN,BN,BN,BN,BN,BN,BN,BN,BN,BN,BN,BN,BN,BN,BN,BN,BN,BN",471499316175826944,12,complete,previous_league_id of NCAA BIG 12 2021
2020,519112273652240384,NCAA BIG EAST & CO.,MIDEAST,NORTHEAST,"QB,RB,RB,WR,WR,WR,TE,FLEX,FLEX,K,DEF,BN,BN,BN,BN,BN,BN,BN,BN,BN,BN,BN,BN,BN,BN,BN,BN,BN,BN,BN,BN,BN,BN,BN,BN,BN,BN,BN,BN,BN,BN",455834597620445184,12,complete,previous_league_id of NCAA BIG EAST & CO. 2021
2020,519431936523956224,NCAA BIG SKY,Frontier,Colonies,"QB,RB,RB,WR,WR,WR,TE,FLEX,FLEX,K,DEF,BN,BN,BN,BN,BN,BN,BN,BN,BN,BN,BN,BN,BN,BN,BN,BN,BN,BN,BN,BN,BN,BN,BN,BN,BN,BN,BN,BN,BN,BN",,12,complete,previous_league_id of NCAA BIG SKY 2021
2020,519412020617998336,NCAA HISTORICALLY BLACK,Mississippi River,Hurricane,"QB,RB,RB,WR,WR,WR,TE,FLEX,FLEX,K,DEF,BN,BN,BN,BN,BN,BN,BN,BN,BN,BN,BN,BN,BN,BN,BN,BN,BN,BN,BN,BN,BN,BN,BN,BN,BN,BN,BN,BN,BN",,12,complete,previous_league_id of NCAA HISTORICALLY BLACK 2021
2020,519109907858935808,NCAA IVY,RICH,SMART,"QB,RB,RB,WR,WR,WR,TE,FLEX,FLEX,K,DEF,BN,BN,BN,BN,BN,BN,BN,BN,BN,BN,BN,BN,BN,BN,BN,BN,BN,BN,BN,BN,BN,BN,BN,BN,BN,BN,BN,BN,BN",462453135504306176,12,complete,previous_league_id of NCAA IVY 2021
2020,519113931987255296,NCAA MOUNTAIN WEST,SAINT,SIN,"QB,RB,RB,WR,WR,WR,TE,FLEX,FLEX,K,DEF,BN,BN,BN,BN,BN,BN,BN,BN,BN,BN,BN,BN,BN,BN,BN,BN,BN,BN,BN,BN,BN,BN,BN,BN,BN,BN,BN,BN,BN",462407211507773440,12,complete,previous_league_id of NCAA MOUNTAIN WEST 2021
2020,519108145819570176,NCAA PAC 12,NORTH,SOUTH,"QB,RB,RB,WR,WR,WR,TE,FLEX,FLEX,K,DEF,BN,BN,BN,BN,BN,BN,BN,BN,BN,BN,BN,BN,BN,BN,BN,BN,BN,BN,BN,BN,BN,BN,BN,BN,BN,BN,BN,BN,BN",460504411332931584,12,complete,previous_league_id of NCAA PAC 12 2021
2020,519446956439826432,NCAA PIONEER,PATRIOT,FREEDOM,"QB,RB,RB,WR,WR,WR,TE,FLEX,FLEX,K,DEF,BN,BN,BN,BN,BN,BN,BN,BN,BN,BN,BN,BN,BN,BN,BN,BN,BN,BN,BN,BN,BN,BN,BN,BN,BN,BN,BN,BN,BN",,12,complete,previous_league_id of NCAA PIONEER 2021
2020,520081942477230080,NCAA SEC,EAST,WEST,"QB,RB,RB,WR,WR,WR,TE,FLEX,FLEX,K,DEF,BN,BN,BN,BN,BN,BN,BN,BN,BN,BN,BN,BN,BN,BN,BN,BN,BN,BN,BN,BN,BN,BN,BN,BN,BN,BN,BN,BN,BN",460505032731652096,12,complete,previous_league_id of NCAA SEC 2021
2020,552229388243996672,NCAA SOUTHLAND,DESERT,MARSH,"QB,RB,RB,WR,WR,WR,TE,FLEX,FLEX,K,DEF,BN,BN,BN,BN,BN,BN,BN,BN,BN,BN,BN,BN,BN,BN,BN,BN,BN,BN,BN,BN,BN,BN,BN,BN,BN,BN,BN,BN,BN",,12,complete,member search (user 460518714907815936)
2020,519113796658036736,NCAA SUN BELT,BIBLE,REBEL,"QB,RB,RB,WR,WR,WR,TE,FLEX,FLEX,K,DEF,BN,BN,BN,BN,BN,BN,BN,BN,BN,BN,BN,BN,BN,BN,BN,BN,BN,BN,BN,BN,BN,BN,BN,BN,BN,BN,BN,BN,BN",462407340038025216,12,complete,previous_league_id of NCAA SUN BELT 2021
2020,519398167841558528,NCAA USA,GULF,TWISTER,"QB,RB,RB,WR,WR,WR,TE,FLEX,FLEX,K,DEF,BN,BN,BN,BN,BN,BN,BN,BN,BN,BN,BN,BN,BN,BN,BN,BN,BN,BN,BN,BN,BN,BN,BN,BN,BN,BN,BN,BN,BN,BN",,12,complete,previous_league_id of NCAA USA 2021
2020,519112491566792704,NCAA WILD,PLAINS,VALLEY,"QB,RB,RB,WR,WR,WR,TE,FLEX,FLEX,K,DEF,BN,BN,BN,BN,BN,BN,BN,BN,BN,BN,BN,BN,BN,BN,BN,BN,BN,BN,BN,BN,BN,BN,BN,BN,BN,BN,BN,BN,BN",462453279037583360,12,complete,previous_league_id of NCAA WILD 2021
