Year,LeagueID,LeagueName,RosterID,OwnerID,OwnerName,Division,DivisionName,Wins,Losses,PointsFor,PointsAgainst
2019,455862950553448448,NCAA ACC,1,431254350514356224,MikeD302,2,COASTAL,5,12,2226.06,2428.1
2019,455862950553448448,NCAA ACC,2,329474836155879424,BlockBoyz,2,COASTAL,9,8,2101.74,2180.08
2019,455862950553448448,NCAA ACC,3,455753261765357568,BDAVIS309,2,COASTAL,12,5,2641.7,2446.72
2019,455862950553448448,NCAA ACC,4,455836851501002752,landonh12,2,COASTAL,12,5,2567.7,2238.46
2019,455862950553448448,NCAA ACC,5,412872416486764544,Porrikov,1,ATLANTIC,2,15,1925.32,2459.86
2019,455862950553448448,NCAA ACC,6,487145262624534528,MuckFichigan9310,1,ATLANTIC,9,8,2119.72,2095.36
2019,455862950553448448,NCAA ACC,7,453658285061435392,fatalbeast,2,COASTAL,12,5,2305.26,2166.08
2019,455862950553448448,NCAA ACC,8,456168604006608896,eperedetto,1,ATLANTIC,6,11,2212.12,2385.62
2019,455862950553448448,NCAA ACC,9,412321968218451968,B1GNate35,2,COASTAL,9,8,2478.12,2278.08
2019,455862950553448448,NCAA ACC,10,343081722184728576,TheFFUK,1,ATLANTIC,10,7,2231.48,2025.1
2019,455862950553448448,NCAA ACC,11,458070829909929984,Campbell8,1,ATLANTIC,6,11,1985.84,2257.8
2019,455862950553448448,NCAA ACC,12,447244659752693760,MoeMoghrabi,1,ATLANTIC,10,7,2346.68,2180.48
2019,460505297153159168,NCAA AMERICAN,1,Orphan,Orphan,1,EAST,4,13,1963.2,2117.68
2019,460505297153159168,NCAA AMERICAN,2,460383495076704256,benkline,2,MIDWEST,6,11,2147.56,2190.78
2019,460505297153159168,NCAA AMERICAN,3,448960297869242368,nflpollsnow,1,EAST,9,8,2114.26,2116.84
2019,460505297153159168,NCAA AMERICAN,4,338808944136822784,M4CHINE,2,MIDWEST,11,6,2433.9,2313.88
2019,460505297153159168,NCAA AMERICAN,5,462804070080442368,dabeastman,1,EAST,12,5,2537.86,2270.86
2019,460505297153159168,NCAA AMERICAN,6,461371192859684864,giants95,2,MIDWEST,12,5,2379.46,2112.78
2019,460505297153159168,NCAA AMERICAN,7,338755364516274176,craklin,1,EAST,8,9,2201.1,2135.66
2019,460505297153159168,NCAA AMERICAN,8,483060475177725952,DunkmasterCj,2,MIDWEST,9,8,2251.9,2104.52
2019,460505297153159168,NCAA AMERICAN,9,468528626384498688,ThomasKennen,1,EAST,9,8,2142.08,2186.5
2019,460505297153159168,NCAA AMERICAN,10,483372287504936960,MrH0bbes,2,MIDWEST,10,7,2127.82,2056.92
2019,460505297153159168,NCAA AMERICAN,11,482752177878593536,tdeck4,1,EAST,7,10,1966.96,2193.84
2019,460505297153159168,NCAA AMERICAN,12,465954574398648320,JBlack14,2,MIDWEST,5,12,1780.84,2246.68
2019,460505110800232448,NCAA BIG 10,1,340600026956906496,LastChapter,1,EAST,12,5,2411.3,2290.72
2019,460505110800232448,NCAA BIG 10,2,438178170542223360,EthanH,2,WEST,9,8,2399.06,2308.7
2019,460505110800232448,NCAA BIG 10,3,456550391375458304,NorthWestern,2,WEST,13,4,2478.32,2171.54
2019,460505110800232448,NCAA BIG 10,4,Orphan,Orphan,1,EAST,10,7,2635.48,2377.3
2019,460505110800232448,NCAA BIG 10,5,459190461706268672,jreilly,1,EAST,9,8,2221.0,2266.66
2019,460505110800232448,NCAA BIG 10,6,460511267564548096,laxbro000,2,WEST,11,6,2647.18,2326.72
2019,460505110800232448,NCAA BIG 10,7,460518714907815936,linkoftime1,2,WEST,2,15,1767.24,2328.54
2019,460505110800232448,NCAA BIG 10,8,475385751685558272,Shemann20,1,EAST,3,14,1840.28,2389.08
2019,460505110800232448,NCAA BIG 10,9,460383495076704256,benkline,1,EAST,5,12,1941.2,2160.96
2019,460505110800232448,NCAA BIG 10,10,459506557705515008,briceharris,2,WEST,10,7,2319.7,2123.42
2019,460505110800232448,NCAA BIG 10,11,388919621245210624,TracertheRacer,2,WEST,8,9,2255.28,2304.16
2019,460505110800232448,NCAA BIG 10,12,443870183853912064,chrispaton,1,EAST,10,7,2280.08,2148.32
2019,471499316175826944,NCAA BIG 12,1,446530486903238656,BigSexy3422,1,HEAT,12,5,2504.42,2050.3
2019,471499316175826944,NCAA BIG 12,2,323640589469892608,TheFootballFix,2,WIND,8,9,2182.62,2265.36
2019,471499316175826944,NCAA BIG 12,3,468501524721430528,arnavgupta2,2,WIND,5,12,1970.9,2277.6
2019,471499316175826944,NCAA BIG 12,4,425362114291437568,deadheadshane,1,HEAT,12,5,2320.54,2095.64
2019,471499316175826944,NCAA BIG 12,5,464117743042424832,robertlouis7,1,HEAT,9,8,2349.06,2180.02
2019,471499316175826944,NCAA BIG 12,6,425006263294767104,SOUTHBAYJAY,1,HEAT,6,11,2061.0,2359.54
2019,471499316175826944,NCAA BIG 12,7,439951446121639936,ffchampion,2,WIND,13,4,2482.82,2223.08
2019,471499316175826944,NCAA BIG 12,8,467444550814658560,robbiejaxn,1,HEAT,9,8,2389.96,2237.12
2019,471499316175826944,NCAA BIG 12,9,453711063846744064,rchau56,2,WIND,12,5,2366.42,2174.7
2019,471499316175826944,NCAA BIG 12,10,460383495076704256,benkline,2,WIND,9,8,2239.68,2312.92
2019,471499316175826944,NCAA BIG 12,11,443975346555973632,joshrummel,1,HEAT,5,12,2063.48,2147.0
2019,471499316175826944,NCAA BIG 12,12,446397791615315968,FancyLlama,2,WIND,2,15,1763.74,2371.36
2019,455834597620445184,NCAA BIG EAST & CO.,1,447775127048810496,theeaglesfix,2,NORTHEAST,6,11,2374.7,2412.56
2019,455834597620445184,NCAA BIG EAST & CO.,2,389656085486649344,UrTrash,2,NORTHEAST,13,4,2467.98,2234.86
2019,455834597620445184,NCAA BIG EAST & CO.,3,333005257409847296,ikemendel,1,MIDEAST,12,5,2450.02,2270.84
2019,455834597620445184,NCAA BIG EAST & CO.,4,456129190995947520,vma2016,1,MIDEAST,8,9,2119.98,2171.12
2019,455834597620445184,NCAA BIG EAST & CO.,5,464086547717681152,aidenfootballking,2,NORTHEAST,7,10,2080.06,2245.82
2019,455834597620445184,NCAA BIG EAST & CO.,6,456132537073266688,KalebT,1,MIDEAST,5,12,2014.18,2319.32
2019,455834597620445184,NCAA BIG EAST & CO.,7,456159345906806784,Syracuse1,2,NORTHEAST,12,5,2620.92,2179.88
2019,455834597620445184,NCAA BIG EAST & CO.,8,456167283761344512,Claser,2,NORTHEAST,14,3,2658.92,2230.44
2019,455834597620445184,NCAA BIG EAST & CO.,9,482459707504586752,flappyjacks,1,MIDEAST,4,13,2012.68,2344.76
2019,455834597620445184,NCAA BIG EAST & CO.,10,Orphan,Orphan,1,MIDEAST,3,14,1899.14,2241.4
2019,455834597620445184,NCAA BIG EAST & CO.,11,456182244336201728,Ianiners,2,NORTHEAST,7,10,2242.78,2418.28
2019,455834597620445184,NCAA BIG EAST & CO.,12,430187140727451648,doinkey,1,MIDEAST,11,6,2359.62,2231.7
2019,462453135504306176,NCAA IVY,1,468150356518367232,TonyP1765,1,RICH,7,8,2143.64,2077.18
2019,462453135504306176,NCAA IVY,2,444023429222363136,Bussey,2,SMART,9,6,2107.28,2015.72
2019,462453135504306176,NCAA IVY,3,489629400208240640,jordanfiedel,1,RICH,13,2,2423.2,1905.9
2019,462453135504306176,NCAA IVY,4,508719670362374144,thomascoates,2,SMART,4,11,1607.36,2045.34
2019,462453135504306176,NCAA IVY,5,395321276102627328,ccassidy,1,RICH,10,5,1949.58,1857.66
2019,462453135504306176,NCAA IVY,6,508415252621357056,ryanmchugh,2,SMART,3,12,1522.96,1871.86
2019,462453135504306176,NCAA IVY,7,463944449920069632,Spence24,1,RICH,12,3,2226.04,1882.48
2019,462453135504306176,NCAA IVY,8,464625836192952320,brooksy33,2,SMART,10,5,2135.4,1920.22
2019,462453135504306176,NCAA IVY,9,446519431196045312,MarBra24,1,RICH,3,12,1748.4,2049.34
2019,462453135504306176,NCAA IVY,10,464233560753041408,Princeton,2,SMART,7,8,2006.8,2105.26
2019,462453135504306176,NCAA IVY,11,460895027179024384,jtheadrick98,1,RICH,4,11,1764.72,2113.38
2019,462453135504306176,NCAA IVY,12,464595147808567296,cobrapanther99,2,SMART,8,7,1936.14,1727.18
2019,462407211507773440,NCAA MOUNTAIN WEST,1,460383495076704256,benkline,1,SAINT,2,15,1917.56,2499.58
2019,462407211507773440,NCAA MOUNTAIN WEST,2,463106510101147648,bucketmikal14,2,SIN,7,10,2257.48,2225.24
2019,462407211507773440,NCAA MOUNTAIN WEST,3,463057520089362432,ryanlin,1,SAINT,7,10,2358.46,2389.56
2019,462407211507773440,NCAA MOUNTAIN WEST,4,447631496010788864,BLutz23,2,SIN,8,9,2288.5,2266.5
2019,462407211507773440,NCAA MOUNTAIN WEST,5,462379750468349952,Deme,1,SAINT,10,7,2057.32,1953.52
2019,462407211507773440,NCAA MOUNTAIN WEST,6,482448684026425344,AveryLee33,2,SIN,4,13,1832.86,2244.7
2019,462407211507773440,NCAA MOUNTAIN WEST,7,463004241129107456,Idaho77,1,SAINT,9,8,2339.3,2291.06
2019,462407211507773440,NCAA MOUNTAIN WEST,8,325726913966395392,bkoldham,2,SIN,12,5,2383.2,2159.1
2019,462407211507773440,NCAA MOUNTAIN WEST,9,463212708402032640,Matthew12,1,SAINT,10,7,2225.99,2187.7
2019,462407211507773440,NCAA MOUNTAIN WEST,10,461772326111801344,Chang,2,SIN,9,8,2264.02,2362.76
2019,462407211507773440,NCAA MOUNTAIN WEST,11,489121730279763968,Fdbell5,1,SAINT,11,6,2503.52,2237.26
2019,462407211507773440,NCAA MOUNTAIN WEST,12,322205296309051392,TBLowery58,2,SIN,13,4,2372.78,1984.02
2019,460504411332931584,NCAA PAC 12 ,1,437465313911500800,kfitch630,2,SOUTH,8,9,2477.4,2315.58
2019,460504411332931584,NCAA PAC 12 ,2,460730537724604416,tonytheLGND23,2,SOUTH,10,7,2424.54,2218.84
2019,460504411332931584,NCAA PAC 12 ,3,328268033216749568,WayneK17,1,NORTH,9,8,2181.76,2116.4
2019,460504411332931584,NCAA PAC 12 ,4,477666723663704064,chzhead412,1,NORTH,15,2,2552.12,2231.74
2019,460504411332931584,NCAA PAC 12 ,5,449591245241577472,ChuucH1,1,NORTH,10,7,2306.72,2161.68
2019,460504411332931584,NCAA PAC 12 ,6,445343296378630144,Je4ez,2,SOUTH,15,2,2591.9,2126.74
2019,460504411332931584,NCAA PAC 12 ,7,460383495076704256,benkline,2,SOUTH,3,14,1610.02,2083.44
2019,460504411332931584,NCAA PAC 12 ,8,Orphan,Orphan,2,SOUTH,2,15,1665.02,2286.54
2019,460504411332931584,NCAA PAC 12 ,9,Orphan,Orphan,1,NORTH,4,13,1843.4,2422.4
2019,460504411332931584,NCAA PAC 12 ,10,461082030721986560,Cleaner7,1,NORTH,9,8,2379.26,2266.32
2019,460504411332931584,NCAA PAC 12 ,11,76460245878456320,seniormeow,2,SOUTH,9,8,2360.8,2087.5
2019,460504411332931584,NCAA PAC 12 ,12,457719269589774336,fkakicker,1,NORTH,8,9,2195.04,2270.8
2019,460505032731652096,NCAA SEC,1,441458152391569408,andcousinsissacked,1,EAST,5,10,1832.56,2162.1
2019,460505032731652096,NCAA SEC,2,473596673050800128,mintpodbaker,2,WEST,9,6,1959.24,1952.48
2019,460505032731652096,NCAA SEC,3,457957045534978048,ChadLowe,1,EAST,9,6,1981.14,1986.74
2019,460505032731652096,NCAA SEC,4,446524535810813952,ahhchainsaw,2,WEST,10,5,2202.66,1922.1
2019,460505032731652096,NCAA SEC,5,442366201536966656,jakelac2,2,WEST,11,4,2351.12,1959.38
2019,460505032731652096,NCAA SEC,6,466850678816370688,IsaacTheThrillHill,2,WEST,4,11,1798.48,2024.38
2019,460505032731652096,NCAA SEC,7,461680102409760768,kodakjack,1,EAST,5,10,1843.92,2075.72
2019,460505032731652096,NCAA SEC,8,460383495076704256,benkline,1,EAST,4,11,1669.64,1910.56
2019,460505032731652096,NCAA SEC,9,503639845369802752,gregorybly,1,EAST,7,8,2007.3,1921.78
2019,460505032731652096,NCAA SEC,10,446782746484797440,Jasonkuz,1,EAST,10,5,2217.48,1985.02
2019,460505032731652096,NCAA SEC,11,447199868746723328,SamLac,2,WEST,10,5,2108.4,1873.56
2019,460505032731652096,NCAA SEC,12,466015782229241856,ChaseKirmse,2,WEST,6,9,1769.88,1967.99
2019,462407340038025216,NCAA SUN BELT,1,502892091546791936,mhy196,1,BIBLE,8,7,1985.56,1992.46
2019,462407340038025216,NCAA SUN BELT,2,464247141036978176,L2noClout,2,REBEL,10,5,2124.6,2000.0
2019,462407340038025216,NCAA SUN BELT,3,481957045667360768,Prestongee17,1,BIBLE,7,8,1881.62,1818.58
2019,462407340038025216,NCAA SUN BELT,4,447283305738399744,thefalconsfix,2,REBEL,10,5,2205.24,1958.8
2019,462407340038025216,NCAA SUN BELT,5,472546786053976064,thedundercode,1,BIBLE,5,10,1800.4,2035.42
2019,462407340038025216,NCAA SUN BELT,6,465019661495300096,Raidersforte,2,REBEL,7,8,1887.3,1992.86
2019,462407340038025216,NCAA SUN BELT,7,Orphan,Orphan,1,BIBLE,4,11,1642.7,1969.2
2019,462407340038025216,NCAA SUN BELT,8,441362521463451648,yoboihawks,2,REBEL,11,4,2171.98,1968.04
2019,462407340038025216,NCAA SUN BELT,9,380128482900062208,denvermanning,1,BIBLE,7,8,1849.5,1938.88
2019,462407340038025216,NCAA SUN BELT,10,441330448283463680,Fr3shBC11,2,REBEL,6,9,1859.92,1966.36
2019,462407340038025216,NCAA SUN BELT,11,461681329860243456,ryanfried2,1,BIBLE,10,5,2222.4,1968.64
2019,462407340038025216,NCAA SUN BELT,12,465297932204109824,baymaniac,2,REBEL,5,10,2072.12,2094.1
2019,462453279037583360,NCAA WILD,1,457579310098673664,Username483,1,PLAINS,7,8,1987.5,2105.5
2019,462453279037583360,NCAA WILD,2,332533603546189824,FFPrimeTime,2,VALLEY,6,9,1891.96,1970.84
2019,462453279037583360,NCAA WILD,3,441392312380026880,4thdownTD,1,PLAINS,8,7,2064.86,2050.5
2019,462453279037583360,NCAA WILD,4,462924007415476224,maybin,2,VALLEY,8,7,1986.72,1906.42
2019,462453279037583360,NCAA WILD,5,465260042191368192,DelbertLongino,1,PLAINS,9,6,2378.78,2222.88
2019,462453279037583360,NCAA WILD,6,464886421866409984,prubinstein6,2,VALLEY,9,6,2029.06,2002.18
2019,462453279037583360,NCAA WILD,7,465262570945638400,howaboutnoscott,1,PLAINS,9,6,1908.68,1835.02
2019,462453279037583360,NCAA WILD,8,462714981117325312,Buckeyefan5184,2,VALLEY,11,4,2194.78,1905.0
2019,462453279037583360,NCAA WILD,9,465263224640499712,Isaac3hhh,1,PLAINS,4,11,1848.3,2059.68
2019,462453279037583360,NCAA WILD,10,505166677990699008,olddominion2020,2,VALLEY,6,9,1836.82,2091.36
2019,462453279037583360,NCAA WILD,11,465270232106135552,NateDoctorJay,1,PLAINS,5,10,2077.3,2205.62
2019,462453279037583360,NCAA WILD,12,448446449538035712,DBGiants,2,VALLEY,8,7,2076.26,1926.02
2020,520082008453632000,NCAA ACC,1,571754879825395712,ChrisW21,2,COASTAL,7,10,2373.88,2209.22
2020,520082008453632000,NCAA ACC,2,329474836155879424,BlockBoyz,2,COASTAL,10,7,2378.9,2330.6
2020,520082008453632000,NCAA ACC,3,Orphan,Orphan,2,COASTAL,13,4,2366.08,1987.7
2020,520082008453632000,NCAA ACC,4,455836851501002752,landonh12,2,COASTAL,12,5,2501.8,2323.94
2020,520082008453632000,NCAA ACC,5,468618720470626304,Yarby,1,ATLANTIC,8,9,2110.86,2214.26
2020,520082008453632000,NCAA ACC,6,560532242028425216,Mattyjohnson,1,ATLANTIC,7,10,2152.5,2097.58
2020,520082008453632000,NCAA ACC,7,453658285061435392,fatalbeast,2,COASTAL,6,11,2259.42,2247.68
2020,520082008453632000,NCAA ACC,8,456168604006608896,eperedetto,1,ATLANTIC,7,10,2081.02,2405.28
2020,520082008453632000,NCAA ACC,9,412321968218451968,B1GNate35,2,COASTAL,4,13,1807.88,2280.4
2020,520082008453632000,NCAA ACC,10,343081722184728576,TheFFUK,1,ATLANTIC,11,6,2314.22,2301.14
2020,520082008453632000,NCAA ACC,11,458070829909929984,Campbell8,1,ATLANTIC,3,14,1871.86,2292.1
2020,520082008453632000,NCAA ACC,12,302575527556825088,dilbennett,1,ATLANTIC,14,3,2584.82,2113.34
2020,519114104323002368,NCAA BIG 10,1,340600026956906496,itsonlyfantasy,1,EAST,10,7,2394.2,2158.9
2020,519114104323002368,NCAA BIG 10,2,438178170542223360,EthanH,2,WEST,10,7,2574.12,2308.84
2020,519114104323002368,NCAA BIG 10,3,456550391375458304,Clamonte,2,WEST,10,7,2415.06,2363.52
2020,519114104323002368,NCAA BIG 10,4,519389380047458304,URTOASTS,1,EAST,9,8,2226.9,2374.66
2020,519114104323002368,NCAA BIG 10,5,459190461706268672,jreilly,1,EAST,4,13,1918.98,2315.18
2020,519114104323002368,NCAA BIG 10,6,460511267564548096,laxbro000,2,WEST,14,3,2875.42,2326.18
2020,519114104323002368,NCAA BIG 10,7,460518714907815936,linkoftime1,2,WEST,3,14,1870.74,2352.04
2020,519114104323002368,NCAA BIG 10,8,519694666546008064,eseromo760,1,EAST,12,5,2455.56,2079.0
2020,519114104323002368,NCAA BIG 10,9,559208653427675136,DavidAshley,1,EAST,5,12,2002.44,2342.56
2020,519114104323002368,NCAA BIG 10,10,459225788735025152,richardson98,2,WEST,1,16,1449.78,2524.72
2020,519114104323002368,NCAA BIG 10,11,388919621245210624,TracertheRacer,2,WEST,14,3,2881.96,2231.66
2020,519114104323002368,NCAA BIG 10,12,443870183853912064,christianpaton,1,EAST,10,7,2549.6,2237.5
2020,520086664899657728,NCAA BIG 12,1,446530486903238656,BigSexy3422,1,HEAT,5,12,2024.18,2405.66
2020,520086664899657728,NCAA BIG 12,2,81122532153245696,ShaqFuNation,2,WIND,9,8,2065.4,2095.76
2020,520086664899657728,NCAA BIG 12,3,468501524721430528,lilforeign,2,WIND,5,12,1901.74,2323.98
2020,520086664899657728,NCAA BIG 12,4,425362114291437568,deadheadshane,1,HEAT,10,7,2421.5,2257.32
2020,520086664899657728,NCAA BIG 12,5,464117743042424832,robertlouis7,1,HEAT,10,7,2321.92,2056.92
2020,520086664899657728,NCAA BIG 12,6,335910160469880832,elianbruger,1,HEAT,10,7,2435.48,2319.34
2020,520086664899657728,NCAA BIG 12,7,425386065373691904,Frankeen,2,WIND,13,4,2460.92,2131.94
2020,520086664899657728,NCAA BIG 12,8,543929284962770944,alicho,1,HEAT,10,7,2284.7,2223.14
2020,520086664899657728,NCAA BIG 12,9,453711063846744064,rchau56,2,WIND,12,5,2513.16,2131.16
2020,520086664899657728,NCAA BIG 12,10,Orphan,Orphan,2,WIND,7,10,2142.82,2258.12
2020,520086664899657728,NCAA BIG 12,11,443975346555973632,joshrummel,1,HEAT,4,13,2117.82,2332.94
2020,520086664899657728,NCAA BIG 12,12,446397791615315968,FancyLlama,2,WIND,7,10,2240.4,2393.76
2020,519112273652240384,NCAA BIG EAST & CO.,1,Orphan,Orphan,2,NORTHEAST,8,9,2407.56,2418.98
2020,519112273652240384,NCAA BIG EAST & CO.,2,389656085486649344,UrTrash,2,NORTHEAST,9,8,2199.46,2211.7
2020,519112273652240384,NCAA BIG EAST & CO.,3,333005257409847296,ikemendel,1,MIDEAST,5,12,2028.5,2310.82
2020,519112273652240384,NCAA BIG EAST & CO.,4,456129190995947520,vma2016,1,MIDEAST,11,6,2438.54,2154.74
2020,519112273652240384,NCAA BIG EAST & CO.,5,349000211928186880,atlforlife8,2,NORTHEAST,3,14,1824.84,2286.24
2020,519112273652240384,NCAA BIG EAST & CO.,6,443323427143544832,joonbug,1,MIDEAST,8,9,2142.5,2136.06
2020,519112273652240384,NCAA BIG EAST & CO.,7,456159345906806784,CodeKhaos,2,NORTHEAST,12,5,2522.68,2312.22
2020,519112273652240384,NCAA BIG EAST & CO.,8,456167283761344512,Claser,2,NORTHEAST,9,8,2420.84,2387.44
2020,519112273652240384,NCAA BIG EAST & CO.,9,482459707504586752,Jason31,1,MIDEAST,11,6,2313.52,2189.92
2020,519112273652240384,NCAA BIG EAST & CO.,10,338858684358623232,CycloneHusker,1,MIDEAST,8,9,2241.8,2146.04
2020,519112273652240384,NCAA BIG EAST & CO.,11,456182244336201728,Ianiners,2,NORTHEAST,11,6,2450.98,2238.9
2020,519112273652240384,NCAA BIG EAST & CO.,12,430187140727451648,doinkey,1,MIDEAST,7,10,1934.74,2132.9
2020,519431936523956224,NCAA BIG SKY,1,516266187571630080,PedroCal,2,Colonies,12,5,2351.36,2079.22
2020,519431936523956224,NCAA BIG SKY,2,439255136309604352,PapaCrowther,2,Colonies,12,5,2499.46,2229.6
2020,519431936523956224,NCAA BIG SKY,3,461245432756957184,NADO13,2,Colonies,2,15,1825.94,2385.04
2020,519431936523956224,NCAA BIG SKY,4,519439276311531520,Elestial,1,Frontier,11,6,2489.86,2149.48
2020,519431936523956224,NCAA BIG SKY,5,461273516759576576,Julian1993,2,Colonies,11,6,2595.72,2187.7
2020,519431936523956224,NCAA BIG SKY,6,424793511431262208,Elwayluva7,1,Frontier,8,9,2171.86,2168.52
2020,519431936523956224,NCAA BIG SKY,7,78892531970359296,fballfreek80,2,Colonies,6,11,2196.46,2367.26
2020,519431936523956224,NCAA BIG SKY,8,Orphan,Orphan,1,Frontier,8,9,2171.04,2102.04
2020,519431936523956224,NCAA BIG SKY,9,448641292377780224,Pinky7373,1,Frontier,5,12,2230.54,2556.78
2020,519431936523956224,NCAA BIG SKY,10,450023004458446848,DaLegend,2,Colonies,11,6,2283.3,2162.82
2020,519431936523956224,NCAA BIG SKY,11,464145779661991936,jmaclean,1,Frontier,11,6,2293.08,2316.16
2020,519431936523956224,NCAA BIG SKY,12,519767126595325952,mssullivan2022,1,Frontier,5,12,2043.48,2447.48
2020,519412020617998336,NCAA HISTORICALLY BLACK,1,471427194132885504,PhantomXX,2,Hurricane,8,9,2236.1,2164.98
2020,519412020617998336,NCAA HISTORICALLY BLACK,2,303281379553058816,ImRickJames,1,Mississippi River,8,9,2181.46,2200.88
2020,519412020617998336,NCAA HISTORICALLY BLACK,3,475102016549416960,JackSibley28,2,Hurricane,10,7,2174.46,1969.32
2020,519412020617998336,NCAA HISTORICALLY BLACK,4,519664414748168192,CheeseHeadLover,1,Mississippi River,5,12,1521.48,2100.5
2020,519412020617998336,NCAA HISTORICALLY BLACK,5,519656908428791808,tpearson2222,2,Hurricane,4,13,1616.46,2125.78
2020,519412020617998336,NCAA HISTORICALLY BLACK,6,519532620901961728,xfsaint,2,Hurricane,11,6,2385.72,2060.6
2020,519412020617998336,NCAA HISTORICALLY BLACK,7,519728067978186752,StrikerS091,1,Mississippi River,10,7,2495.3,2239.46
2020,519412020617998336,NCAA HISTORICALLY BLACK,8,515406486608322560,caseywebb83,1,Mississippi River,5,12,1519.14,2014.0
2020,519412020617998336,NCAA HISTORICALLY BLACK,9,526619912614985728,Broshmo2334,2,Hurricane,6,11,2077.66,2202.56
2020,519412020617998336,NCAA HISTORICALLY BLACK,10,411387962429816832,dakistrash,2,Hurricane,15,2,2642.92,2095.7
2020,519412020617998336,NCAA HISTORICALLY BLACK,11,304749125604241408,PineappleJewz,1,Mississippi River,10,7,2248.46,2146.8
2020,519412020617998336,NCAA HISTORICALLY BLACK,12,Orphan,Orphan,1,Mississippi River,10,7,2383.44,2162.02
2020,519109907858935808,NCAA IVY,1,470912510262767616,FlynnD,1,RICH,4,11,1639.06,2008.84
2020,519109907858935808,NCAA IVY,2,463212708402032640,Matthew12,2,SMART,12,3,2126.5,1815.42
2020,519109907858935808,NCAA IVY,3,480124073456693248,Jrodr71,1,RICH,10,5,2053.56,1878.12
2020,519109907858935808,NCAA IVY,4,570803989783429120,alecgagnon2001,2,SMART,6,9,1971.62,1991.02
2020,519109907858935808,NCAA IVY,5,395321276102627328,ccassidy,1,RICH,5,10,1856.02,2063.54
2020,519109907858935808,NCAA IVY,6,508415252621357056,ryanmchugh,2,SMART,12,3,2427.16,1985.84
2020,519109907858935808,NCAA IVY,7,463944449920069632,Spence24,1,RICH,10,4,2366.06,1969.9
2020,519109907858935808,NCAA IVY,8,77520434039767040,Maxattack19xx,2,SMART,4,11,1672.54,1941.44
2020,519109907858935808,NCAA IVY,9,Orphan,Orphan,1,RICH,9,6,2017.68,1725.56
2020,519109907858935808,NCAA IVY,10,464233560753041408,Tedword,2,SMART,6,9,1860.32,2104.4
2020,519109907858935808,NCAA IVY,11,460895027179024384,jtheadrick98,1,RICH,4,10,1863.88,2171.6
2020,519109907858935808,NCAA IVY,12,464595147808567296,cobrapanther99,2,SMART,7,8,1849.92,2048.64
2020,519113931987255296,NCAA MOUNTAIN WEST,1,546856536723197952,sKenns,1,SAINT,4,13,1938.76,2161.18
2020,519113931987255296,NCAA MOUNTAIN WEST,2,463106510101147648,bucketmikal14,2,SIN,5,12,2137.66,2526.08
2020,519113931987255296,NCAA MOUNTAIN WEST,3,463057520089362432,ryanl17,1,SAINT,9,8,2169.94,2196.1
2020,519113931987255296,NCAA MOUNTAIN WEST,4,571767410708901888,Kyvend01,2,SIN,11,6,2385.84,2089.4
2020,519113931987255296,NCAA MOUNTAIN WEST,5,609605414685859840,KingWapo,1,SAINT,14,3,2574.94,2154.1
2020,519113931987255296,NCAA MOUNTAIN WEST,6,482448684026425344,Avery33,2,SIN,8,9,2232.04,2338.58
2020,519113931987255296,NCAA MOUNTAIN WEST,7,628694137176477696,brennanclark,1,SAINT,11,6,2363.94,2333.72
2020,519113931987255296,NCAA MOUNTAIN WEST,8,325726913966395392,bkoldham,2,SIN,11,6,2514.82,2211.74
2020,519113931987255296,NCAA MOUNTAIN WEST,9,Orphan,Orphan,1,SAINT,4,13,1886.56,2341.64
2020,519113931987255296,NCAA MOUNTAIN WEST,10,461772326111801344,Chang,2,SIN,9,8,2287.42,2181.7
2020,519113931987255296,NCAA MOUNTAIN WEST,11,468116813004140544,ZMATH11,1,SAINT,8,9,2131.38,2139.56
2020,519113931987255296,NCAA MOUNTAIN WEST,12,322205296309051392,TBLowery58,2,SIN,8,9,2276.78,2226.28
2020,519108145819570176,NCAA PAC 12,1,Orphan,Orphan,2,SOUTH,13,4,2575.52,2308.72
2020,519108145819570176,NCAA PAC 12,2,Orphan,Orphan,2,SOUTH,9,8,2328.38,2279.58
2020,519108145819570176,NCAA PAC 12,3,328268033216749568,WayneK17,1,NORTH,7,10,1948.26,2035.74
2020,519108145819570176,NCAA PAC 12,4,477666723663704064,chzhead412,1,NORTH,12,5,2242.54,2109.06
2020,519108145819570176,NCAA PAC 12,5,619963570297352192,cooperthach,1,NORTH,5,12,1704.38,2013.6
2020,519108145819570176,NCAA PAC 12,6,Orphan,Orphan,2,SOUTH,11,6,2516.86,2178.76
2020,519108145819570176,NCAA PAC 12,7,597246797479469056,wrightc214,2,SOUTH,5,12,1932.08,2198.24
2020,519108145819570176,NCAA PAC 12,8,519400389800423424,ColoradoBuffs,2,SOUTH,2,15,1748.88,2321.6
2020,519108145819570176,NCAA PAC 12,9,519390092788297728,ScottyW13,1,NORTH,7,10,1870.04,1988.72
2020,519108145819570176,NCAA PAC 12,10,461082030721986560,Cleaner7,1,NORTH,12,5,2440.64,2144.3
2020,519108145819570176,NCAA PAC 12,11,76460245878456320,seniormeow,2,SOUTH,14,3,2689.02,2160.88
2020,519108145819570176,NCAA PAC 12,12,473684374978555904,BooleyWaters,1,NORTH,5,12,1924.38,2181.78
2020,519446956439826432,NCAA PIONEER,1,533363986486435840,MattJB87,2,FREEDOM,9,8,2360.2,2194.92
2020,519446956439826432,NCAA PIONEER,2,519437931575726080,boulios,1,PATRIOT,2,15,1579.14,2342.32
2020,519446956439826432,NCAA PIONEER,3,561634118050308096,FirstPlaceFantasy,1,PATRIOT,10,7,2147.9,2148.0
2020,519446956439826432,NCAA PIONEER,4,519460302416203776,AccusedRanger97,2,FREEDOM,6,11,1823.8,2057.04
2020,519446956439826432,NCAA PIONEER,5,561684253895716864,fwen,1,PATRIOT,11,6,1999.26,1909.62
2020,519446956439826432,NCAA PIONEER,6,519664508596187136,NewGOAT15,1,PATRIOT,14,3,2573.42,2061.7
2020,519446956439826432,NCAA PIONEER,7,363883943780626432,doubleD87,2,FREEDOM,4,13,1657.82,2096.54
2020,519446956439826432,NCAA PIONEER,8,339931221767249920,CrownMeKing,2,FREEDOM,13,4,2773.1,2022.48
2020,519446956439826432,NCAA PIONEER,9,520008347924234240,cullenschrock,1,PATRIOT,5,12,2008.38,2130.5
2020,519446956439826432,NCAA PIONEER,10,Orphan,Orphan,2,FREEDOM,12,5,2358.88,2187.3
2020,519446956439826432,NCAA PIONEER,11,520108377286893568,HPTexans,1,PATRIOT,6,11,1807.98,2269.14
2020,519446956439826432,NCAA PIONEER,12,519675297838780416,willsingle05,2,FREEDOM,10,7,2394.1,2064.42
2020,520081942477230080,NCAA SEC,1,441458152391569408,andcousinsissacked,1,EAST,5,10,1849.8,2046.26
2020,520081942477230080,NCAA SEC,2,473596673050800128,mintpodbaker,2,WEST,5,10,1891.16,2067.54
2020,520081942477230080,NCAA SEC,3,457957045534978048,ChadLowe,1,EAST,12,3,2178.98,1769.06
2020,520081942477230080,NCAA SEC,4,446524535810813952,ahhchainsaw,2,WEST,11,4,2109.28,1957.12
2020,520081942477230080,NCAA SEC,5,601248305229406208,ryankenn,2,WEST,13,2,2535.24,1940.2
2020,520081942477230080,NCAA SEC,6,545494104980213760,cheesebot,2,WEST,7,8,1999.64,1894.74
2020,520081942477230080,NCAA SEC,7,Orphan,Orphan,1,EAST,1,14,1184.72,1943.02
2020,520081942477230080,NCAA SEC,8,626826717473894400,saffo937,1,EAST,6,9,1798.4,1956.88
2020,520081942477230080,NCAA SEC,9,503639845369802752,gregorybly,1,EAST,12,3,2296.32,1802.62
2020,520081942477230080,NCAA SEC,10,446782746484797440,Jasonkuz,1,EAST,8,7,1747.92,1711.4
2020,520081942477230080,NCAA SEC,11,560284880620699648,devbovino,2,WEST,6,9,1646.52,1848.9
2020,520081942477230080,NCAA SEC,12,445468333035220992,JosephMarin07,2,WEST,4,11,1662.9,1963.14
2020,552229388243996672,NCAA SOUTHLAND,1,540026011221139456,aresthegoat,1,DESERT,8,9,2111.7,2267.5
2020,552229388243996672,NCAA SOUTHLAND,2,76457435317288960,Fantasy412,1,DESERT,11,6,2286.22,1992.3
2020,552229388243996672,NCAA SOUTHLAND,3,531614973867212800,LionVol,2,MARSH,9,8,2134.94,2189.1
2020,552229388243996672,NCAA SOUTHLAND,4,421757803934273536,restartthecarr,1,DESERT,7,10,2220.88,2196.36
2020,552229388243996672,NCAA SOUTHLAND,5,483704297222041600,CAVEMAN1701,2,MARSH,11,6,2412.4,2224.82
2020,552229388243996672,NCAA SOUTHLAND,6,77300101038882816,majerused,1,DESERT,7,10,2219.26,2416.24
2020,552229388243996672,NCAA SOUTHLAND,7,383710135802970112,xXKtuluXx,2,MARSH,9,8,2341.82,2092.6
2020,552229388243996672,NCAA SOUTHLAND,8,Orphan,Orphan,1,DESERT,14,3,2425.44,2122.38
2020,552229388243996672,NCAA SOUTHLAND,9,450806182555152384,lmerkouSaints,2,MARSH,5,12,1883.18,2036.54
2020,552229388243996672,NCAA SOUTHLAND,10,534619662650601472,ImagineWiigons,2,MARSH,3,14,1912.62,2524.98
2020,552229388243996672,NCAA SOUTHLAND,11,376262422366896128,flsIII,2,MARSH,10,7,2208.92,2074.1
2020,552229388243996672,NCAA SOUTHLAND,12,392717914706337792,PandaSurprise,1,DESERT,8,9,2266.6,2287.06
2020,519113796658036736,NCAA SUN BELT,1,429733810611949568,Piglet10,2,REBEL,7,8,1900.04,1989.2
2020,519113796658036736,NCAA SUN BELT,2,458650904741015552,CRicks3,2,REBEL,10,5,2110.12,2026.46
2020,519113796658036736,NCAA SUN BELT,3,481957045667360768,Prestongee17,1,BIBLE,9,6,2186.22,1836.68
2020,519113796658036736,NCAA SUN BELT,4,447283305738399744,Lucchityler,2,REBEL,12,3,2263.94,1939.82
2020,519113796658036736,NCAA SUN BELT,5,554890899706183680,bondsmartini,1,BIBLE,2,13,1389.62,1948.2
2020,519113796658036736,NCAA SUN BELT,6,465019661495300096,Raidersforte,2,REBEL,3,12,1739.02,2070.34
2020,519113796658036736,NCAA SUN BELT,7,547214728132608000,ericdas12,1,BIBLE,3,12,1641.02,2149.36
2020,519113796658036736,NCAA SUN BELT,8,441362521463451648,yoboihawks,2,REBEL,6,9,1994.92,2020.18
2020,519113796658036736,NCAA SUN BELT,9,Orphan,Orphan,1,BIBLE,9,6,2398.74,2029.5
2020,519113796658036736,NCAA SUN BELT,10,441330448283463680,Fr3shBC11,1,BIBLE,9,6,2384.94,2032.08
2020,519113796658036736,NCAA SUN BELT,11,461681329860243456,ryanfried2,1,BIBLE,12,3,2114.28,1938.76
2020,519113796658036736,NCAA SUN BELT,12,465297932204109824,utsa,2,REBEL,8,7,1755.2,1897.48
2020,519398167841558528,NCAA USA,1,389658700735868928,dh671,2,TWISTER,13,4,2385.5,2058.12
2020,519398167841558528,NCAA USA,2,451501690638561280,kjones15,1,GULF,9,8,2276.82,2270.34
2020,519398167841558528,NCAA USA,3,89528070197100544,DapperDave89,2,TWISTER,11,6,2353.58,2128.98
2020,519398167841558528,NCAA USA,4,609609385924173824,bnk2404,1,GULF,7,10,2139.08,2209.38
2020,519398167841558528,NCAA USA,5,519622716773429248,sammyfshy,2,TWISTER,9,8,2246.76,2145.34
2020,519398167841558528,NCAA USA,6,Orphan,Orphan,2,TWISTER,5,12,1803.22,2078.9
2020,519398167841558528,NCAA USA,7,519394652409221120,ealper77,2,TWISTER,7,10,2279.72,2198.84
2020,519398167841558528,NCAA USA,8,420055169137377280,lepiscoposhow,2,TWISTER,12,5,2338.96,2178.76
2020,519398167841558528,NCAA USA,9,561616808766005248,ATypicalDerp,1,GULF,9,8,2261.58,2151.76
2020,519398167841558528,NCAA USA,10,519740185771233280,midnightmickeycorbs,1,GULF,4,13,1837.5,2235.82
2020,519398167841558528,NCAA USA,11,561620293351694336,therealfitzmagic,1,GULF,14,3,2424.62,2017.88
2020,519398167841558528,NCAA USA,12,561431859095334912,Willyammers,1,GULF,2,15,1850.76,2523.98
2020,519112491566792704,NCAA WILD,1,457579310098673664,LanceBoneau,1,PLAINS,8,7,1940.34,1915.5
2020,519112491566792704,NCAA WILD,2,332533603546189824,PrimeTime78,2,VALLEY,8,7,1976.12,1877.3
2020,519112491566792704,NCAA WILD,3,441392312380026880,4thdownTD,1,PLAINS,10,5,2129.26,1879.76
2020,519112491566792704,NCAA WILD,4,540755018832539648,ethan75,2,VALLEY,5,10,1800.02,1873.8
2020,519112491566792704,NCAA WILD,5,597544499589201920,KerriganNation,1,PLAINS,8,7,1953.88,2127.32
2020,519112491566792704,NCAA WILD,6,203496917160697856,ThomasHarris,2,VALLEY,1,14,1294.02,2056.38
2020,519112491566792704,NCAA WILD,7,561674255216046080,SlatonDa3rd,1,PLAINS,7,8,1883.68,1896.12
2020,519112491566792704,NCAA WILD,8,462714981117325312,Buckeyefan5184,2,VALLEY,12,3,2494.06,1859.64
2020,519112491566792704,NCAA WILD,9,603083535368134656,MrBarryMcCockiner,1,PLAINS,8,7,2185.66,2177.99
2020,519112491566792704,NCAA WILD,10,505166677990699008,olddominion2020,2,VALLEY,5,10,1665.44,1971.26
2020,519112491566792704,NCAA WILD,11,434740393972592640,Squinto,1,PLAINS,9,6,1918.34,1854.96
2020,519112491566792704,NCAA WILD,12,Orphan,Orphan,2,VALLEY,9,6,2153.7,1904.48
