Year,League,RosterID,OwnerName,SleeperTeamName,TodayTeamAtSlot,SuggestedTeam,MatchScore,Confidence,ChrisFinal
2019,NCAA ACC,1,MikeD302,UVA Wahoos,Virginia,Virginia,0.38,Assumed = today (blank/nickname) — verify,
2019,NCAA ACC,2,BlockBoyz,UNC,North Carolina,North Carolina,1.00,High,
2019,NCAA ACC,3,BDAVIS309,Georgia Tech,Georgia Tech,Georgia Tech,1.00,High,
2019,NCAA ACC,4,landonh12,Virginia tech,Virginia Tech,Virginia Tech,1.00,High,
2019,NCAA ACC,5,Porrikov,FSU,FSU,FSU,0.75,High,
2019,NCAA ACC,6,MuckFichigan9310,,Wake Forest,Wake Forest,0.00,Assumed = today (blank/nickname) — verify,
2019,NCAA ACC,7,fatalbeast,Duke Blue Devils,Duke,Duke,0.90,High,
2019,NCAA ACC,8,eperedetto,Boston College (E.J.),Boston College,Boston College,0.90,High,
2019,NCAA ACC,9,B1GNate35,Miami Hurricanes,Miami,Miami,0.90,High,
2019,NCAA ACC,10,TheFFUK,NC State WolfPack,NC State,NC State,0.90,High,
2019,NCAA ACC,11,Campbell8,Louisville,Louisville,Louisville,1.00,High,
2019,NCAA ACC,12,MoeMoghrabi,Clemson Tigers,Clemson,Clemson,0.90,High,
2019,NCAA AMERICAN,1,,,(league not in Teams.csv),,0.00,No match — Chris to fill,
2019,NCAA AMERICAN,2,benkline,Air Force Falcons,(league not in Teams.csv),,0.00,No match — Chris to fill,
2019,NCAA AMERICAN,3,nflpollsnow,Toledo,(league not in Teams.csv),,0.00,No match — Chris to fill,
2019,NCAA AMERICAN,4,M4CHINE,Miami-Ohio,(league not in Teams.csv),,0.00,No match — Chris to fill,
2019,NCAA AMERICAN,5,dabeastman,Ohio Bobcats,(league not in Teams.csv),,0.00,No match — Chris to fill,
2019,NCAA AMERICAN,6,giants95,Western Michigan ,(league not in Teams.csv),,0.00,No match — Chris to fill,
2019,NCAA AMERICAN,7,craklin,Buffalo,(league not in Teams.csv),,0.00,No match — Chris to fill,
2019,NCAA AMERICAN,8,DunkmasterCj,Cincinatti,(league not in Teams.csv),,0.00,No match — Chris to fill,
2019,NCAA AMERICAN,9,ThomasKennen,ECU,(league not in Teams.csv),,0.00,No match — Chris to fill,
2019,NCAA AMERICAN,10,MrH0bbes,Ball State,(league not in Teams.csv),,0.00,No match — Chris to fill,
2019,NCAA AMERICAN,11,tdeck4,Appalachian State,(league not in Teams.csv),,0.00,No match — Chris to fill,
2019,NCAA AMERICAN,12,JBlack14,NIU,(league not in Teams.csv),,0.00,No match — Chris to fill,
2019,NCAA BIG 10,1,LastChapter,Purdue Boiler Makers,Purdue,Purdue,0.90,High,
2019,NCAA BIG 10,2,EthanH,Nebraska,Nebraska,Nebraska,1.00,High,
2019,NCAA BIG 10,3,NorthWestern,,Northwestern,Northwestern,0.00,Assumed = today (blank/nickname) — verify,
2019,NCAA BIG 10,4,,,Michigan State,Michigan State,0.00,Assumed = today (blank/nickname) — verify,
2019,NCAA BIG 10,5,jreilly,Penn State,Penn State,Penn State,1.00,High,
2019,NCAA BIG 10,6,laxbro000,Wisconsin Badgers,Wisconsin,Wisconsin,0.90,High,
2019,NCAA BIG 10,7,linkoftime1,Minnesota Golden Gophers,Minnesota,Minnesota,0.90,High,
2019,NCAA BIG 10,8,Shemann20,Indiana,Indiana,Indiana,1.00,High,
2019,NCAA BIG 10,9,benkline,Ohio State Buckeyes,Ohio State,Ohio State,0.90,High,
2019,NCAA BIG 10,10,briceharris,illinois,Illinois,Illinois,1.00,High,
2019,NCAA BIG 10,11,TracertheRacer,Iowa Hawkeyes,Iowa,Iowa,0.90,High,
2019,NCAA BIG 10,12,chrispaton,Michigan,Michigan,Michigan,1.00,High,
2019,NCAA BIG 12,1,BigSexy3422,Texas Tech,Texas Tech,Texas Tech,1.00,High,
2019,NCAA BIG 12,2,TheFootballFix,Iowa State,Iowa State,Iowa State,1.00,High,
2019,NCAA BIG 12,3,arnavgupta2,Missouri ,Missouri,Missouri,1.00,High,
2019,NCAA BIG 12,4,deadheadshane,Texas A&M ,Texas A&M,Texas A&M,1.00,High,
2019,NCAA BIG 12,5,robertlouis7,Baylor,Baylor,Baylor,1.00,High,
2019,NCAA BIG 12,6,SOUTHBAYJAY,TEXAS,Texas,Texas,1.00,High,
2019,NCAA BIG 12,7,ffchampion,Kansas State,Kansas State,Kansas State,1.00,High,
2019,NCAA BIG 12,8,robbiejaxn,West Virginia,West Virginia,West Virginia,1.00,High,
2019,NCAA BIG 12,9,rchau56,Oklahoma,Oklahoma,Oklahoma,1.00,High,
2019,NCAA BIG 12,10,benkline,,Kansas,Kansas,0.00,Assumed = today (blank/nickname) — verify,
2019,NCAA BIG 12,11,joshrummel,TCU,TCU,TCU,1.00,High,
2019,NCAA BIG 12,12,FancyLlama,Oklahoma State,Oklahoma State,Oklahoma State,1.00,High,
2019,NCAA BIG EAST & CO.,1,theeaglesfix,Rutgers 2019 8th Place,Rutgers,Rutgers,0.90,High,
2019,NCAA BIG EAST & CO.,2,UrTrash,Maryland Terrapins,Maryland,Maryland,0.90,High,
2019,NCAA BIG EAST & CO.,3,ikemendel,South Dakota State,South Dakota State,South Dakota State,1.00,High,
2019,NCAA BIG EAST & CO.,4,vma2016,pitt,Pittsburgh,Pittsburgh,0.90,High,
2019,NCAA BIG EAST & CO.,5,aidenfootballking,UConn,UCONN,UCONN,1.00,High,
2019,NCAA BIG EAST & CO.,6,KalebT,Coastal Carolina,Coastal Carolina,Coastal Carolina,1.00,High,
2019,NCAA BIG EAST & CO.,7,Syracuse1,Syracuse,Syracuse,Syracuse,1.00,High,
2019,NCAA BIG EAST & CO.,8,Claser,#ArmyOnTop,Army,Army,0.90,High,
2019,NCAA BIG EAST & CO.,9,flappyjacks,,UCF,UCF,0.00,Assumed = today (blank/nickname) — verify,
2019,NCAA BIG EAST & CO.,10,,,USF,USF,0.00,Assumed = today (blank/nickname) — verify,
2019,NCAA BIG EAST & CO.,11,Ianiners,Navy Shipman,Navy,Navy,0.90,High,
2019,NCAA BIG EAST & CO.,12,doinkey,Notre dame,Notre Dame,Notre Dame,1.00,High,
2019,NCAA IVY,1,TonyP1765,Brown,Brown,Brown,1.00,High,
2019,NCAA IVY,2,Bussey,Harvard,Harvard,Harvard,1.00,High,
2019,NCAA IVY,3,jordanfiedel,Bucknell,Bucknell,Bucknell,1.00,High,
2019,NCAA IVY,4,thomascoates,Tom ,Columbia,Columbia,0.36,Assumed = today (blank/nickname) — verify,
2019,NCAA IVY,5,ccassidy,Georgetown,Georgetown,Georgetown,1.00,High,
2019,NCAA IVY,6,ryanmchugh,Sleeper,Lehigh,Lehigh,0.36,Assumed = today (blank/nickname) — verify,
2019,NCAA IVY,7,Spence24,Penn,Penn,Penn,1.00,High,
2019,NCAA IVY,8,brooksy33,Colgate “Not Red” Raiders,Colgate,Colgate,0.90,High,
2019,NCAA IVY,9,MarBra24,Yale,Yale,Yale,1.00,High,
2019,NCAA IVY,10,Princeton,,Princeton,Princeton,0.00,Assumed = today (blank/nickname) — verify,
2019,NCAA IVY,11,jtheadrick98,Dartmouth ,Dartmouth,Dartmouth,1.00,High,
2019,NCAA IVY,12,cobrapanther99,Cornell “Big Red” Bears,Cornell,Cornell,0.90,High,
2019,NCAA MOUNTAIN WEST,1,benkline,Hawaii Rainbow Warriors,Hawaii,Hawaii,0.90,High,
2019,NCAA MOUNTAIN WEST,2,bucketmikal14,Boise state,Boise State,Boise State,1.00,High,
2019,NCAA MOUNTAIN WEST,3,ryanlin,Wyoming,Wyoming,Wyoming,1.00,High,
2019,NCAA MOUNTAIN WEST,4,BLutz23,Fresno State,Air Force,Fresno State,1.00,Check — differs from today,
2019,NCAA MOUNTAIN WEST,5,Deme,Utah State,Utah State,Utah State,1.00,High,
2019,NCAA MOUNTAIN WEST,6,AveryLee33,BYU,BYU,BYU,1.00,High,
2019,NCAA MOUNTAIN WEST,7,Idaho77,Idaho,Fresno State,Fresno State,0.36,Assumed = today (blank/nickname) — verify,
2019,NCAA MOUNTAIN WEST,8,bkoldham,Colorado State,Colorado State,Colorado State,1.00,High,
2019,NCAA MOUNTAIN WEST,9,Matthew12,New Mexico,New Mexico,New Mexico,1.00,High,
2019,NCAA MOUNTAIN WEST,10,Chang,Nevada,Nevada,Nevada,1.00,High,
2019,NCAA MOUNTAIN WEST,11,Fdbell5,UNLV,UNLV,UNLV,1.00,High,
2019,NCAA MOUNTAIN WEST,12,TBLowery58,San Deigo State,San Diego State,San Diego State,0.93,High,
2019,NCAA PAC 12,1,kfitch630,Arizona,Arizona,Arizona,1.00,High,
2019,NCAA PAC 12,2,tonytheLGND23,USC,USC,USC,1.00,High,
2019,NCAA PAC 12,3,WayneK17,Oregon state,Oregon State,Oregon State,1.00,High,
2019,NCAA PAC 12,4,chzhead412,Washington State,Washington State,Washington State,1.00,High,
2019,NCAA PAC 12,5,ChuucH1,Stanford ,Stanford,Stanford,1.00,High,
2019,NCAA PAC 12,6,Je4ez,Washington Huskies,Washington,Washington,0.90,High,
2019,NCAA PAC 12,7,benkline,Arizona State Sun Devils,Arizona State,Arizona,0.90,Check — differs from today,
2019,NCAA PAC 12,8,,,Colorado,Colorado,0.00,Assumed = today (blank/nickname) — verify,
2019,NCAA PAC 12,9,,,Oregon,Oregon,0.00,Assumed = today (blank/nickname) — verify,
2019,NCAA PAC 12,10,Cleaner7,California ,California,California,1.00,High,
2019,NCAA PAC 12,11,seniormeow,Utah Big Bois,Utah,Utah,0.90,High,
2019,NCAA PAC 12,12,fkakicker,UCLA,UCLA,UCLA,1.00,High,
2019,NCAA SEC,1,andcousinsissacked,Florida gators,Florida,Florida,0.90,High,
2019,NCAA SEC,2,mintpodbaker,LSU,LSU,LSU,1.00,High,
2019,NCAA SEC,3,ChadLowe,Tennessee,Tennessee,Tennessee,1.00,High,
2019,NCAA SEC,4,ahhchainsaw,Auburn Tigers,Auburn,Auburn,0.90,High,
2019,NCAA SEC,5,jakelac2,Ole Miss,Ole Miss,Ole Miss,1.00,High,
2019,NCAA SEC,6,IsaacTheThrillHill,,Mississippi State,Mississippi State,0.00,Assumed = today (blank/nickname) — verify,
2019,NCAA SEC,7,kodakjack,Georgia Bulldogs,Georgia,Georgia,0.90,High,
2019,NCAA SEC,8,benkline,LSU Tigers,Kentucky,LSU,0.90,Check — differs from today,
2019,NCAA SEC,9,gregorybly,Vanderbilt Commodores,Vanderbilt,Vanderbilt,0.90,High,
2019,NCAA SEC,10,Jasonkuz,Kentucky,South Carolina,Kentucky,1.00,Check — differs from today,
2019,NCAA SEC,11,SamLac,,Alabama,Alabama,0.00,Assumed = today (blank/nickname) — verify,
2019,NCAA SEC,12,ChaseKirmse,Arkansas,Arkansas,Arkansas,1.00,High,
2019,NCAA SUN BELT,1,mhy196,Temple,Temple,Temple,1.00,High,
2019,NCAA SUN BELT,2,L2noClout,UTEP Miners,UTEP,UTEP,0.90,High,
2019,NCAA SUN BELT,3,Prestongee17,Tulane,Tulane,Tulane,1.00,High,
2019,NCAA SUN BELT,4,thefalconsfix,Rice University ,Rice,Rice,0.90,High,
2019,NCAA SUN BELT,5,thedundercode,Marshall,Marshall,Marshall,1.00,High,
2019,NCAA SUN BELT,6,Raidersforte,Tulsa ,Tulsa,Tulsa,1.00,High,
2019,NCAA SUN BELT,7,,,Georgia Southern,Georgia Southern,0.00,Assumed = today (blank/nickname) — verify,
2019,NCAA SUN BELT,8,yoboihawks,Memphis Tigers,Memphis,Memphis,0.90,High,
2019,NCAA SUN BELT,9,denvermanning,Southern Mississippi. ,Southern Miss,Southern Miss,0.90,High,
2019,NCAA SUN BELT,10,Fr3shBC11,UAB Blazers,UAB,UAB,0.90,High,
2019,NCAA SUN BELT,11,ryanfried2,Louisiana Tech,Louisiana Tech,Louisiana Tech,1.00,High,
2019,NCAA SUN BELT,12,baymaniac,UTSA,UTSA,UTSA,1.00,High,
2019,NCAA WILD,1,Username483,Montana,Montana,Montana,1.00,High,
2019,NCAA WILD,2,FFPrimeTime,James Madison,James Madison,James Madison,1.00,High,
2019,NCAA WILD,3,4thdownTD,North dakota ,North Dakota State,North Dakota State,0.90,High,
2019,NCAA WILD,4,maybin,Central Michigan,Central Michigan,Central Michigan,1.00,High,
2019,NCAA WILD,5,DelbertLongino,Witchita State,Wichita State,Wichita State,0.96,High,
2019,NCAA WILD,6,prubinstein6,Eastern Michigan ,Eastern Michigan,Eastern Michigan,1.00,High,
2019,NCAA WILD,7,howaboutnoscott,San Jose State,San Jose State,San Jose State,1.00,High,
2019,NCAA WILD,8,Buckeyefan5184,The Citadel,Citadel,Citadel,0.90,High,
2019,NCAA WILD,9,Isaac3hhh,UCA,Central Arkansas,Central Arkansas,0.40,Assumed = today (blank/nickname) — verify,
2019,NCAA WILD,10,olddominion2020,,Old Dominion,Old Dominion,0.00,Assumed = today (blank/nickname) — verify,
2019,NCAA WILD,11,NateDoctorJay,South Dakota,South Dakota,South Dakota,1.00,High,
2019,NCAA WILD,12,DBGiants,Charlotte,UNC Charlotte,UNC Charlotte,0.90,High,
2020,NCAA ACC,1,ChrisW21,Virginia,Virginia,Virginia,1.00,High,
2020,NCAA ACC,2,BlockBoyz,UNC,North Carolina,North Carolina,1.00,High,
2020,NCAA ACC,3,linkoftime1,Georgia Tech,Georgia Tech,Georgia Tech,1.00,High,
2020,NCAA ACC,4,landonh12,Virginia tech,Virginia Tech,Virginia Tech,1.00,High,
2020,NCAA ACC,5,Yarby,Florida State,FSU,FSU,0.75,High,
2020,NCAA ACC,6,Mattyjohnson,Wake Forest,Wake Forest,Wake Forest,1.00,High,
2020,NCAA ACC,7,fatalbeast,Duke,Duke,Duke,1.00,High,
2020,NCAA ACC,8,eperedetto,BC Eagles ,Boston College,Boston College,0.50,Assumed = today (blank/nickname) — verify,
2020,NCAA ACC,9,B1GNate35,Miami,Miami,Miami,1.00,High,
2020,NCAA ACC,10,TheFFUK,NC State,NC State,NC State,1.00,High,
2020,NCAA ACC,11,Campbell8,Louisville,Louisville,Louisville,1.00,High,
2020,NCAA ACC,12,dilbennett,Clemson,Clemson,Clemson,1.00,High,
2020,NCAA BIG 10,1,itsonlyfantasy,Purdue Boiler Makers,Purdue,Purdue,0.90,High,
2020,NCAA BIG 10,2,EthanH,Nebraska Cornhuskers,Nebraska,Nebraska,0.90,High,
2020,NCAA BIG 10,3,Clamonte,Northwestern,Northwestern,Northwestern,1.00,High,
2020,NCAA BIG 10,4,URTOASTS,Michigan State,Michigan State,Michigan State,1.00,High,
2020,NCAA BIG 10,5,jreilly,Bright Future Penn State,Penn State,Penn State,0.90,High,
2020,NCAA BIG 10,6,laxbro000,Wisconsin Badgers,Wisconsin,Wisconsin,0.90,High,
2020,NCAA BIG 10,7,linkoftime1,Minnesota Golden Gophers,Minnesota,Minnesota,0.90,High,
2020,NCAA BIG 10,8,eseromo760,Indiana-Anyone want pics,Indiana,Indiana,0.90,High,
2020,NCAA BIG 10,9,DavidAshley,The Ohio State Buckeyes,Ohio State,Ohio State,0.90,High,
2020,NCAA BIG 10,10,richardson98,Illinois,Illinois,Illinois,1.00,High,
2020,NCAA BIG 10,11,TracertheRacer,Iowa Hawkeyes,Iowa,Iowa,0.90,High,
2020,NCAA BIG 10,12,christianpaton,Michigan Wolverines 🏆,Michigan,Michigan,0.90,High,
2020,NCAA BIG 12,1,BigSexy3422,Texas Tech ,Texas Tech,Texas Tech,1.00,High,
2020,NCAA BIG 12,2,ShaqFuNation,Iowa State,Iowa State,Iowa State,1.00,High,
2020,NCAA BIG 12,3,lilforeign,Missouri,Missouri,Missouri,1.00,High,
2020,NCAA BIG 12,4,deadheadshane,Texas A&M ,Texas A&M,Texas A&M,1.00,High,
2020,NCAA BIG 12,5,robertlouis7,Baylor,Baylor,Baylor,1.00,High,
2020,NCAA BIG 12,6,elianbruger,Texas,Texas,Texas,1.00,High,
2020,NCAA BIG 12,7,Frankeen,Kansas State,Kansas State,Kansas State,1.00,High,
2020,NCAA BIG 12,8,alicho,West Virginia Big XII 🏆,West Virginia,West Virginia,0.90,High,
2020,NCAA BIG 12,9,rchau56,Oklahoma,Oklahoma,Oklahoma,1.00,High,
2020,NCAA BIG 12,10,linkoftime1,Kansas,Kansas,Kansas,1.00,High,
2020,NCAA BIG 12,11,joshrummel,TCU,TCU,TCU,1.00,High,
2020,NCAA BIG 12,12,FancyLlama,OK St,Oklahoma State,Oklahoma State,0.53,Assumed = today (blank/nickname) — verify,
2020,NCAA BIG EAST & CO.,1,linkoftime1,Rutgers,Rutgers,Rutgers,1.00,High,
2020,NCAA BIG EAST & CO.,2,UrTrash,Maryland Terrapins,Maryland,Maryland,0.90,High,
2020,NCAA BIG EAST & CO.,3,ikemendel,South Dakota State,South Dakota State,South Dakota State,1.00,High,
2020,NCAA BIG EAST & CO.,4,vma2016,pitt panthers,Pittsburgh,Pittsburgh,0.43,Assumed = today (blank/nickname) — verify,
2020,NCAA BIG EAST & CO.,5,atlforlife8,Uconn (rebuilding),UCONN,UCONN,0.90,High,
2020,NCAA BIG EAST & CO.,6,joonbug,Coastal Carolina,Coastal Carolina,Coastal Carolina,1.00,High,
2020,NCAA BIG EAST & CO.,7,CodeKhaos,Syracuse Orange,Syracuse,Syracuse,0.90,High,
2020,NCAA BIG EAST & CO.,8,Claser,Army is Goated TBH,Army,Army,0.90,High,
2020,NCAA BIG EAST & CO.,9,Jason31,UCF,UCF,UCF,1.00,High,
2020,NCAA BIG EAST & CO.,10,CycloneHusker,USF,USF,USF,1.00,High,
2020,NCAA BIG EAST & CO.,11,Ianiners,Navy Shitman,Navy,Navy,0.90,High,
2020,NCAA BIG EAST & CO.,12,doinkey,Notre dams ,Notre Dame,Notre Dame,0.90,High,
2020,NCAA BIG SKY,1,PedroCal,Rhode Island Rams,Rhode Island,Rhode Island,0.90,High,
2020,NCAA BIG SKY,2,PapaCrowther,Villanova Wildcats ,Villanova,Villanova,0.90,High,
2020,NCAA BIG SKY,3,NADO13,William & Mary,William & Mary,William & Mary,1.00,High,
2020,NCAA BIG SKY,4,Elestial,Eastern Washington ,Eastern Washington,Eastern Washington,1.00,High,
2020,NCAA BIG SKY,5,Julian1993,Stony Brook Seawolves,Stony Brook,Stony Brook,0.90,High,
2020,NCAA BIG SKY,6,Elwayluva7,Montana State,Montana State,Montana State,1.00,High,
2020,NCAA BIG SKY,7,fballfreek80,Richmond,Richmond,Richmond,1.00,High,
2020,NCAA BIG SKY,8,linkoftime1,Portland State,Portland State,Portland State,1.00,High,
2020,NCAA BIG SKY,9,Pinky7373,Weber State,Weber State,Weber State,1.00,High,
2020,NCAA BIG SKY,10,DaLegend,Nothern Iowa ,Northern Iowa,Northern Iowa,0.96,High,
2020,NCAA BIG SKY,11,jmaclean,Maine,Maine,Maine,1.00,High,
2020,NCAA BIG SKY,12,mssullivan2022,Youngstown St.,Youngstown State,Youngstown State,0.90,High,
2020,NCAA HISTORICALLY BLACK,1,PhantomXX,North Carolina A&T,North Carolina A&T,North Carolina A&T,1.00,High,
2020,NCAA HISTORICALLY BLACK,2,ImRickJames,Alabama A&M,Alabama A&M,Alabama A&M,1.00,High,
2020,NCAA HISTORICALLY BLACK,3,JackSibley28,Delaware State,Delaware State,Delaware State,1.00,High,
2020,NCAA HISTORICALLY BLACK,4,CheeseHeadLover,Southern ,Southern,Southern,1.00,High,
2020,NCAA HISTORICALLY BLACK,5,tpearson2222,Florida A&M,Florida A&M,Florida A&M,1.00,High,
2020,NCAA HISTORICALLY BLACK,6,xfsaint,Howard,Howard,Howard,1.00,High,
2020,NCAA HISTORICALLY BLACK,7,StrikerS091,MVSU Delta Devils,Mississippi Valley State,Mississippi Valley State,0.39,Assumed = today (blank/nickname) — verify,
2020,NCAA HISTORICALLY BLACK,8,caseywebb83,Alcorn,Alcorn State,Alcorn State,0.90,High,
2020,NCAA HISTORICALLY BLACK,9,Broshmo2334,Bethune-Cookman,Bethune - Cookman,Bethune - Cookman,0.94,High,
2020,NCAA HISTORICALLY BLACK,10,dakistrash,Hampton,Jackson State,Jackson State,0.31,Assumed = today (blank/nickname) — verify,
2020,NCAA HISTORICALLY BLACK,11,PineappleJewz,Tuskegee,Tuskegee,Tuskegee,1.00,High,
2020,NCAA HISTORICALLY BLACK,12,linkoftime1,Grambling State,Grambling State,Grambling State,1.00,High,
2020,NCAA IVY,1,FlynnD,Brown,Brown,Brown,1.00,High,
2020,NCAA IVY,2,Matthew12,Harvard,Harvard,Harvard,1.00,High,
2020,NCAA IVY,3,Jrodr71,Bucknell ,Bucknell,Bucknell,1.00,High,
2020,NCAA IVY,4,alecgagnon2001,Columbia ,Columbia,Columbia,1.00,High,
2020,NCAA IVY,5,ccassidy,Georgetown,Georgetown,Georgetown,1.00,High,
2020,NCAA IVY,6,ryanmchugh,Lehigh,Lehigh,Lehigh,1.00,High,
2020,NCAA IVY,7,Spence24,Penn,Penn,Penn,1.00,High,
2020,NCAA IVY,8,Maxattack19xx,Colgate,Colgate,Colgate,1.00,High,
2020,NCAA IVY,9,linkoftime1,Yale,Yale,Yale,1.00,High,
2020,NCAA IVY,10,Tedword,,Princeton,Princeton,0.00,Assumed = today (blank/nickname) — verify,
2020,NCAA IVY,11,jtheadrick98,Dartmouth,Dartmouth,Dartmouth,1.00,High,
2020,NCAA IVY,12,cobrapanther99,Cornell Big Red,Cornell,Cornell,0.90,High,
2020,NCAA MOUNTAIN WEST,1,sKenns,Hawaii,Hawaii,Hawaii,1.00,High,
2020,NCAA MOUNTAIN WEST,2,bucketmikal14,Boise State,Boise State,Boise State,1.00,High,
2020,NCAA MOUNTAIN WEST,3,ryanl17,Wyoming,Wyoming,Wyoming,1.00,High,
2020,NCAA MOUNTAIN WEST,4,Kyvend01,Fresno State,Air Force,Fresno State,1.00,Check — differs from today,
2020,NCAA MOUNTAIN WEST,5,KingWapo,Utah State,Utah State,Utah State,1.00,High,
2020,NCAA MOUNTAIN WEST,6,Avery33,BYU,BYU,BYU,1.00,High,
2020,NCAA MOUNTAIN WEST,7,brennanclark,Idaho Potatoes ,Fresno State,Fresno State,0.58,Assumed = today (blank/nickname) — verify,
2020,NCAA MOUNTAIN WEST,8,bkoldham,Colorado State,Colorado State,Colorado State,1.00,High,
2020,NCAA MOUNTAIN WEST,9,linkoftime1,New Mexico,New Mexico,New Mexico,1.00,High,
2020,NCAA MOUNTAIN WEST,10,Chang,Nevada,Nevada,Nevada,1.00,High,
2020,NCAA MOUNTAIN WEST,11,ZMATH11,UNLV,UNLV,UNLV,1.00,High,
2020,NCAA MOUNTAIN WEST,12,TBLowery58,San Diego State,San Diego State,San Diego State,1.00,High,
2020,NCAA PAC 12,1,linkoftime1,Arizona,Arizona,Arizona,1.00,High,
2020,NCAA PAC 12,2,,,USC,USC,0.00,Assumed = today (blank/nickname) — verify,
2020,NCAA PAC 12,3,WayneK17,Oregon State,Oregon State,Oregon State,1.00,High,
2020,NCAA PAC 12,4,chzhead412,Washington State,Washington State,Washington State,1.00,High,
2020,NCAA PAC 12,5,cooperthach,Stanford,Stanford,Stanford,1.00,High,
2020,NCAA PAC 12,6,,,Washington,Washington,0.00,Assumed = today (blank/nickname) — verify,
2020,NCAA PAC 12,7,wrightc214,Arizona State,Arizona State,Arizona State,1.00,High,
2020,NCAA PAC 12,8,ColoradoBuffs,,Colorado,Colorado,0.00,Assumed = today (blank/nickname) — verify,
2020,NCAA PAC 12,9,ScottyW13,Oregon,Oregon,Oregon,1.00,High,
2020,NCAA PAC 12,10,Cleaner7,California,California,California,1.00,High,
2020,NCAA PAC 12,11,seniormeow,University of Utah,Utah,Utah,0.90,High,
2020,NCAA PAC 12,12,BooleyWaters,UCLA,UCLA,UCLA,1.00,High,
2020,NCAA PIONEER,1,MattJB87,Wofford Terriers,Wofford,Wofford,0.90,High,
2020,NCAA PIONEER,2,boulios,Holy Cross,Holy Cross,Holy Cross,1.00,High,
2020,NCAA PIONEER,3,FirstPlaceFantasy,Murray St.,Murray State,Murray State,0.90,High,
2020,NCAA PIONEER,4,AccusedRanger97,Butler Bulldogs,Butler,Butler,0.90,High,
2020,NCAA PIONEER,5,fwen,Tennessee State,Tennessee State,Tennessee State,1.00,High,
2020,NCAA PIONEER,6,NewGOAT15,SE Missouri State,SE Missouri State,SE Missouri State,1.00,High,
2020,NCAA PIONEER,7,doubleD87,,Dayton,Dayton,0.00,Assumed = today (blank/nickname) — verify,
2020,NCAA PIONEER,8,CrownMeKing,Campbell Fightin Camels,Campbell,Campbell,0.90,High,
2020,NCAA PIONEER,9,cullenschrock,Austin Peay,Austin Peay,Austin Peay,1.00,High,
2020,NCAA PIONEER,10,linkoftime1,Furman,Furman,Furman,1.00,High,
2020,NCAA PIONEER,11,HPTexans,UT Martin,UT Martin,UT Martin,1.00,High,
2020,NCAA PIONEER,12,willsingle05,Davidson Wildcats,Davidson,Davidson,0.90,High,
2020,NCAA SEC,1,andcousinsissacked,Florida ,Florida,Florida,1.00,High,
2020,NCAA SEC,2,mintpodbaker,LSU,LSU,LSU,1.00,High,
2020,NCAA SEC,3,ChadLowe,Tennessee,Tennessee,Tennessee,1.00,High,
2020,NCAA SEC,4,ahhchainsaw,Auburn,Auburn,Auburn,1.00,High,
2020,NCAA SEC,5,ryankenn,Ole Miss,Ole Miss,Ole Miss,1.00,High,
2020,NCAA SEC,6,cheesebot,Mississippi State,Mississippi State,Mississippi State,1.00,High,
2020,NCAA SEC,7,linkoftime1,Georgia Bulldogs,Georgia,Georgia,0.90,High,
2020,NCAA SEC,8,saffo937,South Carolina Gamecocks,Kentucky,South Carolina,0.90,Check — differs from today,
2020,NCAA SEC,9,gregorybly,Vanderbilt Commodores,Vanderbilt,Vanderbilt,0.90,High,
2020,NCAA SEC,10,Jasonkuz,Kentucky,South Carolina,Kentucky,1.00,Check — differs from today,
2020,NCAA SEC,11,devbovino,Alabama,Alabama,Alabama,1.00,High,
2020,NCAA SEC,12,JosephMarin07,Arkansas,Arkansas,Arkansas,1.00,High,
2020,NCAA SOUTHLAND,1,aresthegoat,McNeese state,(league not in Teams.csv),,0.00,No match — Chris to fill,
2020,NCAA SOUTHLAND,2,Fantasy412,Prysbyterian,(league not in Teams.csv),,0.00,No match — Chris to fill,
2020,NCAA SOUTHLAND,3,LionVol,Stephen F. Austin,(league not in Teams.csv),,0.00,No match — Chris to fill,
2020,NCAA SOUTHLAND,4,restartthecarr,Florida Gulf Coast,(league not in Teams.csv),,0.00,No match — Chris to fill,
2020,NCAA SOUTHLAND,5,CAVEMAN1701,Sam Houston State,(league not in Teams.csv),,0.00,No match — Chris to fill,
2020,NCAA SOUTHLAND,6,majerused,Lamar,(league not in Teams.csv),,0.00,No match — Chris to fill,
2020,NCAA SOUTHLAND,7,xXKtuluXx,S.E.L,(league not in Teams.csv),,0.00,No match — Chris to fill,
2020,NCAA SOUTHLAND,8,linkoftime1,Dixie State,(league not in Teams.csv),,0.00,No match — Chris to fill,
2020,NCAA SOUTHLAND,9,lmerkouSaints,Houston Baptist,(league not in Teams.csv),,0.00,No match — Chris to fill,
2020,NCAA SOUTHLAND,10,ImagineWiigons,North Western State,(league not in Teams.csv),,0.00,No match — Chris to fill,
2020,NCAA SOUTHLAND,11,flsIII,Nicholls state,(league not in Teams.csv),,0.00,No match — Chris to fill,
2020,NCAA SOUTHLAND,12,PandaSurprise,Incarnate Word,(league not in Teams.csv),,0.00,No match — Chris to fill,
2020,NCAA SUN BELT,1,Piglet10,Temple,Temple,Temple,1.00,High,
2020,NCAA SUN BELT,2,CRicks3,UTEP,UTEP,UTEP,1.00,High,
2020,NCAA SUN BELT,3,Prestongee17,Tulane,Tulane,Tulane,1.00,High,
2020,NCAA SUN BELT,4,Lucchityler,,Rice,Rice,0.00,Assumed = today (blank/nickname) — verify,
2020,NCAA SUN BELT,5,bondsmartini,Marshall,Marshall,Marshall,1.00,High,
2020,NCAA SUN BELT,6,Raidersforte,Tulsa ,Tulsa,Tulsa,1.00,High,
2020,NCAA SUN BELT,7,ericdas12,Georgia Southern,Georgia Southern,Georgia Southern,1.00,High,
2020,NCAA SUN BELT,8,yoboihawks,Memphis,Memphis,Memphis,1.00,High,
2020,NCAA SUN BELT,9,linkoftime1,Southern Miss,Southern Miss,Southern Miss,1.00,High,
2020,NCAA SUN BELT,10,Fr3shBC11,UAB,UAB,UAB,1.00,High,
2020,NCAA SUN BELT,11,ryanfried2,LA Tech,Louisiana Tech,Louisiana Tech,0.67,High,
2020,NCAA SUN BELT,12,utsa,UTSA,UTSA,UTSA,1.00,High,
2020,NCAA USA,1,dh671,Troy,Troy,Troy,1.00,High,
2020,NCAA USA,2,kjones15,North Texas,North Texas,North Texas,1.00,High,
2020,NCAA USA,3,DapperDave89,FAU,Florida Atlantic,Florida Atlantic,0.21,Assumed = today (blank/nickname) — verify,
2020,NCAA USA,4,bnk2404,Motley Cruz,South Alabama,South Alabama,0.30,Assumed = today (blank/nickname) — verify,
2020,NCAA USA,5,sammyfshy,Georgia state,Georgia State,Georgia State,1.00,High,
2020,NCAA USA,6,linkoftime1,Western Kentucky,Western Kentucky,Western Kentucky,1.00,High,
2020,NCAA USA,7,ealper77,Middle Tennessee,Middle Tennessee State,Middle Tennessee State,0.90,High,
2020,NCAA USA,8,lepiscoposhow,Arkansas State,Arkansas State,Arkansas State,1.00,High,
2020,NCAA USA,9,ATypicalDerp,Texas State ,Texas State,Texas State,1.00,High,
2020,NCAA USA,10,midnightmickeycorbs,Louisiana Monroe,Florida International,Louisiana Monroe,1.00,Check — differs from today,
2020,NCAA USA,11,therealfitzmagic,South Alabama,Louisiana,South Alabama,1.00,Check — differs from today,
2020,NCAA USA,12,Willyammers,Oouisiana,Louisiana Monroe,Louisiana,0.89,Check — differs from today,
2020,NCAA WILD,1,LanceBoneau,Montana,Montana,Montana,1.00,High,
2020,NCAA WILD,2,PrimeTime78,James Madison,James Madison,James Madison,1.00,High,
2020,NCAA WILD,3,4thdownTD,ND state ,North Dakota State,North Dakota State,0.75,High,
2020,NCAA WILD,4,ethan75,Central Michigan,Central Michigan,Central Michigan,1.00,High,
2020,NCAA WILD,5,KerriganNation,Wichita State,Wichita State,Wichita State,1.00,High,
2020,NCAA WILD,6,ThomasHarris,Eastern Michigan,Eastern Michigan,Eastern Michigan,1.00,High,
2020,NCAA WILD,7,SlatonDa3rd,San jose,San Jose State,San Jose State,0.90,High,
2020,NCAA WILD,8,Buckeyefan5184,The Citadel,Citadel,Citadel,0.90,High,
2020,NCAA WILD,9,MrBarryMcCockiner,Central Arkansas ,Central Arkansas,Central Arkansas,1.00,High,
2020,NCAA WILD,10,olddominion2020,Old dominion,Old Dominion,Old Dominion,1.00,High,
2020,NCAA WILD,11,Squinto,South Dakota,South Dakota,South Dakota,1.00,High,
2020,NCAA WILD,12,linkoftime1,UNC Charlotte,UNC Charlotte,UNC Charlotte,1.00,High,
