Year,LeagueID,LeagueName,RosterID,OwnerID,OwnerName,SleeperTeamName
2019,455862950553448448,NCAA ACC,1,431254350514356224,MikeD302,UVA Wahoos
2019,455862950553448448,NCAA ACC,2,329474836155879424,BlockBoyz,UNC
2019,455862950553448448,NCAA ACC,3,455753261765357568,BDAVIS309,Georgia Tech
2019,455862950553448448,NCAA ACC,4,455836851501002752,landonh12,Virginia tech
2019,455862950553448448,NCAA ACC,5,412872416486764544,Porrikov,FSU
2019,455862950553448448,NCAA ACC,6,487145262624534528,MuckFichigan9310,
2019,455862950553448448,NCAA ACC,7,453658285061435392,fatalbeast,Duke Blue Devils
2019,455862950553448448,NCAA ACC,8,456168604006608896,eperedetto,Boston College (E.J.)
2019,455862950553448448,NCAA ACC,9,412321968218451968,B1GNate35,Miami Hurricanes
2019,455862950553448448,NCAA ACC,10,343081722184728576,TheFFUK,NC State WolfPack
2019,455862950553448448,NCAA ACC,11,458070829909929984,Campbell8,Louisville
2019,455862950553448448,NCAA ACC,12,447244659752693760,MoeMoghrabi,Clemson Tigers
2019,460505297153159168,NCAA AMERICAN,1,,,
2019,460505297153159168,NCAA AMERICAN,2,Orphan,Orphan,Air Force Falcons
2019,460505297153159168,NCAA AMERICAN,3,448960297869242368,nflpollsnow,Toledo
2019,460505297153159168,NCAA AMERICAN,4,338808944136822784,M4CHINE,Miami-Ohio
2019,460505297153159168,NCAA AMERICAN,5,462804070080442368,dabeastman,Ohio Bobcats
2019,460505297153159168,NCAA AMERICAN,6,461371192859684864,giants95,Western Michigan 
2019,460505297153159168,NCAA AMERICAN,7,338755364516274176,craklin,Buffalo
2019,460505297153159168,NCAA AMERICAN,8,483060475177725952,DunkmasterCj,Cincinatti
2019,460505297153159168,NCAA AMERICAN,9,468528626384498688,ThomasKennen,ECU
2019,460505297153159168,NCAA AMERICAN,10,483372287504936960,MrH0bbes,Ball State
2019,460505297153159168,NCAA AMERICAN,11,482752177878593536,tdeck4,Appalachian State
2019,460505297153159168,NCAA AMERICAN,12,465954574398648320,JBlack14,NIU
2019,460505110800232448,NCAA BIG 10,1,340600026956906496,LastChapter,Purdue Boiler Makers
2019,460505110800232448,NCAA BIG 10,2,438178170542223360,EthanH,Nebraska
2019,460505110800232448,NCAA BIG 10,3,456550391375458304,NorthWestern,
2019,460505110800232448,NCAA BIG 10,4,,,
2019,460505110800232448,NCAA BIG 10,5,459190461706268672,jreilly,Penn State
2019,460505110800232448,NCAA BIG 10,6,460511267564548096,laxbro000,Wisconsin Badgers
2019,460505110800232448,NCAA BIG 10,7,460518714907815936,linkoftime1,Minnesota Golden Gophers
2019,460505110800232448,NCAA BIG 10,8,475385751685558272,Shemann20,Indiana
2019,460505110800232448,NCAA BIG 10,9,Orphan,Orphan,Ohio State Buckeyes
2019,460505110800232448,NCAA BIG 10,10,459506557705515008,briceharris,illinois
2019,460505110800232448,NCAA BIG 10,11,388919621245210624,TracertheRacer,Iowa Hawkeyes
2019,460505110800232448,NCAA BIG 10,12,443870183853912064,chrispaton,Michigan
2019,471499316175826944,NCAA BIG 12,1,446530486903238656,BigSexy3422,Texas Tech
2019,471499316175826944,NCAA BIG 12,2,323640589469892608,TheFootballFix,Iowa State
2019,471499316175826944,NCAA BIG 12,3,468501524721430528,arnavgupta2,Missouri 
2019,471499316175826944,NCAA BIG 12,4,425362114291437568,deadheadshane,Texas A&M 
2019,471499316175826944,NCAA BIG 12,5,464117743042424832,robertlouis7,Baylor
2019,471499316175826944,NCAA BIG 12,6,425006263294767104,SOUTHBAYJAY,TEXAS
2019,471499316175826944,NCAA BIG 12,7,439951446121639936,ffchampion,Kansas State
2019,471499316175826944,NCAA BIG 12,8,467444550814658560,robbiejaxn,West Virginia
2019,471499316175826944,NCAA BIG 12,9,453711063846744064,rchau56,Oklahoma
2019,471499316175826944,NCAA BIG 12,10,Orphan,Orphan,
2019,471499316175826944,NCAA BIG 12,11,443975346555973632,joshrummel,TCU
2019,471499316175826944,NCAA BIG 12,12,446397791615315968,FancyLlama,Oklahoma State
2019,455834597620445184,NCAA BIG EAST & CO.,1,447775127048810496,theeaglesfix,Rutgers 2019 8th Place
2019,455834597620445184,NCAA BIG EAST & CO.,2,389656085486649344,UrTrash,Maryland Terrapins
2019,455834597620445184,NCAA BIG EAST & CO.,3,333005257409847296,ikemendel,South Dakota State
2019,455834597620445184,NCAA BIG EAST & CO.,4,456129190995947520,vma2016,pitt
2019,455834597620445184,NCAA BIG EAST & CO.,5,464086547717681152,aidenfootballking,UConn
2019,455834597620445184,NCAA BIG EAST & CO.,6,456132537073266688,KalebT,Coastal Carolina
2019,455834597620445184,NCAA BIG EAST & CO.,7,456159345906806784,Syracuse1,Syracuse
2019,455834597620445184,NCAA BIG EAST & CO.,8,456167283761344512,Claser,#ArmyOnTop
2019,455834597620445184,NCAA BIG EAST & CO.,9,482459707504586752,flappyjacks,
2019,455834597620445184,NCAA BIG EAST & CO.,10,,,
2019,455834597620445184,NCAA BIG EAST & CO.,11,456182244336201728,Ianiners,Navy Shipman
2019,455834597620445184,NCAA BIG EAST & CO.,12,430187140727451648,doinkey,Notre dame
2019,462453135504306176,NCAA IVY,1,468150356518367232,TonyP1765,Brown
2019,462453135504306176,NCAA IVY,2,444023429222363136,Bussey,Harvard
2019,462453135504306176,NCAA IVY,3,489629400208240640,jordanfiedel,Bucknell
2019,462453135504306176,NCAA IVY,4,508719670362374144,thomascoates,Tom 
2019,462453135504306176,NCAA IVY,5,395321276102627328,ccassidy,Georgetown
2019,462453135504306176,NCAA IVY,6,508415252621357056,ryanmchugh,Sleeper
2019,462453135504306176,NCAA IVY,7,463944449920069632,Spence24,Penn
2019,462453135504306176,NCAA IVY,8,464625836192952320,brooksy33,Colgate “Not Red” Raiders
2019,462453135504306176,NCAA IVY,9,446519431196045312,MarBra24,Yale
2019,462453135504306176,NCAA IVY,10,464233560753041408,Princeton,
2019,462453135504306176,NCAA IVY,11,460895027179024384,jtheadrick98,Dartmouth 
2019,462453135504306176,NCAA IVY,12,464595147808567296,cobrapanther99,Cornell “Big Red” Bears
2019,462407211507773440,NCAA MOUNTAIN WEST,1,Orphan,Orphan,Hawaii Rainbow Warriors
2019,462407211507773440,NCAA MOUNTAIN WEST,2,463106510101147648,bucketmikal14,Boise state
2019,462407211507773440,NCAA MOUNTAIN WEST,3,463057520089362432,ryanlin,Wyoming
2019,462407211507773440,NCAA MOUNTAIN WEST,4,447631496010788864,BLutz23,Fresno State
2019,462407211507773440,NCAA MOUNTAIN WEST,5,462379750468349952,Deme,Utah State
2019,462407211507773440,NCAA MOUNTAIN WEST,6,482448684026425344,AveryLee33,BYU
2019,462407211507773440,NCAA MOUNTAIN WEST,7,463004241129107456,Idaho77,Idaho
2019,462407211507773440,NCAA MOUNTAIN WEST,8,325726913966395392,bkoldham,Colorado State
2019,462407211507773440,NCAA MOUNTAIN WEST,9,463212708402032640,Matthew12,New Mexico
2019,462407211507773440,NCAA MOUNTAIN WEST,10,461772326111801344,Chang,Nevada
2019,462407211507773440,NCAA MOUNTAIN WEST,11,489121730279763968,Fdbell5,UNLV
2019,462407211507773440,NCAA MOUNTAIN WEST,12,322205296309051392,TBLowery58,San Deigo State
2019,460504411332931584,NCAA PAC 12 ,1,437465313911500800,kfitch630,Arizona
2019,460504411332931584,NCAA PAC 12 ,2,460730537724604416,tonytheLGND23,USC
2019,460504411332931584,NCAA PAC 12 ,3,328268033216749568,WayneK17,Oregon state
2019,460504411332931584,NCAA PAC 12 ,4,477666723663704064,chzhead412,Washington State
2019,460504411332931584,NCAA PAC 12 ,5,449591245241577472,ChuucH1,Stanford 
2019,460504411332931584,NCAA PAC 12 ,6,445343296378630144,Je4ez,Washington Huskies
2019,460504411332931584,NCAA PAC 12 ,7,460383495076704256,benkline,Arizona State Sun Devils
2019,460504411332931584,NCAA PAC 12 ,8,,,
2019,460504411332931584,NCAA PAC 12 ,9,,,
2019,460504411332931584,NCAA PAC 12 ,10,461082030721986560,Cleaner7,California 
2019,460504411332931584,NCAA PAC 12 ,11,76460245878456320,seniormeow,Utah Big Bois
2019,460504411332931584,NCAA PAC 12 ,12,457719269589774336,fkakicker,UCLA
2019,460505032731652096,NCAA SEC,1,441458152391569408,andcousinsissacked,Florida gators
2019,460505032731652096,NCAA SEC,2,473596673050800128,mintpodbaker,LSU
2019,460505032731652096,NCAA SEC,3,457957045534978048,ChadLowe,Tennessee
2019,460505032731652096,NCAA SEC,4,446524535810813952,ahhchainsaw,Auburn Tigers
2019,460505032731652096,NCAA SEC,5,442366201536966656,jakelac2,Ole Miss
2019,460505032731652096,NCAA SEC,6,466850678816370688,IsaacTheThrillHill,
2019,460505032731652096,NCAA SEC,7,461680102409760768,kodakjack,Georgia Bulldogs
2019,460505032731652096,NCAA SEC,8,Orphan,Orphan,LSU Tigers
2019,460505032731652096,NCAA SEC,9,503639845369802752,gregorybly,Vanderbilt Commodores
2019,460505032731652096,NCAA SEC,10,446782746484797440,Jasonkuz,Kentucky
2019,460505032731652096,NCAA SEC,11,447199868746723328,SamLac,
2019,460505032731652096,NCAA SEC,12,466015782229241856,ChaseKirmse,Arkansas
2019,462407340038025216,NCAA SUN BELT,1,502892091546791936,mhy196,Temple
2019,462407340038025216,NCAA SUN BELT,2,464247141036978176,L2noClout,UTEP Miners
2019,462407340038025216,NCAA SUN BELT,3,481957045667360768,Prestongee17,Tulane
2019,462407340038025216,NCAA SUN BELT,4,447283305738399744,thefalconsfix,Rice University 
2019,462407340038025216,NCAA SUN BELT,5,472546786053976064,thedundercode,Marshall
2019,462407340038025216,NCAA SUN BELT,6,465019661495300096,Raidersforte,Tulsa 
2019,462407340038025216,NCAA SUN BELT,7,,,
2019,462407340038025216,NCAA SUN BELT,8,441362521463451648,yoboihawks,Memphis Tigers
2019,462407340038025216,NCAA SUN BELT,9,380128482900062208,denvermanning,Southern Mississippi. 
2019,462407340038025216,NCAA SUN BELT,10,441330448283463680,Fr3shBC11,UAB Blazers
2019,462407340038025216,NCAA SUN BELT,11,461681329860243456,ryanfried2,Louisiana Tech
2019,462407340038025216,NCAA SUN BELT,12,465297932204109824,baymaniac,UTSA
2019,462453279037583360,NCAA WILD,1,457579310098673664,Username483,Montana
2019,462453279037583360,NCAA WILD,2,332533603546189824,FFPrimeTime,James Madison
2019,462453279037583360,NCAA WILD,3,441392312380026880,4thdownTD,North dakota 
2019,462453279037583360,NCAA WILD,4,462924007415476224,maybin,Central Michigan
2019,462453279037583360,NCAA WILD,5,465260042191368192,DelbertLongino,Witchita State
2019,462453279037583360,NCAA WILD,6,464886421866409984,prubinstein6,Eastern Michigan 
2019,462453279037583360,NCAA WILD,7,465262570945638400,howaboutnoscott,San Jose State
2019,462453279037583360,NCAA WILD,8,462714981117325312,Buckeyefan5184,The Citadel
2019,462453279037583360,NCAA WILD,9,465263224640499712,Isaac3hhh,UCA
2019,462453279037583360,NCAA WILD,10,505166677990699008,olddominion2020,
2019,462453279037583360,NCAA WILD,11,465270232106135552,NateDoctorJay,South Dakota
2019,462453279037583360,NCAA WILD,12,448446449538035712,DBGiants,Charlotte
2020,520082008453632000,NCAA ACC,1,571754879825395712,ChrisW21,Virginia
2020,520082008453632000,NCAA ACC,2,329474836155879424,BlockBoyz,UNC
2020,520082008453632000,NCAA ACC,3,460518714907815936,linkoftime1,Georgia Tech
2020,520082008453632000,NCAA ACC,4,455836851501002752,landonh12,Virginia tech
2020,520082008453632000,NCAA ACC,5,468618720470626304,Yarby,Florida State
2020,520082008453632000,NCAA ACC,6,560532242028425216,Mattyjohnson,Wake Forest
2020,520082008453632000,NCAA ACC,7,453658285061435392,fatalbeast,Duke
2020,520082008453632000,NCAA ACC,8,456168604006608896,eperedetto,BC Eagles 
2020,520082008453632000,NCAA ACC,9,412321968218451968,B1GNate35,Miami
2020,520082008453632000,NCAA ACC,10,343081722184728576,TheFFUK,NC State
2020,520082008453632000,NCAA ACC,11,458070829909929984,Campbell8,Louisville
2020,520082008453632000,NCAA ACC,12,302575527556825088,dilbennett,Clemson
2020,519114104323002368,NCAA BIG 10,1,340600026956906496,itsonlyfantasy,Purdue Boiler Makers
2020,519114104323002368,NCAA BIG 10,2,438178170542223360,EthanH,Nebraska Cornhuskers
2020,519114104323002368,NCAA BIG 10,3,456550391375458304,Clamonte,Northwestern
2020,519114104323002368,NCAA BIG 10,4,519389380047458304,URTOASTS,Michigan State
2020,519114104323002368,NCAA BIG 10,5,459190461706268672,jreilly,Bright Future Penn State
2020,519114104323002368,NCAA BIG 10,6,460511267564548096,laxbro000,Wisconsin Badgers
2020,519114104323002368,NCAA BIG 10,7,460518714907815936,linkoftime1,Minnesota Golden Gophers
2020,519114104323002368,NCAA BIG 10,8,519694666546008064,eseromo760,Indiana-Anyone want pics
2020,519114104323002368,NCAA BIG 10,9,559208653427675136,DavidAshley,The Ohio State Buckeyes
2020,519114104323002368,NCAA BIG 10,10,459225788735025152,richardson98,Illinois
2020,519114104323002368,NCAA BIG 10,11,388919621245210624,TracertheRacer,Iowa Hawkeyes
2020,519114104323002368,NCAA BIG 10,12,443870183853912064,christianpaton,Michigan Wolverines 🏆
2020,520086664899657728,NCAA BIG 12,1,446530486903238656,BigSexy3422,Texas Tech 
2020,520086664899657728,NCAA BIG 12,2,81122532153245696,ShaqFuNation,Iowa State
2020,520086664899657728,NCAA BIG 12,3,468501524721430528,lilforeign,Missouri
2020,520086664899657728,NCAA BIG 12,4,425362114291437568,deadheadshane,Texas A&M 
2020,520086664899657728,NCAA BIG 12,5,464117743042424832,robertlouis7,Baylor
2020,520086664899657728,NCAA BIG 12,6,335910160469880832,elianbruger,Texas
2020,520086664899657728,NCAA BIG 12,7,425386065373691904,Frankeen,Kansas State
2020,520086664899657728,NCAA BIG 12,8,543929284962770944,alicho,West Virginia Big XII 🏆
2020,520086664899657728,NCAA BIG 12,9,453711063846744064,rchau56,Oklahoma
2020,520086664899657728,NCAA BIG 12,10,460518714907815936,linkoftime1,Kansas
2020,520086664899657728,NCAA BIG 12,11,443975346555973632,joshrummel,TCU
2020,520086664899657728,NCAA BIG 12,12,446397791615315968,FancyLlama,OK St
2020,519112273652240384,NCAA BIG EAST & CO.,1,460518714907815936,linkoftime1,Rutgers
2020,519112273652240384,NCAA BIG EAST & CO.,2,389656085486649344,UrTrash,Maryland Terrapins
2020,519112273652240384,NCAA BIG EAST & CO.,3,333005257409847296,ikemendel,South Dakota State
2020,519112273652240384,NCAA BIG EAST & CO.,4,456129190995947520,vma2016,pitt panthers
2020,519112273652240384,NCAA BIG EAST & CO.,5,349000211928186880,atlforlife8,Uconn (rebuilding)
2020,519112273652240384,NCAA BIG EAST & CO.,6,443323427143544832,joonbug,Coastal Carolina
2020,519112273652240384,NCAA BIG EAST & CO.,7,456159345906806784,CodeKhaos,Syracuse Orange
2020,519112273652240384,NCAA BIG EAST & CO.,8,456167283761344512,Claser,Army is Goated TBH
2020,519112273652240384,NCAA BIG EAST & CO.,9,482459707504586752,Jason31,UCF
2020,519112273652240384,NCAA BIG EAST & CO.,10,338858684358623232,CycloneHusker,USF
2020,519112273652240384,NCAA BIG EAST & CO.,11,456182244336201728,Ianiners,Navy Shitman
2020,519112273652240384,NCAA BIG EAST & CO.,12,430187140727451648,doinkey,Notre dams 
2020,519431936523956224,NCAA BIG SKY,1,516266187571630080,PedroCal,Rhode Island Rams
2020,519431936523956224,NCAA BIG SKY,2,439255136309604352,PapaCrowther,Villanova Wildcats 
2020,519431936523956224,NCAA BIG SKY,3,461245432756957184,NADO13,William & Mary
2020,519431936523956224,NCAA BIG SKY,4,519439276311531520,Elestial,Eastern Washington 
2020,519431936523956224,NCAA BIG SKY,5,461273516759576576,Julian1993,Stony Brook Seawolves
2020,519431936523956224,NCAA BIG SKY,6,424793511431262208,Elwayluva7,Montana State
2020,519431936523956224,NCAA BIG SKY,7,78892531970359296,fballfreek80,Richmond
2020,519431936523956224,NCAA BIG SKY,8,460518714907815936,linkoftime1,Portland State
2020,519431936523956224,NCAA BIG SKY,9,448641292377780224,Pinky7373,Weber State
2020,519431936523956224,NCAA BIG SKY,10,450023004458446848,DaLegend,Nothern Iowa 
2020,519431936523956224,NCAA BIG SKY,11,464145779661991936,jmaclean,Maine
2020,519431936523956224,NCAA BIG SKY,12,519767126595325952,mssullivan2022,Youngstown St.
2020,519412020617998336,NCAA HISTORICALLY BLACK,1,471427194132885504,PhantomXX,North Carolina A&T
2020,519412020617998336,NCAA HISTORICALLY BLACK,2,303281379553058816,ImRickJames,Alabama A&M
2020,519412020617998336,NCAA HISTORICALLY BLACK,3,475102016549416960,JackSibley28,Delaware State
2020,519412020617998336,NCAA HISTORICALLY BLACK,4,519664414748168192,CheeseHeadLover,Southern 
2020,519412020617998336,NCAA HISTORICALLY BLACK,5,519656908428791808,tpearson2222,Florida A&M
2020,519412020617998336,NCAA HISTORICALLY BLACK,6,519532620901961728,xfsaint,Howard
2020,519412020617998336,NCAA HISTORICALLY BLACK,7,519728067978186752,StrikerS091,MVSU Delta Devils
2020,519412020617998336,NCAA HISTORICALLY BLACK,8,515406486608322560,caseywebb83,Alcorn
2020,519412020617998336,NCAA HISTORICALLY BLACK,9,526619912614985728,Broshmo2334,Bethune-Cookman
2020,519412020617998336,NCAA HISTORICALLY BLACK,10,411387962429816832,dakistrash,Hampton
2020,519412020617998336,NCAA HISTORICALLY BLACK,11,304749125604241408,PineappleJewz,Tuskegee
2020,519412020617998336,NCAA HISTORICALLY BLACK,12,460518714907815936,linkoftime1,Grambling State
2020,519109907858935808,NCAA IVY,1,470912510262767616,FlynnD,Brown
2020,519109907858935808,NCAA IVY,2,463212708402032640,Matthew12,Harvard
2020,519109907858935808,NCAA IVY,3,480124073456693248,Jrodr71,Bucknell 
2020,519109907858935808,NCAA IVY,4,570803989783429120,alecgagnon2001,Columbia 
2020,519109907858935808,NCAA IVY,5,395321276102627328,ccassidy,Georgetown
2020,519109907858935808,NCAA IVY,6,508415252621357056,ryanmchugh,Lehigh
2020,519109907858935808,NCAA IVY,7,463944449920069632,Spence24,Penn
2020,519109907858935808,NCAA IVY,8,77520434039767040,Maxattack19xx,Colgate
2020,519109907858935808,NCAA IVY,9,460518714907815936,linkoftime1,Yale
2020,519109907858935808,NCAA IVY,10,464233560753041408,Tedword,
2020,519109907858935808,NCAA IVY,11,460895027179024384,jtheadrick98,Dartmouth
2020,519109907858935808,NCAA IVY,12,464595147808567296,cobrapanther99,Cornell Big Red
2020,519113931987255296,NCAA MOUNTAIN WEST,1,546856536723197952,sKenns,Hawaii
2020,519113931987255296,NCAA MOUNTAIN WEST,2,463106510101147648,bucketmikal14,Boise State
2020,519113931987255296,NCAA MOUNTAIN WEST,3,463057520089362432,ryanl17,Wyoming
2020,519113931987255296,NCAA MOUNTAIN WEST,4,571767410708901888,Kyvend01,Fresno State
2020,519113931987255296,NCAA MOUNTAIN WEST,5,609605414685859840,KingWapo,Utah State
2020,519113931987255296,NCAA MOUNTAIN WEST,6,482448684026425344,Avery33,BYU
2020,519113931987255296,NCAA MOUNTAIN WEST,7,628694137176477696,brennanclark,Idaho Potatoes 
2020,519113931987255296,NCAA MOUNTAIN WEST,8,325726913966395392,bkoldham,Colorado State
2020,519113931987255296,NCAA MOUNTAIN WEST,9,460518714907815936,linkoftime1,New Mexico
2020,519113931987255296,NCAA MOUNTAIN WEST,10,461772326111801344,Chang,Nevada
2020,519113931987255296,NCAA MOUNTAIN WEST,11,468116813004140544,ZMATH11,UNLV
2020,519113931987255296,NCAA MOUNTAIN WEST,12,322205296309051392,TBLowery58,San Diego State
2020,519108145819570176,NCAA PAC 12,1,460518714907815936,linkoftime1,Arizona
2020,519108145819570176,NCAA PAC 12,2,,,
2020,519108145819570176,NCAA PAC 12,3,328268033216749568,WayneK17,Oregon State
2020,519108145819570176,NCAA PAC 12,4,477666723663704064,chzhead412,Washington State
2020,519108145819570176,NCAA PAC 12,5,619963570297352192,cooperthach,Stanford
2020,519108145819570176,NCAA PAC 12,6,,,
2020,519108145819570176,NCAA PAC 12,7,597246797479469056,wrightc214,Arizona State
2020,519108145819570176,NCAA PAC 12,8,519400389800423424,ColoradoBuffs,
2020,519108145819570176,NCAA PAC 12,9,519390092788297728,ScottyW13,Oregon
2020,519108145819570176,NCAA PAC 12,10,461082030721986560,Cleaner7,California
2020,519108145819570176,NCAA PAC 12,11,76460245878456320,seniormeow,University of Utah
2020,519108145819570176,NCAA PAC 12,12,473684374978555904,BooleyWaters,UCLA
2020,519446956439826432,NCAA PIONEER,1,533363986486435840,MattJB87,Wofford Terriers
2020,519446956439826432,NCAA PIONEER,2,519437931575726080,boulios,Holy Cross
2020,519446956439826432,NCAA PIONEER,3,561634118050308096,FirstPlaceFantasy,Murray St.
2020,519446956439826432,NCAA PIONEER,4,519460302416203776,AccusedRanger97,Butler Bulldogs
2020,519446956439826432,NCAA PIONEER,5,561684253895716864,fwen,Tennessee State
2020,519446956439826432,NCAA PIONEER,6,519664508596187136,NewGOAT15,SE Missouri State
2020,519446956439826432,NCAA PIONEER,7,363883943780626432,doubleD87,
2020,519446956439826432,NCAA PIONEER,8,339931221767249920,CrownMeKing,Campbell Fightin Camels
2020,519446956439826432,NCAA PIONEER,9,520008347924234240,cullenschrock,Austin Peay
2020,519446956439826432,NCAA PIONEER,10,460518714907815936,linkoftime1,Furman
2020,519446956439826432,NCAA PIONEER,11,520108377286893568,HPTexans,UT Martin
2020,519446956439826432,NCAA PIONEER,12,519675297838780416,willsingle05,Davidson Wildcats
2020,520081942477230080,NCAA SEC,1,441458152391569408,andcousinsissacked,Florida 
2020,520081942477230080,NCAA SEC,2,473596673050800128,mintpodbaker,LSU
2020,520081942477230080,NCAA SEC,3,457957045534978048,ChadLowe,Tennessee
2020,520081942477230080,NCAA SEC,4,446524535810813952,ahhchainsaw,Auburn
2020,520081942477230080,NCAA SEC,5,601248305229406208,ryankenn,Ole Miss
2020,520081942477230080,NCAA SEC,6,545494104980213760,cheesebot,Mississippi State
2020,520081942477230080,NCAA SEC,7,460518714907815936,linkoftime1,Georgia Bulldogs
2020,520081942477230080,NCAA SEC,8,626826717473894400,saffo937,South Carolina Gamecocks
2020,520081942477230080,NCAA SEC,9,503639845369802752,gregorybly,Vanderbilt Commodores
2020,520081942477230080,NCAA SEC,10,446782746484797440,Jasonkuz,Kentucky
2020,520081942477230080,NCAA SEC,11,560284880620699648,devbovino,Alabama
2020,520081942477230080,NCAA SEC,12,445468333035220992,JosephMarin07,Arkansas
2020,552229388243996672,NCAA SOUTHLAND,1,540026011221139456,aresthegoat,McNeese state
2020,552229388243996672,NCAA SOUTHLAND,2,76457435317288960,Fantasy412,Prysbyterian
2020,552229388243996672,NCAA SOUTHLAND,3,531614973867212800,LionVol,Stephen F. Austin
2020,552229388243996672,NCAA SOUTHLAND,4,421757803934273536,restartthecarr,Florida Gulf Coast
2020,552229388243996672,NCAA SOUTHLAND,5,483704297222041600,CAVEMAN1701,Sam Houston State
2020,552229388243996672,NCAA SOUTHLAND,6,77300101038882816,majerused,Lamar
2020,552229388243996672,NCAA SOUTHLAND,7,383710135802970112,xXKtuluXx,S.E.L
2020,552229388243996672,NCAA SOUTHLAND,8,460518714907815936,linkoftime1,Dixie State
2020,552229388243996672,NCAA SOUTHLAND,9,450806182555152384,lmerkouSaints,Houston Baptist
2020,552229388243996672,NCAA SOUTHLAND,10,534619662650601472,ImagineWiigons,North Western State
2020,552229388243996672,NCAA SOUTHLAND,11,376262422366896128,flsIII,Nicholls state
2020,552229388243996672,NCAA SOUTHLAND,12,392717914706337792,PandaSurprise,Incarnate Word
2020,519113796658036736,NCAA SUN BELT,1,429733810611949568,Piglet10,Temple
2020,519113796658036736,NCAA SUN BELT,2,458650904741015552,CRicks3,UTEP
2020,519113796658036736,NCAA SUN BELT,3,481957045667360768,Prestongee17,Tulane
2020,519113796658036736,NCAA SUN BELT,4,447283305738399744,Lucchityler,
2020,519113796658036736,NCAA SUN BELT,5,554890899706183680,bondsmartini,Marshall
2020,519113796658036736,NCAA SUN BELT,6,465019661495300096,Raidersforte,Tulsa 
2020,519113796658036736,NCAA SUN BELT,7,547214728132608000,ericdas12,Georgia Southern
2020,519113796658036736,NCAA SUN BELT,8,441362521463451648,yoboihawks,Memphis
2020,519113796658036736,NCAA SUN BELT,9,460518714907815936,linkoftime1,Southern Miss
2020,519113796658036736,NCAA SUN BELT,10,441330448283463680,Fr3shBC11,UAB
2020,519113796658036736,NCAA SUN BELT,11,461681329860243456,ryanfried2,LA Tech
2020,519113796658036736,NCAA SUN BELT,12,465297932204109824,utsa,UTSA
2020,519398167841558528,NCAA USA,1,389658700735868928,dh671,Troy
2020,519398167841558528,NCAA USA,2,451501690638561280,kjones15,North Texas
2020,519398167841558528,NCAA USA,3,89528070197100544,DapperDave89,FAU
2020,519398167841558528,NCAA USA,4,609609385924173824,bnk2404,Motley Cruz
2020,519398167841558528,NCAA USA,5,519622716773429248,sammyfshy,Georgia state
2020,519398167841558528,NCAA USA,6,460518714907815936,linkoftime1,Western Kentucky
2020,519398167841558528,NCAA USA,7,519394652409221120,ealper77,Middle Tennessee
2020,519398167841558528,NCAA USA,8,420055169137377280,lepiscoposhow,Arkansas State
2020,519398167841558528,NCAA USA,9,561616808766005248,ATypicalDerp,Texas State 
2020,519398167841558528,NCAA USA,10,519740185771233280,midnightmickeycorbs,Louisiana Monroe
2020,519398167841558528,NCAA USA,11,561620293351694336,therealfitzmagic,South Alabama
2020,519398167841558528,NCAA USA,12,561431859095334912,Willyammers,Oouisiana
2020,519112491566792704,NCAA WILD,1,457579310098673664,LanceBoneau,Montana
2020,519112491566792704,NCAA WILD,2,332533603546189824,PrimeTime78,James Madison
2020,519112491566792704,NCAA WILD,3,441392312380026880,4thdownTD,ND state 
2020,519112491566792704,NCAA WILD,4,540755018832539648,ethan75,Central Michigan
2020,519112491566792704,NCAA WILD,5,597544499589201920,KerriganNation,Wichita State
2020,519112491566792704,NCAA WILD,6,203496917160697856,ThomasHarris,Eastern Michigan
2020,519112491566792704,NCAA WILD,7,561674255216046080,SlatonDa3rd,San jose
2020,519112491566792704,NCAA WILD,8,462714981117325312,Buckeyefan5184,The Citadel
2020,519112491566792704,NCAA WILD,9,603083535368134656,MrBarryMcCockiner,Central Arkansas 
2020,519112491566792704,NCAA WILD,10,505166677990699008,olddominion2020,Old dominion
2020,519112491566792704,NCAA WILD,11,434740393972592640,Squinto,South Dakota
2020,519112491566792704,NCAA WILD,12,460518714907815936,linkoftime1,UNC Charlotte
