Year,League,LeagueID,Team,RosterID,Sleeper,Note,DraftPick2020,Source
2019,NCAA PAC 12,460504411332931584,Arizona State,7,Arizona State Sun Devils,,1,Chris's 2020 draft-order list (all 132 names) + 2019 name map; 2019 bowl scores matched for the bowl teams
2019,NCAA PAC 12,460504411332931584,Colorado,8,,,2,Chris's 2020 draft-order list (all 132 names) + 2019 name map; 2019 bowl scores matched for the bowl teams
2019,NCAA PAC 12,460504411332931584,Oregon,9,,,3,Chris's 2020 draft-order list (all 132 names) + 2019 name map; 2019 bowl scores matched for the bowl teams
2019,NCAA PAC 12,460504411332931584,Arizona,1,Arizona,by elimination,4,Chris's 2020 draft-order list (all 132 names) + 2019 name map; 2019 bowl scores matched for the bowl teams
2019,NCAA PAC 12,460504411332931584,UCLA,12,UCLA,,5,Chris's 2020 draft-order list (all 132 names) + 2019 name map; 2019 bowl scores matched for the bowl teams
2019,NCAA PAC 12,460504411332931584,Stanford,5,Stanford ,,6,Chris's 2020 draft-order list (all 132 names) + 2019 name map; 2019 bowl scores matched for the bowl teams
2019,NCAA PAC 12,460504411332931584,Oregon State,3,Oregon state,,7,Chris's 2020 draft-order list (all 132 names) + 2019 name map; 2019 bowl scores matched for the bowl teams
2019,NCAA PAC 12,460504411332931584,USC,2,USC,,8,Chris's 2020 draft-order list (all 132 names) + 2019 name map; 2019 bowl scores matched for the bowl teams
2019,NCAA PAC 12,460504411332931584,California,10,California ,,9,Chris's 2020 draft-order list (all 132 names) + 2019 name map; 2019 bowl scores matched for the bowl teams
2019,NCAA PAC 12,460504411332931584,Washington State,4,Washington State,,10,Chris's 2020 draft-order list (all 132 names) + 2019 name map; 2019 bowl scores matched for the bowl teams
2019,NCAA PAC 12,460504411332931584,Utah,11,Utah Big Bois,,11,Chris's 2020 draft-order list (all 132 names) + 2019 name map; 2019 bowl scores matched for the bowl teams
2019,NCAA PAC 12,460504411332931584,Washington,6,Washington Huskies,,12,Chris's 2020 draft-order list (all 132 names) + 2019 name map; 2019 bowl scores matched for the bowl teams
2019,NCAA BIG EAST & CO.,455834597620445184,USF,10,,,1,Chris's 2020 draft-order list (all 132 names) + 2019 name map; 2019 bowl scores matched for the bowl teams
2019,NCAA BIG EAST & CO.,455834597620445184,UCF,9,,,2,Chris's 2020 draft-order list (all 132 names) + 2019 name map; 2019 bowl scores matched for the bowl teams
2019,NCAA BIG EAST & CO.,455834597620445184,Coastal Carolina,6,Coastal Carolina,,3,Chris's 2020 draft-order list (all 132 names) + 2019 name map; 2019 bowl scores matched for the bowl teams
2019,NCAA BIG EAST & CO.,455834597620445184,Pittsburgh,4,pitt,,4,Chris's 2020 draft-order list (all 132 names) + 2019 name map; 2019 bowl scores matched for the bowl teams
2019,NCAA BIG EAST & CO.,455834597620445184,UCONN,5,UConn,,5,Chris's 2020 draft-order list (all 132 names) + 2019 name map; 2019 bowl scores matched for the bowl teams
2019,NCAA BIG EAST & CO.,455834597620445184,Navy,11,Navy Shipman,,6,Chris's 2020 draft-order list (all 132 names) + 2019 name map; 2019 bowl scores matched for the bowl teams
2019,NCAA BIG EAST & CO.,455834597620445184,Rutgers,1,Rutgers 2019 8th Place,,7,Chris's 2020 draft-order list (all 132 names) + 2019 name map; 2019 bowl scores matched for the bowl teams
2019,NCAA BIG EAST & CO.,455834597620445184,South Dakota State,3,South Dakota State,,8,Chris's 2020 draft-order list (all 132 names) + 2019 name map; 2019 bowl scores matched for the bowl teams
2019,NCAA BIG EAST & CO.,455834597620445184,Syracuse,7,Syracuse,,9,Chris's 2020 draft-order list (all 132 names) + 2019 name map; 2019 bowl scores matched for the bowl teams
2019,NCAA BIG EAST & CO.,455834597620445184,Maryland,2,Maryland Terrapins,,10,Chris's 2020 draft-order list (all 132 names) + 2019 name map; 2019 bowl scores matched for the bowl teams
2019,NCAA BIG EAST & CO.,455834597620445184,Notre Dame,12,Notre dame,,11,Chris's 2020 draft-order list (all 132 names) + 2019 name map; 2019 bowl scores matched for the bowl teams
2019,NCAA BIG EAST & CO.,455834597620445184,Army,8,#ArmyOnTop,,12,Chris's 2020 draft-order list (all 132 names) + 2019 name map; 2019 bowl scores matched for the bowl teams
2019,NCAA ACC,455862950553448448,FSU,5,FSU,,1,Chris's 2020 draft-order list (all 132 names) + 2019 name map; 2019 bowl scores matched for the bowl teams
2019,NCAA ACC,455862950553448448,Louisville,11,Louisville,,2,Chris's 2020 draft-order list (all 132 names) + 2019 name map; 2019 bowl scores matched for the bowl teams
2019,NCAA ACC,455862950553448448,Boston College,8,Boston College (E.J.),,3,Chris's 2020 draft-order list (all 132 names) + 2019 name map; 2019 bowl scores matched for the bowl teams
2019,NCAA ACC,455862950553448448,Wake Forest,6,,,4,Chris's 2020 draft-order list (all 132 names) + 2019 name map; 2019 bowl scores matched for the bowl teams
2019,NCAA ACC,455862950553448448,Virginia,1,UVA Wahoos,,5,Chris's 2020 draft-order list (all 132 names) + 2019 name map; 2019 bowl scores matched for the bowl teams
2019,NCAA ACC,455862950553448448,NC State,10,NC State WolfPack,,6,Chris's 2020 draft-order list (all 132 names) + 2019 name map; 2019 bowl scores matched for the bowl teams
2019,NCAA ACC,455862950553448448,North Carolina,2,UNC,,7,Chris's 2020 draft-order list (all 132 names) + 2019 name map; 2019 bowl scores matched for the bowl teams
2019,NCAA ACC,455862950553448448,Miami,9,Miami Hurricanes,,8,Chris's 2020 draft-order list (all 132 names) + 2019 name map; 2019 bowl scores matched for the bowl teams
2019,NCAA ACC,455862950553448448,Duke,7,Duke Blue Devils,,9,Chris's 2020 draft-order list (all 132 names) + 2019 name map; 2019 bowl scores matched for the bowl teams
2019,NCAA ACC,455862950553448448,Virginia Tech,4,Virginia tech,,10,Chris's 2020 draft-order list (all 132 names) + 2019 name map; 2019 bowl scores matched for the bowl teams
2019,NCAA ACC,455862950553448448,Georgia Tech,3,Georgia Tech,,11,Chris's 2020 draft-order list (all 132 names) + 2019 name map; 2019 bowl scores matched for the bowl teams
2019,NCAA ACC,455862950553448448,Clemson,12,Clemson Tigers,,12,Chris's 2020 draft-order list (all 132 names) + 2019 name map; 2019 bowl scores matched for the bowl teams
2019,NCAA SEC,460505032731652096,South Carolina,8,LSU Tigers,r8 = South Carolina in 2020 (score-verified); benkline named it LSU Tigers in 2019,1,Chris's 2020 draft-order list (all 132 names) + 2019 name map; 2019 bowl scores matched for the bowl teams
2019,NCAA SEC,460505032731652096,Florida,1,Florida gators,,2,Chris's 2020 draft-order list (all 132 names) + 2019 name map; 2019 bowl scores matched for the bowl teams
2019,NCAA SEC,460505032731652096,Mississippi State,6,,,3,Chris's 2020 draft-order list (all 132 names) + 2019 name map; 2019 bowl scores matched for the bowl teams
2019,NCAA SEC,460505032731652096,Arkansas,12,Arkansas,,4,Chris's 2020 draft-order list (all 132 names) + 2019 name map; 2019 bowl scores matched for the bowl teams
2019,NCAA SEC,460505032731652096,Vanderbilt,9,Vanderbilt Commodores,,5,Chris's 2020 draft-order list (all 132 names) + 2019 name map; 2019 bowl scores matched for the bowl teams
2019,NCAA SEC,460505032731652096,Georgia,7,Georgia Bulldogs,,6,Chris's 2020 draft-order list (all 132 names) + 2019 name map; 2019 bowl scores matched for the bowl teams
2019,NCAA SEC,460505032731652096,Tennessee,3,Tennessee,,7,Chris's 2020 draft-order list (all 132 names) + 2019 name map; 2019 bowl scores matched for the bowl teams
2019,NCAA SEC,460505032731652096,LSU,2,LSU,same owner (mintpodbaker) is LSU r2 in 2020,8,Chris's 2020 draft-order list (all 132 names) + 2019 name map; 2019 bowl scores matched for the bowl teams
2019,NCAA SEC,460505032731652096,Ole Miss,5,Ole Miss,,9,Chris's 2020 draft-order list (all 132 names) + 2019 name map; 2019 bowl scores matched for the bowl teams
2019,NCAA SEC,460505032731652096,Alabama,11,,,10,Chris's 2020 draft-order list (all 132 names) + 2019 name map; 2019 bowl scores matched for the bowl teams
2019,NCAA SEC,460505032731652096,Auburn,4,Auburn Tigers,,11,Chris's 2020 draft-order list (all 132 names) + 2019 name map; 2019 bowl scores matched for the bowl teams
2019,NCAA SEC,460505032731652096,Kentucky,10,Kentucky,,12,Chris's 2020 draft-order list (all 132 names) + 2019 name map; 2019 bowl scores matched for the bowl teams
2019,NCAA BIG 10,460505110800232448,Minnesota,7,Minnesota Golden Gophers,,1,Chris's 2020 draft-order list (all 132 names) + 2019 name map; 2019 bowl scores matched for the bowl teams
2019,NCAA BIG 10,460505110800232448,Indiana,8,Indiana,,2,Chris's 2020 draft-order list (all 132 names) + 2019 name map; 2019 bowl scores matched for the bowl teams
2019,NCAA BIG 10,460505110800232448,Iowa,11,Iowa Hawkeyes,,3,Chris's 2020 draft-order list (all 132 names) + 2019 name map; 2019 bowl scores matched for the bowl teams
2019,NCAA BIG 10,460505110800232448,Ohio State,9,Ohio State Buckeyes,,4,Chris's 2020 draft-order list (all 132 names) + 2019 name map; 2019 bowl scores matched for the bowl teams
2019,NCAA BIG 10,460505110800232448,Penn State,5,Penn State,,5,Chris's 2020 draft-order list (all 132 names) + 2019 name map; 2019 bowl scores matched for the bowl teams
2019,NCAA BIG 10,460505110800232448,Michigan,12,Michigan,,6,Chris's 2020 draft-order list (all 132 names) + 2019 name map; 2019 bowl scores matched for the bowl teams
2019,NCAA BIG 10,460505110800232448,Nebraska,2,Nebraska,,7,Chris's 2020 draft-order list (all 132 names) + 2019 name map; 2019 bowl scores matched for the bowl teams
2019,NCAA BIG 10,460505110800232448,Wisconsin,6,Wisconsin Badgers,,8,Chris's 2020 draft-order list (all 132 names) + 2019 name map; 2019 bowl scores matched for the bowl teams
2019,NCAA BIG 10,460505110800232448,Purdue,1,Purdue Boiler Makers,,9,Chris's 2020 draft-order list (all 132 names) + 2019 name map; 2019 bowl scores matched for the bowl teams
2019,NCAA BIG 10,460505110800232448,Illinois,10,illinois,,10,Chris's 2020 draft-order list (all 132 names) + 2019 name map; 2019 bowl scores matched for the bowl teams
2019,NCAA BIG 10,460505110800232448,Michigan State,4,,,11,Chris's 2020 draft-order list (all 132 names) + 2019 name map; 2019 bowl scores matched for the bowl teams
2019,NCAA BIG 10,460505110800232448,Northwestern,3,,,12,Chris's 2020 draft-order list (all 132 names) + 2019 name map; 2019 bowl scores matched for the bowl teams
2019,NCAA BIG 12,471499316175826944,Oklahoma State,12,Oklahoma State,,1,Chris's 2020 draft-order list (all 132 names) + 2019 name map; 2019 bowl scores matched for the bowl teams
2019,NCAA BIG 12,471499316175826944,Texas,6,TEXAS,,2,Chris's 2020 draft-order list (all 132 names) + 2019 name map; 2019 bowl scores matched for the bowl teams
2019,NCAA BIG 12,471499316175826944,TCU,11,TCU,,3,Chris's 2020 draft-order list (all 132 names) + 2019 name map; 2019 bowl scores matched for the bowl teams
2019,NCAA BIG 12,471499316175826944,Missouri,3,Missouri ,,4,Chris's 2020 draft-order list (all 132 names) + 2019 name map; 2019 bowl scores matched for the bowl teams
2019,NCAA BIG 12,471499316175826944,Iowa State,2,Iowa State,,5,Chris's 2020 draft-order list (all 132 names) + 2019 name map; 2019 bowl scores matched for the bowl teams
2019,NCAA BIG 12,471499316175826944,West Virginia,8,West Virginia,,6,Chris's 2020 draft-order list (all 132 names) + 2019 name map; 2019 bowl scores matched for the bowl teams
2019,NCAA BIG 12,471499316175826944,Oklahoma,9,Oklahoma,,7,Chris's 2020 draft-order list (all 132 names) + 2019 name map; 2019 bowl scores matched for the bowl teams
2019,NCAA BIG 12,471499316175826944,Kansas,10,,,8,Chris's 2020 draft-order list (all 132 names) + 2019 name map; 2019 bowl scores matched for the bowl teams
2019,NCAA BIG 12,471499316175826944,Texas A&M,4,Texas A&M ,,9,Chris's 2020 draft-order list (all 132 names) + 2019 name map; 2019 bowl scores matched for the bowl teams
2019,NCAA BIG 12,471499316175826944,Baylor,5,Baylor,,10,Chris's 2020 draft-order list (all 132 names) + 2019 name map; 2019 bowl scores matched for the bowl teams
2019,NCAA BIG 12,471499316175826944,Kansas State,7,Kansas State,,11,Chris's 2020 draft-order list (all 132 names) + 2019 name map; 2019 bowl scores matched for the bowl teams
2019,NCAA BIG 12,471499316175826944,Texas Tech,1,Texas Tech,,12,Chris's 2020 draft-order list (all 132 names) + 2019 name map; 2019 bowl scores matched for the bowl teams
2019,NCAA MOUNTAIN WEST,462407211507773440,BYU,6,BYU,,1,Chris's 2020 draft-order list (all 132 names) + 2019 name map; 2019 bowl scores matched for the bowl teams
2019,NCAA MOUNTAIN WEST,462407211507773440,Hawaii,1,Hawaii Rainbow Warriors,,2,Chris's 2020 draft-order list (all 132 names) + 2019 name map; 2019 bowl scores matched for the bowl teams
2019,NCAA MOUNTAIN WEST,462407211507773440,Wyoming,3,Wyoming,,3,Chris's 2020 draft-order list (all 132 names) + 2019 name map; 2019 bowl scores matched for the bowl teams
2019,NCAA MOUNTAIN WEST,462407211507773440,Utah State,5,Utah State,,4,Chris's 2020 draft-order list (all 132 names) + 2019 name map; 2019 bowl scores matched for the bowl teams
2019,NCAA MOUNTAIN WEST,462407211507773440,Fresno State,4,Fresno State,by elimination,5,Chris's 2020 draft-order list (all 132 names) + 2019 name map; 2019 bowl scores matched for the bowl teams
2019,NCAA MOUNTAIN WEST,462407211507773440,Idaho,7,Idaho,,6,Chris's 2020 draft-order list (all 132 names) + 2019 name map; 2019 bowl scores matched for the bowl teams
2019,NCAA MOUNTAIN WEST,462407211507773440,Boise State,2,Boise state,,7,Chris's 2020 draft-order list (all 132 names) + 2019 name map; 2019 bowl scores matched for the bowl teams
2019,NCAA MOUNTAIN WEST,462407211507773440,Colorado State,8,Colorado State,,8,Chris's 2020 draft-order list (all 132 names) + 2019 name map; 2019 bowl scores matched for the bowl teams
2019,NCAA MOUNTAIN WEST,462407211507773440,UNLV,11,UNLV,,9,Chris's 2020 draft-order list (all 132 names) + 2019 name map; 2019 bowl scores matched for the bowl teams
2019,NCAA MOUNTAIN WEST,462407211507773440,San Diego State,12,San Deigo State,,10,Chris's 2020 draft-order list (all 132 names) + 2019 name map; 2019 bowl scores matched for the bowl teams
2019,NCAA MOUNTAIN WEST,462407211507773440,Nevada,10,Nevada,,11,Chris's 2020 draft-order list (all 132 names) + 2019 name map; 2019 bowl scores matched for the bowl teams
2019,NCAA MOUNTAIN WEST,462407211507773440,New Mexico,9,New Mexico,,12,Chris's 2020 draft-order list (all 132 names) + 2019 name map; 2019 bowl scores matched for the bowl teams
2019,NCAA AMERICAN,460505297153159168,Bowling Green,1,,by elimination,1,Chris's 2020 draft-order list (all 132 names) + 2019 name map; 2019 bowl scores matched for the bowl teams
2019,NCAA AMERICAN,460505297153159168,Appalachian State,11,Appalachian State,,2,Chris's 2020 draft-order list (all 132 names) + 2019 name map; 2019 bowl scores matched for the bowl teams
2019,NCAA AMERICAN,460505297153159168,NIU,12,NIU,,3,Chris's 2020 draft-order list (all 132 names) + 2019 name map; 2019 bowl scores matched for the bowl teams
2019,NCAA AMERICAN,460505297153159168,ECU,9,ECU,,4,Chris's 2020 draft-order list (all 132 names) + 2019 name map; 2019 bowl scores matched for the bowl teams
2019,NCAA AMERICAN,460505297153159168,Toledo,3,Toledo,,5,Chris's 2020 draft-order list (all 132 names) + 2019 name map; 2019 bowl scores matched for the bowl teams
2019,NCAA AMERICAN,460505297153159168,Air Force,2,Air Force Falcons,,6,Chris's 2020 draft-order list (all 132 names) + 2019 name map; 2019 bowl scores matched for the bowl teams
2019,NCAA AMERICAN,460505297153159168,Cincinnati,8,Cincinatti,,7,Chris's 2020 draft-order list (all 132 names) + 2019 name map; 2019 bowl scores matched for the bowl teams
2019,NCAA AMERICAN,460505297153159168,Buffalo,7,Buffalo,,8,Chris's 2020 draft-order list (all 132 names) + 2019 name map; 2019 bowl scores matched for the bowl teams
2019,NCAA AMERICAN,460505297153159168,Ball State,10,Ball State,,9,Chris's 2020 draft-order list (all 132 names) + 2019 name map; 2019 bowl scores matched for the bowl teams
2019,NCAA AMERICAN,460505297153159168,Western Michigan,6,Western Michigan ,,10,Chris's 2020 draft-order list (all 132 names) + 2019 name map; 2019 bowl scores matched for the bowl teams
2019,NCAA AMERICAN,460505297153159168,Miami (OH),4,Miami-Ohio,,11,Chris's 2020 draft-order list (all 132 names) + 2019 name map; 2019 bowl scores matched for the bowl teams
2019,NCAA AMERICAN,460505297153159168,Ohio,5,Ohio Bobcats,,12,Chris's 2020 draft-order list (all 132 names) + 2019 name map; 2019 bowl scores matched for the bowl teams
2019,NCAA SUN BELT,462407340038025216,UTSA,12,UTSA,,1,Chris's 2020 draft-order list (all 132 names) + 2019 name map; 2019 bowl scores matched for the bowl teams
2019,NCAA SUN BELT,462407340038025216,Tulane,3,Tulane,,2,Chris's 2020 draft-order list (all 132 names) + 2019 name map; 2019 bowl scores matched for the bowl teams
2019,NCAA SUN BELT,462407340038025216,Georgia Southern,7,,,3,Chris's 2020 draft-order list (all 132 names) + 2019 name map; 2019 bowl scores matched for the bowl teams
2019,NCAA SUN BELT,462407340038025216,Marshall,5,Marshall,,4,Chris's 2020 draft-order list (all 132 names) + 2019 name map; 2019 bowl scores matched for the bowl teams
2019,NCAA SUN BELT,462407340038025216,Tulsa,6,Tulsa ,,5,Chris's 2020 draft-order list (all 132 names) + 2019 name map; 2019 bowl scores matched for the bowl teams
2019,NCAA SUN BELT,462407340038025216,Southern Miss,9,Southern Mississippi. ,,6,Chris's 2020 draft-order list (all 132 names) + 2019 name map; 2019 bowl scores matched for the bowl teams
2019,NCAA SUN BELT,462407340038025216,UAB,10,UAB Blazers,,7,Chris's 2020 draft-order list (all 132 names) + 2019 name map; 2019 bowl scores matched for the bowl teams
2019,NCAA SUN BELT,462407340038025216,Temple,1,Temple,,8,Chris's 2020 draft-order list (all 132 names) + 2019 name map; 2019 bowl scores matched for the bowl teams
2019,NCAA SUN BELT,462407340038025216,UTEP,2,UTEP Miners,,9,Chris's 2020 draft-order list (all 132 names) + 2019 name map; 2019 bowl scores matched for the bowl teams
2019,NCAA SUN BELT,462407340038025216,Rice,4,Rice University ,,10,Chris's 2020 draft-order list (all 132 names) + 2019 name map; 2019 bowl scores matched for the bowl teams
2019,NCAA SUN BELT,462407340038025216,Louisiana Tech,11,Louisiana Tech,,11,Chris's 2020 draft-order list (all 132 names) + 2019 name map; 2019 bowl scores matched for the bowl teams
2019,NCAA SUN BELT,462407340038025216,Memphis,8,Memphis Tigers,,12,Chris's 2020 draft-order list (all 132 names) + 2019 name map; 2019 bowl scores matched for the bowl teams
2019,NCAA WILD,462453279037583360,Central Arkansas,9,UCA,,1,Chris's 2020 draft-order list (all 132 names) + 2019 name map; 2019 bowl scores matched for the bowl teams
2019,NCAA WILD,462453279037583360,Central Michigan,4,Central Michigan,,2,Chris's 2020 draft-order list (all 132 names) + 2019 name map; 2019 bowl scores matched for the bowl teams
2019,NCAA WILD,462453279037583360,North Dakota State,3,North dakota ,,3,Chris's 2020 draft-order list (all 132 names) + 2019 name map; 2019 bowl scores matched for the bowl teams
2019,NCAA WILD,462453279037583360,South Dakota,11,South Dakota,,4,Chris's 2020 draft-order list (all 132 names) + 2019 name map; 2019 bowl scores matched for the bowl teams
2019,NCAA WILD,462453279037583360,James Madison,2,James Madison,,5,Chris's 2020 draft-order list (all 132 names) + 2019 name map; 2019 bowl scores matched for the bowl teams
2019,NCAA WILD,462453279037583360,Old Dominion,10,,,6,Chris's 2020 draft-order list (all 132 names) + 2019 name map; 2019 bowl scores matched for the bowl teams
2019,NCAA WILD,462453279037583360,Montana,1,Montana,,7,Chris's 2020 draft-order list (all 132 names) + 2019 name map; 2019 bowl scores matched for the bowl teams
2019,NCAA WILD,462453279037583360,UNC Charlotte,12,Charlotte,,8,Chris's 2020 draft-order list (all 132 names) + 2019 name map; 2019 bowl scores matched for the bowl teams
2019,NCAA WILD,462453279037583360,Eastern Michigan,6,Eastern Michigan ,,9,Chris's 2020 draft-order list (all 132 names) + 2019 name map; 2019 bowl scores matched for the bowl teams
2019,NCAA WILD,462453279037583360,San Jose State,7,San Jose State,,10,Chris's 2020 draft-order list (all 132 names) + 2019 name map; 2019 bowl scores matched for the bowl teams
2019,NCAA WILD,462453279037583360,Wichita State,5,Witchita State,,11,Chris's 2020 draft-order list (all 132 names) + 2019 name map; 2019 bowl scores matched for the bowl teams
2019,NCAA WILD,462453279037583360,Citadel,8,The Citadel,,12,Chris's 2020 draft-order list (all 132 names) + 2019 name map; 2019 bowl scores matched for the bowl teams
2019,NCAA IVY,462453135504306176,Lehigh,6,Sleeper,,1,Chris's 2020 draft-order list (all 132 names) + 2019 name map; 2019 bowl scores matched for the bowl teams
2019,NCAA IVY,462453135504306176,Columbia,4,Tom ,,2,Chris's 2020 draft-order list (all 132 names) + 2019 name map; 2019 bowl scores matched for the bowl teams
2019,NCAA IVY,462453135504306176,Yale,9,Yale,,3,Chris's 2020 draft-order list (all 132 names) + 2019 name map; 2019 bowl scores matched for the bowl teams
2019,NCAA IVY,462453135504306176,Dartmouth,11,Dartmouth ,,4,Chris's 2020 draft-order list (all 132 names) + 2019 name map; 2019 bowl scores matched for the bowl teams
2019,NCAA IVY,462453135504306176,Cornell,12,Cornell “Big Red” Bears,,5,Chris's 2020 draft-order list (all 132 names) + 2019 name map; 2019 bowl scores matched for the bowl teams
2019,NCAA IVY,462453135504306176,Brown,1,Brown,,6,Chris's 2020 draft-order list (all 132 names) + 2019 name map; 2019 bowl scores matched for the bowl teams
2019,NCAA IVY,462453135504306176,Georgetown,5,Georgetown,,7,Chris's 2020 draft-order list (all 132 names) + 2019 name map; 2019 bowl scores matched for the bowl teams
2019,NCAA IVY,462453135504306176,Princeton,10,,,8,Chris's 2020 draft-order list (all 132 names) + 2019 name map; 2019 bowl scores matched for the bowl teams
2019,NCAA IVY,462453135504306176,Colgate,8,Colgate “Not Red” Raiders,,9,Chris's 2020 draft-order list (all 132 names) + 2019 name map; 2019 bowl scores matched for the bowl teams
2019,NCAA IVY,462453135504306176,Penn,7,Penn,,10,Chris's 2020 draft-order list (all 132 names) + 2019 name map; 2019 bowl scores matched for the bowl teams
2019,NCAA IVY,462453135504306176,Harvard,2,Harvard,,11,Chris's 2020 draft-order list (all 132 names) + 2019 name map; 2019 bowl scores matched for the bowl teams
2019,NCAA IVY,462453135504306176,Bucknell,3,Bucknell,,12,Chris's 2020 draft-order list (all 132 names) + 2019 name map; 2019 bowl scores matched for the bowl teams
