Year,League,LeagueID,RosterID,Team,DraftPick2021,SleeperTeamName,TodayTeamAtSlot,SuggestedTeam,Source
2020,NCAA ACC,520082008453632000,1,Virginia,7,Virginia,Virginia,Virginia,Chris's 2020 sheets matched to Sleeper points
2020,NCAA ACC,520082008453632000,2,North Carolina,9,UNC,North Carolina,North Carolina,Chris's 2020 sheets matched to Sleeper points
2020,NCAA ACC,520082008453632000,3,Georgia Tech,8,Georgia Tech,Georgia Tech,Georgia Tech,Chris's 2020 sheets matched to Sleeper points
2020,NCAA ACC,520082008453632000,4,Virginia Tech,11,Virginia tech,Virginia Tech,Virginia Tech,Chris's 2020 sheets matched to Sleeper points
2020,NCAA ACC,520082008453632000,5,FSU,6,Florida State,FSU,FSU,Chris's 2020 sheets matched to Sleeper points
2020,NCAA ACC,520082008453632000,6,Wake Forest,4,Wake Forest,Wake Forest,Wake Forest,Chris's 2020 sheets matched to Sleeper points
2020,NCAA ACC,520082008453632000,7,Duke,1,Duke,Duke,Duke,Chris's 2020 sheets matched to Sleeper points
2020,NCAA ACC,520082008453632000,8,Boston College,5,BC Eagles ,Boston College,Boston College,Chris's 2020 sheets matched to Sleeper points
2020,NCAA ACC,520082008453632000,9,Miami,2,Miami,Miami,Miami,Chris's 2020 sheets matched to Sleeper points
2020,NCAA ACC,520082008453632000,10,NC State,10,NC State,NC State,NC State,Chris's 2020 sheets matched to Sleeper points
2020,NCAA ACC,520082008453632000,11,Louisville,3,Louisville,Louisville,Louisville,Chris's 2020 sheets matched to Sleeper points
2020,NCAA ACC,520082008453632000,12,Clemson,12,Clemson,Clemson,Clemson,Chris's 2020 sheets matched to Sleeper points
2020,NCAA BIG 10,519114104323002368,1,Purdue,7,Purdue Boiler Makers,Purdue,Purdue,Chris's 2020 sheets matched to Sleeper points
2020,NCAA BIG 10,519114104323002368,2,Nebraska,9,Nebraska Cornhuskers,Nebraska,Nebraska,Chris's 2020 sheets matched to Sleeper points
2020,NCAA BIG 10,519114104323002368,3,Northwestern,8,Northwestern,Northwestern,Northwestern,Chris's 2020 sheets matched to Sleeper points
2020,NCAA BIG 10,519114104323002368,4,Michigan State,5,Michigan State,Michigan State,Michigan State,Chris's 2020 sheets matched to Sleeper points
2020,NCAA BIG 10,519114104323002368,5,Penn State,2,Bright Future Penn State,Penn State,Penn State,Chris's 2020 sheets matched to Sleeper points
2020,NCAA BIG 10,519114104323002368,6,Wisconsin,12,Wisconsin Badgers,Wisconsin,Wisconsin,Chris's 2020 sheets matched to Sleeper points
2020,NCAA BIG 10,519114104323002368,7,Minnesota,3,Minnesota Golden Gophers,Minnesota,Minnesota,Chris's 2020 sheets matched to Sleeper points
2020,NCAA BIG 10,519114104323002368,8,Indiana,6,Indiana-Anyone want pics,Indiana,Indiana,Chris's 2020 sheets matched to Sleeper points
2020,NCAA BIG 10,519114104323002368,9,Ohio State,4,The Ohio State Buckeyes,Ohio State,Ohio State,Chris's 2020 sheets matched to Sleeper points
2020,NCAA BIG 10,519114104323002368,10,Illinois,1,Illinois,Illinois,Illinois,Chris's 2020 sheets matched to Sleeper points
2020,NCAA BIG 10,519114104323002368,11,Iowa,10,Iowa Hawkeyes,Iowa,Iowa,Chris's 2020 sheets matched to Sleeper points
2020,NCAA BIG 10,519114104323002368,12,Michigan,11,Michigan Wolverines 🏆,Michigan,Michigan,Chris's 2020 sheets matched to Sleeper points
2020,NCAA BIG 12,520086664899657728,1,Texas Tech,4,Texas Tech ,Texas Tech,Texas Tech,Chris's 2020 sheets matched to Sleeper points
2020,NCAA BIG 12,520086664899657728,2,Iowa State,7,Iowa State,Iowa State,Iowa State,Chris's 2020 sheets matched to Sleeper points
2020,NCAA BIG 12,520086664899657728,3,Missouri,3,Missouri,Missouri,Missouri,Chris's 2020 sheets matched to Sleeper points
2020,NCAA BIG 12,520086664899657728,4,Texas A&M,6,Texas A&M ,Texas A&M,Texas A&M,Chris's 2021 draft-order list + name map
2020,NCAA BIG 12,520086664899657728,5,Baylor,8,Baylor,Baylor,Baylor,Chris's 2020 sheets matched to Sleeper points
2020,NCAA BIG 12,520086664899657728,6,Texas,9,Texas,Texas,Texas,Chris's 2020 sheets matched to Sleeper points
2020,NCAA BIG 12,520086664899657728,7,Kansas State,10,Kansas State,Kansas State,Kansas State,Chris's 2020 sheets matched to Sleeper points
2020,NCAA BIG 12,520086664899657728,8,West Virginia,11,West Virginia Big XII 🏆,West Virginia,West Virginia,Chris's 2020 sheets matched to Sleeper points
2020,NCAA BIG 12,520086664899657728,9,Oklahoma,12,Oklahoma,Oklahoma,Oklahoma,Chris's 2020 sheets matched to Sleeper points
2020,NCAA BIG 12,520086664899657728,10,Kansas,2,Kansas,Kansas,Kansas,Chris's 2020 sheets matched to Sleeper points
2020,NCAA BIG 12,520086664899657728,11,TCU,1,TCU,TCU,TCU,Chris's 2020 sheets matched to Sleeper points
2020,NCAA BIG 12,520086664899657728,12,Oklahoma State,5,OK St,Oklahoma State,Oklahoma State,Chris's 2020 sheets matched to Sleeper points
2020,NCAA BIG EAST & CO.,519112273652240384,1,Rutgers,7,Rutgers,Rutgers,Rutgers,Chris's 2020 sheets matched to Sleeper points
2020,NCAA BIG EAST & CO.,519112273652240384,2,Maryland,5,Maryland Terrapins,Maryland,Maryland,Chris's 2020 sheets matched to Sleeper points
2020,NCAA BIG EAST & CO.,519112273652240384,3,South Dakota State,3,South Dakota State,South Dakota State,South Dakota State,Chris's 2020 sheets matched to Sleeper points
2020,NCAA BIG EAST & CO.,519112273652240384,4,Pittsburgh,6,pitt panthers,Pittsburgh,Pittsburgh,Chris's 2020 sheets matched to Sleeper points
2020,NCAA BIG EAST & CO.,519112273652240384,5,UCONN,1,Uconn (rebuilding),UCONN,UCONN,Chris's 2020 sheets matched to Sleeper points
2020,NCAA BIG EAST & CO.,519112273652240384,6,Coastal Carolina,2,Coastal Carolina,Coastal Carolina,Coastal Carolina,Chris's 2020 sheets matched to Sleeper points
2020,NCAA BIG EAST & CO.,519112273652240384,7,Syracuse,11,Syracuse Orange,Syracuse,Syracuse,Chris's 2020 sheets matched to Sleeper points
2020,NCAA BIG EAST & CO.,519112273652240384,8,Army,8,Army is Goated TBH,Army,Army,Chris's 2020 sheets matched to Sleeper points
2020,NCAA BIG EAST & CO.,519112273652240384,9,UCF,12,UCF,UCF,UCF,Chris's 2020 sheets matched to Sleeper points
2020,NCAA BIG EAST & CO.,519112273652240384,10,USF,4,USF,USF,USF,Chris's 2020 sheets matched to Sleeper points
2020,NCAA BIG EAST & CO.,519112273652240384,11,Navy,10,Navy Shitman,Navy,Navy,Chris's 2020 sheets matched to Sleeper points
2020,NCAA BIG EAST & CO.,519112273652240384,12,Notre Dame,9,Notre dams ,Notre Dame,Notre Dame,Chris's 2020 sheets matched to Sleeper points
2020,NCAA BIG SKY,519431936523956224,1,Rhode Island,10,Rhode Island Rams,Rhode Island,Rhode Island,Chris's 2020 sheets matched to Sleeper points
2020,NCAA BIG SKY,519431936523956224,2,Villanova,12,Villanova Wildcats ,Villanova,Villanova,Chris's 2020 sheets matched to Sleeper points
2020,NCAA BIG SKY,519431936523956224,3,William & Mary,1,William & Mary,William & Mary,William & Mary,Chris's 2020 sheets matched to Sleeper points
2020,NCAA BIG SKY,519431936523956224,4,Eastern Washington,8,Eastern Washington ,Eastern Washington,Eastern Washington,Chris's 2021 draft-order list + name map
2020,NCAA BIG SKY,519431936523956224,5,Stony Brook,7,Stony Brook Seawolves,Stony Brook,Stony Brook,Chris's 2020 sheets matched to Sleeper points
2020,NCAA BIG SKY,519431936523956224,6,Montana State,3,Montana State,Montana State,Montana State,Chris's 2020 sheets matched to Sleeper points
2020,NCAA BIG SKY,519431936523956224,7,Richmond,4,Richmond,Richmond,Richmond,Chris's 2020 sheets matched to Sleeper points
2020,NCAA BIG SKY,519431936523956224,8,Portland State,6,Portland State,Portland State,Portland State,Chris's 2021 draft-order list + name map
2020,NCAA BIG SKY,519431936523956224,9,Weber State,5,Weber State,Weber State,Weber State,Chris's 2020 sheets matched to Sleeper points
2020,NCAA BIG SKY,519431936523956224,10,Northern Iowa,9,Nothern Iowa ,Northern Iowa,Northern Iowa,Chris's 2020 sheets matched to Sleeper points
2020,NCAA BIG SKY,519431936523956224,11,Maine,11,Maine,Maine,Maine,Chris's 2020 sheets matched to Sleeper points
2020,NCAA BIG SKY,519431936523956224,12,Youngstown State,2,Youngstown St.,Youngstown State,Youngstown State,Chris's 2020 sheets matched to Sleeper points
2020,NCAA HISTORICALLY BLACK,519412020617998336,1,North Carolina A&T,10,North Carolina A&T,North Carolina A&T,North Carolina A&T,Chris's 2020 sheets matched to Sleeper points
2020,NCAA HISTORICALLY BLACK,519412020617998336,2,Alabama A&M,7,Alabama A&M,Alabama A&M,Alabama A&M,Chris's 2020 sheets matched to Sleeper points
2020,NCAA HISTORICALLY BLACK,519412020617998336,3,Delaware State,8,Delaware State,Delaware State,Delaware State,Chris's 2020 sheets matched to Sleeper points
2020,NCAA HISTORICALLY BLACK,519412020617998336,4,Southern,1,Southern ,Southern,Southern,Chris's 2020 sheets matched to Sleeper points
2020,NCAA HISTORICALLY BLACK,519412020617998336,5,Florida A&M,2,Florida A&M,Florida A&M,Florida A&M,Chris's 2020 sheets matched to Sleeper points
2020,NCAA HISTORICALLY BLACK,519412020617998336,6,Howard,9,Howard,Howard,Howard,Chris's 2020 sheets matched to Sleeper points
2020,NCAA HISTORICALLY BLACK,519412020617998336,7,Mississippi Valley State,12,MVSU Delta Devils,Mississippi Valley State,Mississippi Valley State,Chris's 2020 sheets matched to Sleeper points
2020,NCAA HISTORICALLY BLACK,519412020617998336,8,Alcorn State,3,Alcorn,Alcorn State,Alcorn State,Chris's 2020 sheets matched to Sleeper points
2020,NCAA HISTORICALLY BLACK,519412020617998336,9,Bethune-Cookman,4,Bethune-Cookman,Bethune - Cookman,Bethune - Cookman,Chris's 2020 sheets matched to Sleeper points
2020,NCAA HISTORICALLY BLACK,519412020617998336,10,Hampton,11,Hampton,Jackson State,Jackson State,Chris's 2020 sheets matched to Sleeper points
2020,NCAA HISTORICALLY BLACK,519412020617998336,11,Tuskegee,5,Tuskegee,Tuskegee,Tuskegee,Chris's 2020 sheets matched to Sleeper points
2020,NCAA HISTORICALLY BLACK,519412020617998336,12,Grambling State,6,Grambling State,Grambling State,Grambling State,Chris's 2020 sheets matched to Sleeper points
2020,NCAA IVY,519109907858935808,1,Brown,3,Brown,Brown,Brown,Chris's 2020 sheets matched to Sleeper points
2020,NCAA IVY,519109907858935808,2,Harvard,10,Harvard,Harvard,Harvard,Chris's 2020 sheets matched to Sleeper points
2020,NCAA IVY,519109907858935808,3,Bucknell,8,Bucknell ,Bucknell,Bucknell,Chris's 2020 sheets matched to Sleeper points
2020,NCAA IVY,519109907858935808,4,Columbia,7,Columbia ,Columbia,Columbia,Chris's 2021 draft-order list + name map
2020,NCAA IVY,519109907858935808,5,Georgetown,6,Georgetown,Georgetown,Georgetown,Chris's 2020 sheets matched to Sleeper points
2020,NCAA IVY,519109907858935808,6,Lehigh,11,Lehigh,Lehigh,Lehigh,Chris's 2020 sheets matched to Sleeper points
2020,NCAA IVY,519109907858935808,7,Penn,12,Penn,Penn,Penn,Chris's 2020 sheets matched to Sleeper points
2020,NCAA IVY,519109907858935808,8,Colgate,2,Colgate,Colgate,Colgate,Chris's 2020 sheets matched to Sleeper points
2020,NCAA IVY,519109907858935808,9,Yale,9,Yale,Yale,Yale,Chris's 2020 sheets matched to Sleeper points
2020,NCAA IVY,519109907858935808,10,Princeton,5,,Princeton,Princeton,Chris's 2020 sheets matched to Sleeper points
2020,NCAA IVY,519109907858935808,11,Dartmouth,1,Dartmouth,Dartmouth,Dartmouth,Chris's 2020 sheets matched to Sleeper points
2020,NCAA IVY,519109907858935808,12,Cornell,4,Cornell Big Red,Cornell,Cornell,Chris's 2020 sheets matched to Sleeper points
2020,NCAA MOUNTAIN WEST,519113931987255296,1,Hawaii,1,Hawaii,Hawaii,Hawaii,Chris's 2020 sheets matched to Sleeper points
2020,NCAA MOUNTAIN WEST,519113931987255296,2,Boise State,3,Boise State,Boise State,Boise State,Chris's 2020 sheets matched to Sleeper points
2020,NCAA MOUNTAIN WEST,519113931987255296,3,Wyoming,10,Wyoming,Wyoming,Wyoming,Chris's 2020 sheets matched to Sleeper points
2020,NCAA MOUNTAIN WEST,519113931987255296,4,Fresno State,8,Fresno State,Air Force,Fresno State,Chris's 2020 sheets matched to Sleeper points
2020,NCAA MOUNTAIN WEST,519113931987255296,5,Utah State,12,Utah State,Utah State,Utah State,Chris's 2020 sheets matched to Sleeper points
2020,NCAA MOUNTAIN WEST,519113931987255296,6,BYU,6,BYU,BYU,BYU,Chris's 2020 sheets matched to Sleeper points
2020,NCAA MOUNTAIN WEST,519113931987255296,7,Idaho,5,Idaho Potatoes ,Fresno State,Fresno State,Chris's 2020 sheets matched to Sleeper points
2020,NCAA MOUNTAIN WEST,519113931987255296,8,Colorado State,7,Colorado State,Colorado State,Colorado State,Chris's 2020 sheets matched to Sleeper points
2020,NCAA MOUNTAIN WEST,519113931987255296,9,New Mexico,2,New Mexico,New Mexico,New Mexico,Chris's 2020 sheets matched to Sleeper points
2020,NCAA MOUNTAIN WEST,519113931987255296,10,Nevada,11,Nevada,Nevada,Nevada,Chris's 2020 sheets matched to Sleeper points
2020,NCAA MOUNTAIN WEST,519113931987255296,11,UNLV,4,UNLV,UNLV,UNLV,Chris's 2020 sheets matched to Sleeper points
2020,NCAA MOUNTAIN WEST,519113931987255296,12,San Diego State,9,San Diego State,San Diego State,San Diego State,Chris's 2021 draft-order list + name map
2020,NCAA PAC 12,519108145819570176,1,Arizona,9,Arizona,Arizona,Arizona,Chris's 2020 sheets matched to Sleeper points
2020,NCAA PAC 12,519108145819570176,2,USC,6,,USC,USC,Chris's 2020 sheets matched to Sleeper points
2020,NCAA PAC 12,519108145819570176,3,Oregon State,7,Oregon State,Oregon State,Oregon State,Chris's 2020 sheets matched to Sleeper points
2020,NCAA PAC 12,519108145819570176,4,Washington State,10,Washington State,Washington State,Washington State,Chris's 2020 sheets matched to Sleeper points
2020,NCAA PAC 12,519108145819570176,5,Stanford,4,Stanford,Stanford,Stanford,Chris's 2020 sheets matched to Sleeper points
2020,NCAA PAC 12,519108145819570176,6,Washington,8,,Washington,Washington,Chris's 2020 sheets matched to Sleeper points
2020,NCAA PAC 12,519108145819570176,7,Arizona State,2,Arizona State,Arizona State,Arizona State,Chris's 2020 sheets matched to Sleeper points
2020,NCAA PAC 12,519108145819570176,8,Colorado,1,,Colorado,Colorado,Chris's 2020 sheets matched to Sleeper points
2020,NCAA PAC 12,519108145819570176,9,Oregon,5,Oregon,Oregon,Oregon,Chris's 2021 draft-order list + name map
2020,NCAA PAC 12,519108145819570176,10,California,11,California,California,California,Chris's 2020 sheets matched to Sleeper points
2020,NCAA PAC 12,519108145819570176,11,Utah,12,University of Utah,Utah,Utah,Chris's 2020 sheets matched to Sleeper points
2020,NCAA PAC 12,519108145819570176,12,UCLA,3,UCLA,UCLA,UCLA,Chris's 2020 sheets matched to Sleeper points
2020,NCAA PIONEER,519446956439826432,1,Wofford,9,Wofford Terriers,Wofford,Wofford,Chris's 2020 sheets matched to Sleeper points
2020,NCAA PIONEER,519446956439826432,2,Holy Cross,1,Holy Cross,Holy Cross,Holy Cross,Chris's 2020 sheets matched to Sleeper points
2020,NCAA PIONEER,519446956439826432,3,Murray State,6,Murray St.,Murray State,Murray State,Chris's 2020 sheets matched to Sleeper points
2020,NCAA PIONEER,519446956439826432,4,Butler,2,Butler Bulldogs,Butler,Butler,Chris's 2020 sheets matched to Sleeper points
2020,NCAA PIONEER,519446956439826432,5,Tennessee State,8,Tennessee State,Tennessee State,Tennessee State,Chris's 2021 draft-order list + name map
2020,NCAA PIONEER,519446956439826432,6,SE Missouri State,12,SE Missouri State,SE Missouri State,SE Missouri State,Chris's 2020 sheets matched to Sleeper points
2020,NCAA PIONEER,519446956439826432,7,Dayton,4,,Dayton,Dayton,Chris's 2020 sheets matched to Sleeper points
2020,NCAA PIONEER,519446956439826432,8,Campbell,11,Campbell Fightin Camels,Campbell,Campbell,Chris's 2020 sheets matched to Sleeper points
2020,NCAA PIONEER,519446956439826432,9,Austin Peay,3,Austin Peay,Austin Peay,Austin Peay,Chris's 2020 sheets matched to Sleeper points
2020,NCAA PIONEER,519446956439826432,10,Furman,10,Furman,Furman,Furman,Chris's 2020 sheets matched to Sleeper points
2020,NCAA PIONEER,519446956439826432,11,UT Martin,5,UT Martin,UT Martin,UT Martin,Chris's 2020 sheets matched to Sleeper points
2020,NCAA PIONEER,519446956439826432,12,Davidson,7,Davidson Wildcats,Davidson,Davidson,Chris's 2020 sheets matched to Sleeper points
2020,NCAA SEC,520081942477230080,1,Florida,3,Florida ,Florida,Florida,Chris's 2020 sheets matched to Sleeper points
2020,NCAA SEC,520081942477230080,2,LSU,5,LSU,LSU,LSU,Chris's 2020 sheets matched to Sleeper points
2020,NCAA SEC,520081942477230080,3,Tennessee,9,Tennessee,Tennessee,Tennessee,Chris's 2020 sheets matched to Sleeper points
2020,NCAA SEC,520081942477230080,4,Auburn,10,Auburn,Auburn,Auburn,Chris's 2021 draft-order list + name map
2020,NCAA SEC,520081942477230080,5,Ole Miss,11,Ole Miss,Ole Miss,Ole Miss,Chris's 2020 sheets matched to Sleeper points
2020,NCAA SEC,520081942477230080,6,Mississippi State,7,Mississippi State,Mississippi State,Mississippi State,Chris's 2020 sheets matched to Sleeper points
2020,NCAA SEC,520081942477230080,7,Georgia,1,Georgia Bulldogs,Georgia,Georgia,Chris's 2020 sheets matched to Sleeper points
2020,NCAA SEC,520081942477230080,8,South Carolina,4,South Carolina Gamecocks,Kentucky,South Carolina,Chris's 2020 sheets matched to Sleeper points
2020,NCAA SEC,520081942477230080,9,Vanderbilt,12,Vanderbilt Commodores,Vanderbilt,Vanderbilt,Chris's 2020 sheets matched to Sleeper points
2020,NCAA SEC,520081942477230080,10,Kentucky,8,Kentucky,South Carolina,Kentucky,Chris's 2020 sheets matched to Sleeper points
2020,NCAA SEC,520081942477230080,11,Alabama,6,Alabama,Alabama,Alabama,Chris's 2020 sheets matched to Sleeper points
2020,NCAA SEC,520081942477230080,12,Arkansas,2,Arkansas,Arkansas,Arkansas,Chris's 2020 sheets matched to Sleeper points
2020,NCAA SOUTHLAND,552229388243996672,1,McNeese State,3,McNeese state,(league not in Teams.csv),,Chris's 2020 sheets matched to Sleeper points
2020,NCAA SOUTHLAND,552229388243996672,2,Presbyterian,10,Prysbyterian,(league not in Teams.csv),,Chris's 2020 sheets matched to Sleeper points
2020,NCAA SOUTHLAND,552229388243996672,3,Stephen F. Austin,9,Stephen F. Austin,(league not in Teams.csv),,Chris's 2020 sheets matched to Sleeper points
2020,NCAA SOUTHLAND,552229388243996672,4,FGCU,8,Florida Gulf Coast,(league not in Teams.csv),,Chris's 2020 sheets matched to Sleeper points
2020,NCAA SOUTHLAND,552229388243996672,5,Sam Houston State,11,Sam Houston State,(league not in Teams.csv),,Chris's 2020 sheets matched to Sleeper points
2020,NCAA SOUTHLAND,552229388243996672,6,Lamar,7,Lamar,(league not in Teams.csv),,Chris's 2020 sheets matched to Sleeper points
2020,NCAA SOUTHLAND,552229388243996672,7,Southeastern Louisiana,4,S.E.L,(league not in Teams.csv),,Chris's 2020 sheets matched to Sleeper points
2020,NCAA SOUTHLAND,552229388243996672,8,Dixie State,12,Dixie State,(league not in Teams.csv),,Chris's 2020 sheets matched to Sleeper points
2020,NCAA SOUTHLAND,552229388243996672,9,Houston Baptist,2,Houston Baptist,(league not in Teams.csv),,Chris's 2020 sheets matched to Sleeper points
2020,NCAA SOUTHLAND,552229388243996672,10,Northwestern State,1,North Western State,(league not in Teams.csv),,Chris's 2020 sheets matched to Sleeper points
2020,NCAA SOUTHLAND,552229388243996672,11,Nicholls State,6,Nicholls state,(league not in Teams.csv),,Chris's 2020 sheets matched to Sleeper points
2020,NCAA SOUTHLAND,552229388243996672,12,Incarnate Word,5,Incarnate Word,(league not in Teams.csv),,Chris's 2020 sheets matched to Sleeper points
2020,NCAA SUN BELT,519113796658036736,1,Temple,7,Temple,Temple,Temple,Chris's 2020 sheets matched to Sleeper points
2020,NCAA SUN BELT,519113796658036736,2,UTEP,8,UTEP,UTEP,UTEP,Chris's 2020 sheets matched to Sleeper points
2020,NCAA SUN BELT,519113796658036736,3,Tulane,11,Tulane,Tulane,Tulane,Chris's 2020 sheets matched to Sleeper points
2020,NCAA SUN BELT,519113796658036736,4,Rice,12,,Rice,Rice,Chris's 2020 sheets matched to Sleeper points
2020,NCAA SUN BELT,519113796658036736,5,Marshall,1,Marshall,Marshall,Marshall,Chris's 2020 sheets matched to Sleeper points
2020,NCAA SUN BELT,519113796658036736,6,Tulsa,3,Tulsa ,Tulsa,Tulsa,Chris's 2020 sheets matched to Sleeper points
2020,NCAA SUN BELT,519113796658036736,7,Georgia Southern,2,Georgia Southern,Georgia Southern,Georgia Southern,Chris's 2020 sheets matched to Sleeper points
2020,NCAA SUN BELT,519113796658036736,8,Memphis,4,Memphis,Memphis,Memphis,Chris's 2020 sheets matched to Sleeper points
2020,NCAA SUN BELT,519113796658036736,9,Southern Miss,9,Southern Miss,Southern Miss,Southern Miss,Chris's 2020 sheets matched to Sleeper points
2020,NCAA SUN BELT,519113796658036736,10,UAB,5,UAB,UAB,UAB,Chris's 2020 sheets matched to Sleeper points
2020,NCAA SUN BELT,519113796658036736,11,Louisiana Tech,10,LA Tech,Louisiana Tech,Louisiana Tech,Chris's 2020 sheets matched to Sleeper points
2020,NCAA SUN BELT,519113796658036736,12,UTSA,6,UTSA,UTSA,UTSA,Chris's 2020 sheets matched to Sleeper points
2020,NCAA USA,519398167841558528,1,Troy,12,Troy,Troy,Troy,Chris's 2021 draft-order list + name map
2020,NCAA USA,519398167841558528,2,North Texas,5,North Texas,North Texas,North Texas,Chris's 2020 sheets matched to Sleeper points
2020,NCAA USA,519398167841558528,3,Florida Atlantic,10,FAU,Florida Atlantic,Florida Atlantic,Chris's 2020 sheets matched to Sleeper points
2020,NCAA USA,519398167841558528,4,Florida International,4,Motley Cruz,South Alabama,South Alabama,Chris's 2020 sheets matched to Sleeper points
2020,NCAA USA,519398167841558528,5,Georgia State,6,Georgia state,Georgia State,Georgia State,Chris's 2020 sheets matched to Sleeper points
2020,NCAA USA,519398167841558528,6,Western Kentucky,2,Western Kentucky,Western Kentucky,Western Kentucky,Chris's 2020 sheets matched to Sleeper points
2020,NCAA USA,519398167841558528,7,Middle Tennessee State,7,Middle Tennessee,Middle Tennessee State,Middle Tennessee State,Chris's 2020 sheets matched to Sleeper points
2020,NCAA USA,519398167841558528,8,Arkansas State,9,Arkansas State,Arkansas State,Arkansas State,Chris's 2020 sheets matched to Sleeper points
2020,NCAA USA,519398167841558528,9,Texas State,8,Texas State ,Texas State,Texas State,Chris's 2020 sheets matched to Sleeper points
2020,NCAA USA,519398167841558528,10,Louisiana Monroe,3,Louisiana Monroe,Florida International,Louisiana Monroe,Chris's 2020 sheets matched to Sleeper points
2020,NCAA USA,519398167841558528,11,South Alabama,11,South Alabama,Louisiana,South Alabama,Chris's 2020 sheets matched to Sleeper points
2020,NCAA USA,519398167841558528,12,Louisiana,1,Oouisiana,Louisiana Monroe,Louisiana,Chris's 2020 sheets matched to Sleeper points
2020,NCAA WILD,519112491566792704,1,Montana,5,Montana,Montana,Montana,Chris's 2020 sheets matched to Sleeper points
2020,NCAA WILD,519112491566792704,2,James Madison,6,James Madison,James Madison,James Madison,Chris's 2020 sheets matched to Sleeper points
2020,NCAA WILD,519112491566792704,3,North Dakota State,11,ND state ,North Dakota State,North Dakota State,Chris's 2020 sheets matched to Sleeper points
2020,NCAA WILD,519112491566792704,4,Central Michigan,3,Central Michigan,Central Michigan,Central Michigan,Chris's 2020 sheets matched to Sleeper points
2020,NCAA WILD,519112491566792704,5,Wichita State,8,Wichita State,Wichita State,Wichita State,Chris's 2020 sheets matched to Sleeper points
2020,NCAA WILD,519112491566792704,6,Eastern Michigan,1,Eastern Michigan,Eastern Michigan,Eastern Michigan,Chris's 2020 sheets matched to Sleeper points
2020,NCAA WILD,519112491566792704,7,San Jose State,7,San jose,San Jose State,San Jose State,Chris's 2020 sheets matched to Sleeper points
2020,NCAA WILD,519112491566792704,8,Citadel,12,The Citadel,Citadel,Citadel,Chris's 2020 sheets matched to Sleeper points
2020,NCAA WILD,519112491566792704,9,Central Arkansas,9,Central Arkansas ,Central Arkansas,Central Arkansas,Chris's 2020 sheets matched to Sleeper points
2020,NCAA WILD,519112491566792704,10,Old Dominion,2,Old dominion,Old Dominion,Old Dominion,Chris's 2020 sheets matched to Sleeper points
2020,NCAA WILD,519112491566792704,11,South Dakota,4,South Dakota,South Dakota,South Dakota,Chris's 2020 sheets matched to Sleeper points
2020,NCAA WILD,519112491566792704,12,UNC Charlotte,10,UNC Charlotte,UNC Charlotte,UNC Charlotte,Chris's 2020 sheets matched to Sleeper points
